objeto,config,ley,r_as,media_flujo,fraccion_visible
M104,18a66_212,A,2.0,3.774e-7,1.000
M104,18a66_212,A,10.0,1.278e-7,1.000
M104,18a66_212,A,14.0,6.373e-8,1.000
M104,18a66_212,A,18.0,4.083e-8,1.000
M104,18a66_212,A,22.0,2.798e-8,1.000
M104,18a66_212,A,26.0,2.658e-8,1.000
M104,18a66_212,A,30.0,2.438e-8,1.000
M104,18a66_212,A,34.0,1.913e-8,1.000
M104,18a66_212,A,38.0,1.491e-8,1.000
M104,18a66_212,A,42.0,1.194e-8,1.000
M104,18a66_212,A,46.0,1.336e-8,1.000
M104,18a66_212,A,50.0,1.064e-8,1.000
M104,18a66_212,A,54.0,8.335e-9,1.000
M104,18a66_212,A,58.0,7.365e-9,1.000
M104,18a66_212,A,62.0,6.800e-9,1.000
M104,18a66_212,A,66.0,6.045e-9,1.000
M104,18a66_212,A,70.0,4.455e-9,1.000
M104,18a66_212,A,74.0,3.868e-9,1.000
M104,18a66_212,A,78.0,4.450e-9,1.000
M104,18a66_212,A,82.0,5.407e-9,1.000
M104,18a66_212,A,86.0,2.891e-9,1.000
M104,18a66_212,A,90.0,1.685e-9,1.000
M104,18a66_212,A,94.0,2.383e-9,1.000
M104,18a66_212,A,98.0,2.247e-9,1.000
M104,18a66_212,A,102.0,1.551e-9,1.000
M104,18a66_212,A,106.0,8.574e-10,0.988
M104,18a66_212,A,110.0,1.345e-9,0.990
M104,18a66_212,A,114.0,1.096e-9,0.902
M104,18a66_212,A,118.0,9.845e-10,0.891
M104,18a66_212,A,122.0,4.014e-10,0.824
M104,18a66_212,A,126.0,6.767e-10,0.735
M104,18a66_212,A,130.0,6.465e-10,0.611
M104,18a66_212,A,134.0,5.591e-10,0.542
M104,18a66_212,A,138.0,1.338e-10,0.483
M104,18a66_212,A,142.0,4.126e-10,0.419
M104,18a66_212,A,146.0,3.706e-10,0.402
M104,18a66_212,A,150.0,2.542e-10,0.289
M104,18a66_212,A,154.0,4.392e-11,0.202
M104,18a66_212,A,158.0,1.885e-10,0.243
M104,18a66_212,A,162.0,1.516e-10,0.250
M104,18a66_212,A,166.0,9.581e-11,0.194
M104,18a66_212,A,170.0,8.689e-10,0.202
M104,18a66_212,A,174.0,5.877e-11,0.202
M104,18a66_212,A,178.0,1.973e-10,0.165
M104,18a66_212,A,182.0,1.949e-11,0.133
M104,18a66_212,A,186.0,4.639e-12,0.056
M104,18a66_212,A,190.0,3.512e-11,0.106
M104,18a66_212,A,194.0,1.051e-11,0.080
M104,18a66_212,A,198.0,5.808e-11,0.030
M104,18a66_212,A,202.0,6.649e-12,0.017
M104,18a66_212,A,206.0,1.278e-11,0.044
M104,18a66_212,A,210.0,3.539e-12,0.045
M104,18a66_212,A,214.0,3.300e-11,0.031
M104,18a66_212,A,218.0,2.269e-11,0.048
M104,18a66_212,A,222.0,8.843e-11,0.054
M104,18a66_212,A,226.0,1.155e-9,0.069
M104,18a66_212,A,230.0,1.130e-9,0.068
M104,18a66_212,A,234.0,7.106e-10,0.048
M104,18a66_212,A,238.0,1.166e-10,0.064
M104,18a66_212,A,242.0,2.596e-11,0.048
M104,18a66_212,A,246.0,3.429e-11,0.051
M104,18a66_212,A,250.0,3.651e-11,0.049
M104,18a66_212,A,254.0,4.079e-11,0.033
M104,18a66_212,A,258.0,7.133e-10,0.021
M104,18a66_212,A,262.0,2.232e-12,0.018
M104,18a66_212,A,266.0,1.712e-13,0.021
M104,18a66_212,A,270.0,7.617e-12,0.025
M104,18a66_212,A,274.0,9.964e-12,0.028
M104,18a66_212,A,278.0,5.020e-11,0.024
M104,18a66_212,A,282.0,2.530e-12,0.020
M104,18a66_212,A,286.0,6.487e-12,0.013
M104,18a66_212,A,290.0,1.202e-12,0.011
M104,18a66_212,A,294.0,1.031e-13,0.014
M104,18a66_212,A,298.0,5.807e-13,0.021
M104,18a66_212,A,302.0,1.364e-11,0.017
M104,18a66_212,A,306.0,9.330e-10,0.044
M104,18a66_212,A,310.0,4.991e-11,0.065
M104,18a66_212,A,314.0,2.191e-11,0.063
M104,18a66_212,A,318.0,2.559e-9,0.051
M104,18a66_212,A,322.0,5.314e-11,0.048
M104,18a66_212,A,326.0,1.199e-11,0.042
M104,18a66_212,A,330.0,2.502e-12,0.030
M104,18a66_212,A,334.0,3.943e-14,0.029
M104,18a66_212,A,338.0,1.056e-13,0.030
M104,18a66_212,A,342.0,4.941e-12,0.025
M104,18a66_212,A,346.0,3.582e-11,0.026
M104,18a66_212,A,350.0,3.818e-11,0.040
M104,18a66_212,A,354.0,3.511e-11,0.023
M104,18a66_212,A,358.0,2.458e-11,0.036
M104,18a66_212,A,362.0,1.030e-13,0.026
M104,18a66_212,A,366.0,2.232e-13,0.032
M104,18a66_212,A,370.0,2.074e-12,0.025
M104,18a66_212,A,374.0,1.221e-10,0.024
M104,18a66_212,A,378.0,3.541e-12,0.027
M104,18a66_212,A,382.0,6.080e-11,0.034
M104,18a66_212,A,386.0,2.842e-11,0.035
M104,18a66_212,A,390.0,4.647e-12,0.013
M104,18a66_212,A,394.0,1.374e-12,0.008
M104,18a66_212,A,398.0,5.217e-12,0.018
M104,18a66_212,A,402.0,4.316e-13,0.017
M104,18a66_212,A,406.0,1.029e-11,0.035
M104,18a66_212,A,410.0,2.419e-10,0.048
M104,18a66_212,A,414.0,2.826e-10,0.045
M104,18a66_212,A,418.0,1.650e-10,0.050
M104,18a66_212,A,422.0,1.235e-9,0.041
M104,18a66_212,A,426.0,1.545e-9,0.026
M104,18a66_212,A,430.0,2.195e-10,0.029
M104,18a66_212,A,434.0,3.902e-11,0.022
M104,18a66_212,A,438.0,2.235e-11,0.015
M104,18a66_212,A,442.0,7.765e-12,0.020
M104,18a66_212,A,446.0,3.619e-12,0.013
M104,18a66_212,A,450.0,6.981e-12,0.007
M104,18a66_212,A,458.0,7.251e-13,0.002
M104,18a66_212,A,466.0,1.168e-13,0.002
M104,18a66_212,A,482.0,2.131e-12,0.002
M104,18a66_212,A,486.0,7.971e-13,0.004
M104,18a66_212,A,510.0,1.396e-11,0.002
M104,18a66_212,A,518.0,1.782e-14,0.002
M104,18a66_212,A,546.0,2.041e-14,0.002
M104,18a66_212,B,2.0,3.774e-7,1.000
M104,18a66_212,B,10.0,1.278e-7,1.000
M104,18a66_212,B,14.0,6.373e-8,1.000
M104,18a66_212,B,18.0,4.083e-8,1.000
M104,18a66_212,B,22.0,2.798e-8,1.000
M104,18a66_212,B,26.0,2.658e-8,1.000
M104,18a66_212,B,30.0,2.438e-8,1.000
M104,18a66_212,B,34.0,1.913e-8,1.000
M104,18a66_212,B,38.0,1.491e-8,1.000
M104,18a66_212,B,42.0,1.194e-8,1.000
M104,18a66_212,B,46.0,1.336e-8,1.000
M104,18a66_212,B,50.0,1.064e-8,1.000
M104,18a66_212,B,54.0,8.374e-9,1.000
M104,18a66_212,B,58.0,7.424e-9,1.000
M104,18a66_212,B,62.0,6.880e-9,1.000
M104,18a66_212,B,66.0,6.162e-9,1.000
M104,18a66_212,B,70.0,4.591e-9,1.000
M104,18a66_212,B,74.0,4.005e-9,1.000
M104,18a66_212,B,78.0,4.569e-9,1.000
M104,18a66_212,B,82.0,5.537e-9,1.000
M104,18a66_212,B,86.0,3.019e-9,1.000
M104,18a66_212,B,90.0,1.806e-9,1.000
M104,18a66_212,B,94.0,2.482e-9,1.000
M104,18a66_212,B,98.0,2.345e-9,1.000
M104,18a66_212,B,102.0,1.656e-9,1.000
M104,18a66_212,B,106.0,9.519e-10,1.000
M104,18a66_212,B,110.0,1.419e-9,1.000
M104,18a66_212,B,114.0,1.165e-9,0.991
M104,18a66_212,B,118.0,1.052e-9,0.924
M104,18a66_212,B,122.0,4.635e-10,0.870
M104,18a66_212,B,126.0,7.259e-10,0.824
M104,18a66_212,B,130.0,6.870e-10,0.731
M104,18a66_212,B,134.0,5.978e-10,0.642
M104,18a66_212,B,138.0,1.655e-10,0.578
M104,18a66_212,B,142.0,4.406e-10,0.478
M104,18a66_212,B,146.0,4.007e-10,0.455
M104,18a66_212,B,150.0,2.782e-10,0.383
M104,18a66_212,B,154.0,5.547e-11,0.266
M104,18a66_212,B,158.0,2.116e-10,0.285
M104,18a66_212,B,162.0,1.764e-10,0.284
M104,18a66_212,B,166.0,1.121e-10,0.244
M104,18a66_212,B,170.0,8.764e-10,0.258
M104,18a66_212,B,174.0,7.113e-11,0.220
M104,18a66_212,B,178.0,2.059e-10,0.177
M104,18a66_212,B,182.0,2.547e-11,0.172
M104,18a66_212,B,186.0,6.853e-12,0.076
M104,18a66_212,B,190.0,4.197e-11,0.122
M104,18a66_212,B,194.0,1.430e-11,0.114
M104,18a66_212,B,198.0,5.987e-11,0.067
M104,18a66_212,B,202.0,7.895e-12,0.017
M104,18a66_212,B,206.0,1.521e-11,0.044
M104,18a66_212,B,210.0,4.694e-12,0.065
M104,18a66_212,B,214.0,3.329e-11,0.031
M104,18a66_212,B,218.0,2.304e-11,0.048
M104,18a66_212,B,222.0,8.965e-11,0.054
M104,18a66_212,B,226.0,1.155e-9,0.069
M104,18a66_212,B,230.0,1.131e-9,0.068
M104,18a66_212,B,234.0,7.113e-10,0.048
M104,18a66_212,B,238.0,1.177e-10,0.068
M104,18a66_212,B,242.0,2.661e-11,0.052
M104,18a66_212,B,246.0,3.498e-11,0.051
M104,18a66_212,B,250.0,3.893e-11,0.049
M104,18a66_212,B,254.0,4.158e-11,0.033
M104,18a66_212,B,258.0,7.151e-10,0.021
M104,18a66_212,B,262.0,2.487e-12,0.018
M104,18a66_212,B,266.0,1.902e-13,0.030
M104,18a66_212,B,270.0,8.681e-12,0.033
M104,18a66_212,B,274.0,1.156e-11,0.040
M104,18a66_212,B,278.0,5.080e-11,0.032
M104,18a66_212,B,282.0,3.014e-12,0.028
M104,18a66_212,B,286.0,7.415e-12,0.013
M104,18a66_212,B,290.0,1.492e-12,0.011
M104,18a66_212,B,294.0,1.033e-13,0.014
M104,18a66_212,B,298.0,6.289e-13,0.025
M104,18a66_212,B,302.0,1.366e-11,0.017
M104,18a66_212,B,306.0,9.351e-10,0.044
M104,18a66_212,B,310.0,5.027e-11,0.065
M104,18a66_212,B,314.0,2.236e-11,0.066
M104,18a66_212,B,318.0,2.560e-9,0.051
M104,18a66_212,B,322.0,5.492e-11,0.048
M104,18a66_212,B,326.0,1.310e-11,0.042
M104,18a66_212,B,330.0,3.032e-12,0.034
M104,18a66_212,B,334.0,5.006e-14,0.029
M104,18a66_212,B,338.0,1.832e-13,0.033
M104,18a66_212,B,342.0,5.979e-12,0.025
M104,18a66_212,B,346.0,3.613e-11,0.032
M104,18a66_212,B,350.0,3.877e-11,0.051
M104,18a66_212,B,354.0,3.560e-11,0.034
M104,18a66_212,B,358.0,2.567e-11,0.039
M104,18a66_212,B,362.0,1.251e-13,0.029
M104,18a66_212,B,366.0,3.900e-13,0.049
M104,18a66_212,B,370.0,2.589e-12,0.039
M104,18a66_212,B,374.0,1.224e-10,0.034
M104,18a66_212,B,378.0,4.121e-12,0.036
M104,18a66_212,B,382.0,6.244e-11,0.046
M104,18a66_212,B,386.0,2.993e-11,0.043
M104,18a66_212,B,390.0,5.409e-12,0.016
M104,18a66_212,B,394.0,1.641e-12,0.011
M104,18a66_212,B,398.0,6.141e-12,0.021
M104,18a66_212,B,402.0,5.084e-13,0.022
M104,18a66_212,B,406.0,1.139e-11,0.043
M104,18a66_212,B,410.0,2.429e-10,0.059
M104,18a66_212,B,414.0,2.841e-10,0.048
M104,18a66_212,B,418.0,1.653e-10,0.052
M104,18a66_212,B,422.0,1.236e-9,0.049
M104,18a66_212,B,426.0,1.545e-9,0.034
M104,18a66_212,B,430.0,2.199e-10,0.029
M104,18a66_212,B,434.0,3.939e-11,0.022
M104,18a66_212,B,438.0,2.253e-11,0.017
M104,18a66_212,B,442.0,8.619e-12,0.020
M104,18a66_212,B,446.0,4.365e-12,0.016
M104,18a66_212,B,450.0,7.933e-12,0.010
M104,18a66_212,B,458.0,9.056e-13,0.002
M104,18a66_212,B,466.0,2.163e-13,0.002
M104,18a66_212,B,482.0,2.463e-12,0.002
M104,18a66_212,B,486.0,1.058e-12,0.004
M104,18a66_212,B,510.0,1.396e-11,0.002
M104,18a66_212,B,518.0,9.126e-14,0.002
M104,18a66_212,B,546.0,9.553e-14,0.002
M104,18a158_212,A,2.0,4.400e-7,1.000
M104,18a158_212,A,6.0,1.910e-7,1.000
M104,18a158_212,A,10.0,1.058e-7,1.000
M104,18a158_212,A,14.0,6.237e-8,1.000
M104,18a158_212,A,18.0,4.101e-8,1.000
M104,18a158_212,A,22.0,3.084e-8,1.000
M104,18a158_212,A,26.0,2.673e-8,1.000
M104,18a158_212,A,30.0,2.112e-8,1.000
M104,18a158_212,A,34.0,1.951e-8,1.000
M104,18a158_212,A,38.0,1.597e-8,1.000
M104,18a158_212,A,42.0,1.392e-8,1.000
M104,18a158_212,A,46.0,1.174e-8,1.000
M104,18a158_212,A,50.0,9.520e-9,1.000
M104,18a158_212,A,54.0,9.047e-9,1.000
M104,18a158_212,A,58.0,7.832e-9,1.000
M104,18a158_212,A,62.0,6.759e-9,0.994
M104,18a158_212,A,66.0,5.817e-9,1.000
M104,18a158_212,A,70.0,4.812e-9,1.000
M104,18a158_212,A,74.0,4.521e-9,1.000
M104,18a158_212,A,78.0,4.166e-9,0.998
M104,18a158_212,A,82.0,5.345e-9,1.000
M104,18a158_212,A,86.0,3.882e-9,1.000
M104,18a158_212,A,90.0,2.470e-9,1.000
M104,18a158_212,A,94.0,2.153e-9,1.000
M104,18a158_212,A,98.0,2.011e-9,1.000
M104,18a158_212,A,102.0,1.641e-9,0.998
M104,18a158_212,A,106.0,1.455e-9,1.000
M104,18a158_212,A,110.0,1.180e-9,1.000
M104,18a158_212,A,114.0,1.038e-9,0.998
M104,18a158_212,A,118.0,9.959e-10,0.952
M104,18a158_212,A,122.0,8.526e-10,0.907
M104,18a158_212,A,126.0,7.273e-10,0.845
M104,18a158_212,A,130.0,5.733e-10,0.771
M104,18a158_212,A,134.0,5.226e-10,0.665
M104,18a158_212,A,138.0,6.375e-10,0.565
M104,18a158_212,A,142.0,4.192e-10,0.541
M104,18a158_212,A,146.0,3.258e-10,0.458
M104,18a158_212,A,150.0,2.582e-10,0.390
M104,18a158_212,A,154.0,1.640e-10,0.312
M104,18a158_212,A,158.0,1.822e-10,0.292
M104,18a158_212,A,162.0,1.612e-10,0.280
M104,18a158_212,A,166.0,2.047e-10,0.286
M104,18a158_212,A,170.0,2.240e-10,0.248
M104,18a158_212,A,174.0,7.573e-11,0.214
M104,18a158_212,A,178.0,8.400e-11,0.197
M104,18a158_212,A,182.0,3.012e-11,0.169
M104,18a158_212,A,186.0,2.219e-11,0.147
M104,18a158_212,A,190.0,2.459e-11,0.109
M104,18a158_212,A,194.0,2.044e-11,0.083
M104,18a158_212,A,198.0,9.059e-11,0.083
M104,18a158_212,A,202.0,6.098e-12,0.044
M104,18a158_212,A,206.0,2.136e-11,0.055
M104,18a158_212,A,210.0,7.743e-12,0.044
M104,18a158_212,A,214.0,3.471e-11,0.040
M104,18a158_212,A,218.0,6.202e-11,0.051
M104,18a158_212,A,222.0,3.088e-10,0.060
M104,18a158_212,A,226.0,7.238e-10,0.062
M104,18a158_212,A,230.0,1.294e-9,0.065
M104,18a158_212,A,234.0,2.603e-10,0.065
M104,18a158_212,A,238.0,4.632e-11,0.055
M104,18a158_212,A,242.0,2.043e-11,0.066
M104,18a158_212,A,246.0,3.729e-11,0.058
M104,18a158_212,A,250.0,2.172e-11,0.048
M104,18a158_212,A,254.0,2.080e-10,0.042
M104,18a158_212,A,258.0,7.317e-11,0.022
M104,18a158_212,A,262.0,1.074e-11,0.031
M104,18a158_212,A,266.0,1.954e-12,0.034
M104,18a158_212,A,270.0,5.580e-11,0.038
M104,18a158_212,A,274.0,5.814e-12,0.037
M104,18a158_212,A,278.0,4.274e-11,0.031
M104,18a158_212,A,282.0,4.700e-11,0.023
M104,18a158_212,A,286.0,2.438e-12,0.020
M104,18a158_212,A,290.0,5.018e-12,0.015
M104,18a158_212,A,294.0,3.621e-12,0.017
M104,18a158_212,A,298.0,1.269e-12,0.021
M104,18a158_212,A,302.0,1.909e-11,0.031
M104,18a158_212,A,306.0,8.175e-10,0.048
M104,18a158_212,A,310.0,4.831e-10,0.066
M104,18a158_212,A,314.0,3.421e-10,0.066
M104,18a158_212,A,318.0,1.148e-9,0.067
M104,18a158_212,A,322.0,1.336e-10,0.064
M104,18a158_212,A,326.0,1.645e-11,0.050
M104,18a158_212,A,330.0,6.372e-12,0.049
M104,18a158_212,A,334.0,9.843e-13,0.033
M104,18a158_212,A,338.0,4.743e-12,0.031
M104,18a158_212,A,342.0,5.937e-11,0.035
M104,18a158_212,A,346.0,4.684e-12,0.037
M104,18a158_212,A,350.0,1.565e-10,0.041
M104,18a158_212,A,354.0,4.285e-11,0.040
M104,18a158_212,A,358.0,1.078e-11,0.036
M104,18a158_212,A,362.0,1.006e-13,0.033
M104,18a158_212,A,366.0,1.738e-13,0.031
M104,18a158_212,A,370.0,1.214e-11,0.034
M104,18a158_212,A,374.0,5.684e-11,0.037
M104,18a158_212,A,378.0,1.171e-10,0.039
M104,18a158_212,A,382.0,4.453e-11,0.044
M104,18a158_212,A,386.0,3.106e-11,0.041
M104,18a158_212,A,390.0,1.244e-11,0.024
M104,18a158_212,A,394.0,8.770e-12,0.019
M104,18a158_212,A,398.0,3.377e-13,0.014
M104,18a158_212,A,402.0,2.758e-12,0.031
M104,18a158_212,A,406.0,1.117e-11,0.046
M104,18a158_212,A,410.0,1.081e-10,0.052
M104,18a158_212,A,414.0,7.874e-10,0.051
M104,18a158_212,A,418.0,1.544e-10,0.053
M104,18a158_212,A,422.0,6.152e-10,0.048
M104,18a158_212,A,426.0,7.570e-10,0.033
M104,18a158_212,A,430.0,3.368e-10,0.024
M104,18a158_212,A,434.0,5.709e-11,0.021
M104,18a158_212,A,438.0,1.798e-11,0.018
M104,18a158_212,A,442.0,8.945e-12,0.017
M104,18a158_212,A,446.0,2.014e-12,0.012
M104,18a158_212,A,450.0,1.763e-12,0.009
M104,18a158_212,A,454.0,7.929e-16,0.000
M104,18a158_212,A,458.0,4.711e-12,0.002
M104,18a158_212,A,462.0,2.738e-12,0.002
M104,18a158_212,A,466.0,1.962e-12,0.002
M104,18a158_212,A,470.0,2.424e-13,0.000
M104,18a158_212,A,474.0,7.214e-16,0.000
M104,18a158_212,A,478.0,7.766e-13,0.003
M104,18a158_212,A,482.0,1.940e-12,0.003
M104,18a158_212,A,486.0,1.487e-12,0.003
M104,18a158_212,A,490.0,1.651e-13,0.001
M104,18a158_212,A,494.0,4.438e-13,0.001
M104,18a158_212,A,498.0,1.010e-14,0.000
M104,18a158_212,A,502.0,1.902e-14,0.000
M104,18a158_212,A,510.0,5.779e-12,0.002
M104,18a158_212,A,514.0,4.688e-12,0.001
M104,18a158_212,A,518.0,1.378e-13,0.001
M104,18a158_212,A,522.0,1.453e-14,0.000
M104,18a158_212,A,546.0,2.935e-13,0.000
M104,18a158_212,A,550.0,9.589e-13,0.001
M104,18a158_212,B,2.0,4.400e-7,1.000
M104,18a158_212,B,6.0,1.910e-7,1.000
M104,18a158_212,B,10.0,1.058e-7,1.000
M104,18a158_212,B,14.0,6.237e-8,1.000
M104,18a158_212,B,18.0,4.101e-8,1.000
M104,18a158_212,B,22.0,3.084e-8,1.000
M104,18a158_212,B,26.0,2.673e-8,1.000
M104,18a158_212,B,30.0,2.112e-8,1.000
M104,18a158_212,B,34.0,1.951e-8,1.000
M104,18a158_212,B,38.0,1.597e-8,1.000
M104,18a158_212,B,42.0,1.392e-8,1.000
M104,18a158_212,B,46.0,1.172e-8,1.000
M104,18a158_212,B,50.0,9.440e-9,1.000
M104,18a158_212,B,54.0,8.846e-9,1.000
M104,18a158_212,B,58.0,7.482e-9,1.000
M104,18a158_212,B,62.0,6.319e-9,0.994
M104,18a158_212,B,66.0,5.307e-9,1.000
M104,18a158_212,B,70.0,4.284e-9,1.000
M104,18a158_212,B,74.0,4.001e-9,1.000
M104,18a158_212,B,78.0,3.684e-9,0.998
M104,18a158_212,B,82.0,4.868e-9,1.000
M104,18a158_212,B,86.0,3.447e-9,1.000
M104,18a158_212,B,90.0,2.069e-9,1.000
M104,18a158_212,B,94.0,1.797e-9,1.000
M104,18a158_212,B,98.0,1.683e-9,0.994
M104,18a158_212,B,102.0,1.338e-9,0.927
M104,18a158_212,B,106.0,1.183e-9,0.878
M104,18a158_212,B,110.0,9.294e-10,0.851
M104,18a158_212,B,114.0,8.047e-10,0.772
M104,18a158_212,B,118.0,7.856e-10,0.685
M104,18a158_212,B,122.0,6.668e-10,0.625
M104,18a158_212,B,126.0,5.651e-10,0.536
M104,18a158_212,B,130.0,4.373e-10,0.484
M104,18a158_212,B,134.0,3.985e-10,0.445
M104,18a158_212,B,138.0,5.316e-10,0.378
M104,18a158_212,B,142.0,3.156e-10,0.341
M104,18a158_212,B,146.0,2.407e-10,0.240
M104,18a158_212,B,150.0,1.827e-10,0.204
M104,18a158_212,B,154.0,1.037e-10,0.164
M104,18a158_212,B,158.0,1.146e-10,0.163
M104,18a158_212,B,162.0,9.673e-11,0.168
M104,18a158_212,B,166.0,1.446e-10,0.168
M104,18a158_212,B,170.0,1.812e-10,0.155
M104,18a158_212,B,174.0,4.817e-11,0.124
M104,18a158_212,B,178.0,5.770e-11,0.107
M104,18a158_212,B,182.0,1.228e-11,0.078
M104,18a158_212,B,186.0,7.744e-12,0.069
M104,18a158_212,B,190.0,1.287e-11,0.049
M104,18a158_212,B,194.0,1.343e-11,0.031
M104,18a158_212,B,198.0,8.013e-11,0.035
M104,18a158_212,B,202.0,2.678e-12,0.021
M104,18a158_212,B,206.0,1.444e-11,0.038
M104,18a158_212,B,210.0,4.847e-12,0.027
M104,18a158_212,B,214.0,3.265e-11,0.029
M104,18a158_212,B,218.0,5.801e-11,0.038
M104,18a158_212,B,222.0,3.071e-10,0.047
M104,18a158_212,B,226.0,7.206e-10,0.048
M104,18a158_212,B,230.0,1.290e-9,0.050
M104,18a158_212,B,234.0,2.561e-10,0.052
M104,18a158_212,B,238.0,4.511e-11,0.044
M104,18a158_212,B,242.0,1.719e-11,0.051
M104,18a158_212,B,246.0,3.122e-11,0.042
M104,18a158_212,B,250.0,1.514e-11,0.035
M104,18a158_212,B,254.0,1.998e-10,0.032
M104,18a158_212,B,258.0,7.113e-11,0.018
M104,18a158_212,B,262.0,8.657e-12,0.018
M104,18a158_212,B,266.0,9.913e-13,0.017
M104,18a158_212,B,270.0,5.349e-11,0.025
M104,18a158_212,B,274.0,3.338e-12,0.021
M104,18a158_212,B,278.0,4.053e-11,0.019
M104,18a158_212,B,282.0,4.564e-11,0.016
M104,18a158_212,B,286.0,1.359e-12,0.017
M104,18a158_212,B,290.0,3.069e-12,0.010
M104,18a158_212,B,294.0,2.344e-12,0.013
M104,18a158_212,B,298.0,8.195e-13,0.018
M104,18a158_212,B,302.0,1.693e-11,0.029
M104,18a158_212,B,306.0,8.151e-10,0.040
M104,18a158_212,B,310.0,4.783e-10,0.055
M104,18a158_212,B,314.0,3.407e-10,0.056
M104,18a158_212,B,318.0,1.146e-9,0.055
M104,18a158_212,B,322.0,1.308e-10,0.058
M104,18a158_212,B,326.0,1.456e-11,0.043
M104,18a158_212,B,330.0,4.442e-12,0.031
M104,18a158_212,B,334.0,3.203e-13,0.020
M104,18a158_212,B,338.0,2.764e-12,0.023
M104,18a158_212,B,342.0,5.499e-11,0.028
M104,18a158_212,B,346.0,2.616e-12,0.026
M104,18a158_212,B,350.0,1.550e-10,0.026
M104,18a158_212,B,354.0,3.941e-11,0.026
M104,18a158_212,B,358.0,9.054e-12,0.018
M104,18a158_212,B,362.0,8.857e-15,0.016
M104,18a158_212,B,366.0,2.037e-14,0.014
M104,18a158_212,B,370.0,1.066e-11,0.020
M104,18a158_212,B,374.0,5.531e-11,0.024
M104,18a158_212,B,378.0,1.146e-10,0.026
M104,18a158_212,B,382.0,4.072e-11,0.030
M104,18a158_212,B,386.0,2.667e-11,0.026
M104,18a158_212,B,390.0,1.101e-11,0.013
M104,18a158_212,B,394.0,6.689e-12,0.013
M104,18a158_212,B,398.0,3.003e-14,0.009
M104,18a158_212,B,402.0,1.487e-12,0.024
M104,18a158_212,B,406.0,8.787e-12,0.036
M104,18a158_212,B,410.0,1.056e-10,0.039
M104,18a158_212,B,414.0,7.853e-10,0.041
M104,18a158_212,B,418.0,1.523e-10,0.040
M104,18a158_212,B,422.0,6.140e-10,0.035
M104,18a158_212,B,426.0,7.564e-10,0.028
M104,18a158_212,B,430.0,3.364e-10,0.021
M104,18a158_212,B,434.0,5.617e-11,0.018
M104,18a158_212,B,438.0,1.687e-11,0.014
M104,18a158_212,B,442.0,7.189e-12,0.013
M104,18a158_212,B,446.0,1.128e-12,0.007
M104,18a158_212,B,450.0,9.578e-13,0.004
M104,18a158_212,B,458.0,3.776e-12,0.001
M104,18a158_212,B,462.0,2.664e-12,0.000
M104,18a158_212,B,466.0,1.229e-12,0.001
M104,18a158_212,B,470.0,1.220e-13,0.000
M104,18a158_212,B,478.0,3.010e-13,0.002
M104,18a158_212,B,482.0,1.120e-12,0.002
M104,18a158_212,B,486.0,7.416e-13,0.003
M104,18a158_212,B,490.0,3.244e-14,0.001
M104,18a158_212,B,494.0,1.914e-13,0.001
M104,18a158_212,B,510.0,5.547e-12,0.001
M104,18a158_212,B,514.0,4.145e-12,0.001
M104,18a158_212,B,518.0,3.482e-14,0.000
M104,18a158_212,B,546.0,1.640e-13,0.000
M104,18a158_212,B,550.0,5.990e-13,0.001
M104,12a152_212,A,2.0,4.267e-7,1.000
M104,12a152_212,A,6.0,2.082e-7,1.000
M104,12a152_212,A,10.0,1.091e-7,1.000
M104,12a152_212,A,14.0,6.180e-8,1.000
M104,12a152_212,A,18.0,4.076e-8,1.000
M104,12a152_212,A,22.0,3.019e-8,1.000
M104,12a152_212,A,26.0,2.648e-8,1.000
M104,12a152_212,A,30.0,2.280e-8,1.000
M104,12a152_212,A,34.0,1.867e-8,1.000
M104,12a152_212,A,38.0,1.510e-8,1.000
M104,12a152_212,A,42.0,1.397e-8,0.990
M104,12a152_212,A,46.0,1.200e-8,1.000
M104,12a152_212,A,50.0,1.017e-8,0.995
M104,12a152_212,A,54.0,8.437e-9,0.996
M104,12a152_212,A,58.0,7.871e-9,0.996
M104,12a152_212,A,62.0,6.617e-9,0.993
M104,12a152_212,A,66.0,5.408e-9,1.000
M104,12a152_212,A,70.0,4.860e-9,0.997
M104,12a152_212,A,74.0,4.409e-9,1.000
M104,12a152_212,A,78.0,3.819e-9,1.000
M104,12a152_212,A,82.0,5.789e-9,1.000
M104,12a152_212,A,86.0,3.262e-9,1.000
M104,12a152_212,A,90.0,2.435e-9,1.000
M104,12a152_212,A,94.0,2.095e-9,1.000
M104,12a152_212,A,98.0,1.607e-9,1.000
M104,12a152_212,A,102.0,1.557e-9,0.996
M104,12a152_212,A,106.0,1.327e-9,0.998
M104,12a152_212,A,110.0,1.176e-9,0.949
M104,12a152_212,A,114.0,8.311e-10,0.914
M104,12a152_212,A,118.0,9.183e-10,0.885
M104,12a152_212,A,122.0,7.782e-10,0.805
M104,12a152_212,A,126.0,6.111e-10,0.699
M104,12a152_212,A,130.0,4.560e-10,0.598
M104,12a152_212,A,134.0,5.809e-10,0.519
M104,12a152_212,A,138.0,5.720e-10,0.489
M104,12a152_212,A,142.0,3.194e-10,0.418
M104,12a152_212,A,146.0,2.520e-10,0.361
M104,12a152_212,A,150.0,2.376e-10,0.264
M104,12a152_212,A,154.0,1.972e-10,0.232
M104,12a152_212,A,158.0,1.004e-10,0.200
M104,12a152_212,A,162.0,1.308e-10,0.228
M104,12a152_212,A,166.0,1.870e-10,0.228
M104,12a152_212,A,170.0,1.974e-10,0.204
M104,12a152_212,A,174.0,6.307e-11,0.180
M104,12a152_212,A,178.0,6.779e-11,0.158
M104,12a152_212,A,182.0,2.141e-11,0.129
M104,12a152_212,A,186.0,1.269e-11,0.099
M104,12a152_212,A,190.0,1.797e-11,0.071
M104,12a152_212,A,194.0,1.173e-11,0.062
M104,12a152_212,A,198.0,7.526e-11,0.042
M104,12a152_212,A,202.0,2.117e-11,0.025
M104,12a152_212,A,206.0,1.693e-11,0.039
M104,12a152_212,A,210.0,7.394e-12,0.041
M104,12a152_212,A,214.0,1.816e-11,0.030
M104,12a152_212,A,218.0,6.992e-11,0.049
M104,12a152_212,A,222.0,2.661e-10,0.056
M104,12a152_212,A,226.0,8.739e-10,0.060
M104,12a152_212,A,230.0,1.122e-9,0.061
M104,12a152_212,A,234.0,2.772e-10,0.062
M104,12a152_212,A,238.0,4.588e-11,0.045
M104,12a152_212,A,242.0,1.961e-11,0.060
M104,12a152_212,A,246.0,3.212e-11,0.053
M104,12a152_212,A,250.0,2.144e-11,0.040
M104,12a152_212,A,254.0,2.059e-10,0.035
M104,12a152_212,A,258.0,7.368e-11,0.020
M104,12a152_212,A,262.0,1.006e-11,0.020
M104,12a152_212,A,266.0,2.196e-12,0.024
M104,12a152_212,A,270.0,4.924e-11,0.027
M104,12a152_212,A,274.0,7.530e-12,0.026
M104,12a152_212,A,278.0,4.661e-11,0.018
M104,12a152_212,A,282.0,3.929e-11,0.018
M104,12a152_212,A,286.0,1.892e-12,0.014
M104,12a152_212,A,290.0,3.849e-12,0.014
M104,12a152_212,A,294.0,1.335e-12,0.021
M104,12a152_212,A,298.0,1.660e-12,0.018
M104,12a152_212,A,302.0,2.178e-11,0.030
M104,12a152_212,A,306.0,1.019e-9,0.043
M104,12a152_212,A,310.0,3.127e-10,0.064
M104,12a152_212,A,314.0,2.520e-10,0.059
M104,12a152_212,A,318.0,1.188e-9,0.062
M104,12a152_212,A,322.0,1.377e-10,0.059
M104,12a152_212,A,326.0,8.170e-12,0.047
M104,12a152_212,A,330.0,4.490e-12,0.039
M104,12a152_212,A,334.0,3.835e-13,0.027
M104,12a152_212,A,338.0,1.873e-12,0.026
M104,12a152_212,A,342.0,5.956e-11,0.030
M104,12a152_212,A,346.0,5.064e-12,0.030
M104,12a152_212,A,350.0,1.455e-10,0.028
M104,12a152_212,A,354.0,4.510e-11,0.031
M104,12a152_212,A,358.0,7.175e-12,0.020
M104,12a152_212,A,362.0,2.476e-14,0.017
M104,12a152_212,A,366.0,4.445e-14,0.016
M104,12a152_212,A,370.0,2.157e-11,0.023
M104,12a152_212,A,374.0,4.269e-11,0.027
M104,12a152_212,A,378.0,9.547e-11,0.027
M104,12a152_212,A,382.0,5.210e-11,0.028
M104,12a152_212,A,386.0,3.961e-11,0.031
M104,12a152_212,A,390.0,1.106e-11,0.015
M104,12a152_212,A,394.0,7.669e-12,0.015
M104,12a152_212,A,398.0,3.653e-13,0.012
M104,12a152_212,A,402.0,1.551e-12,0.029
M104,12a152_212,A,406.0,1.934e-11,0.043
M104,12a152_212,A,410.0,1.032e-10,0.050
M104,12a152_212,A,414.0,7.862e-10,0.048
M104,12a152_212,A,418.0,1.739e-10,0.051
M104,12a152_212,A,422.0,6.528e-10,0.041
M104,12a152_212,A,426.0,6.234e-10,0.029
M104,12a152_212,A,430.0,3.013e-10,0.022
M104,12a152_212,A,434.0,6.335e-11,0.019
M104,12a152_212,A,438.0,1.779e-11,0.015
M104,12a152_212,A,442.0,7.659e-12,0.014
M104,12a152_212,A,446.0,1.612e-12,0.010
M104,12a152_212,A,450.0,1.165e-12,0.005
M104,12a152_212,A,458.0,6.572e-12,0.002
M104,12a152_212,A,462.0,1.181e-13,0.001
M104,12a152_212,A,466.0,1.533e-12,0.002
M104,12a152_212,A,470.0,1.129e-13,0.000
M104,12a152_212,A,478.0,3.155e-13,0.001
M104,12a152_212,A,482.0,1.649e-12,0.003
M104,12a152_212,A,486.0,1.093e-12,0.002
M104,12a152_212,A,490.0,1.011e-13,0.001
M104,12a152_212,A,494.0,2.948e-13,0.001
M104,12a152_212,A,510.0,7.787e-12,0.002
M104,12a152_212,A,514.0,2.334e-12,0.001
M104,12a152_212,A,522.0,3.039e-14,0.000
M104,12a152_212,A,546.0,4.492e-13,0.000
M104,12a152_212,A,550.0,1.575e-14,0.000
M104,12a152_212,B,2.0,4.267e-7,1.000
M104,12a152_212,B,6.0,2.082e-7,1.000
M104,12a152_212,B,10.0,1.091e-7,1.000
M104,12a152_212,B,14.0,6.180e-8,1.000
M104,12a152_212,B,18.0,4.076e-8,1.000
M104,12a152_212,B,22.0,3.019e-8,1.000
M104,12a152_212,B,26.0,2.648e-8,1.000
M104,12a152_212,B,30.0,2.280e-8,1.000
M104,12a152_212,B,34.0,1.867e-8,1.000
M104,12a152_212,B,38.0,1.510e-8,1.000
M104,12a152_212,B,42.0,1.392e-8,0.990
M104,12a152_212,B,46.0,1.179e-8,1.000
M104,12a152_212,B,50.0,9.762e-9,0.995
M104,12a152_212,B,54.0,7.839e-9,0.996
M104,12a152_212,B,58.0,7.164e-9,0.996
M104,12a152_212,B,62.0,5.844e-9,0.993
M104,12a152_212,B,66.0,4.649e-9,1.000
M104,12a152_212,B,70.0,4.126e-9,0.997
M104,12a152_212,B,74.0,3.770e-9,1.000
M104,12a152_212,B,78.0,3.229e-9,1.000
M104,12a152_212,B,82.0,5.221e-9,1.000
M104,12a152_212,B,86.0,2.791e-9,1.000
M104,12a152_212,B,90.0,2.007e-9,0.998
M104,12a152_212,B,94.0,1.711e-9,0.949
M104,12a152_212,B,98.0,1.245e-9,0.847
M104,12a152_212,B,102.0,1.256e-9,0.789
M104,12a152_212,B,106.0,1.049e-9,0.736
M104,12a152_212,B,110.0,9.245e-10,0.665
M104,12a152_212,B,114.0,5.884e-10,0.586
M104,12a152_212,B,118.0,7.016e-10,0.502
M104,12a152_212,B,122.0,5.823e-10,0.474
M104,12a152_212,B,126.0,4.394e-10,0.413
M104,12a152_212,B,130.0,3.039e-10,0.375
M104,12a152_212,B,134.0,4.340e-10,0.329
M104,12a152_212,B,138.0,4.349e-10,0.279
M104,12a152_212,B,142.0,2.139e-10,0.226
M104,12a152_212,B,146.0,1.595e-10,0.201
M104,12a152_212,B,150.0,1.518e-10,0.155
M104,12a152_212,B,154.0,1.181e-10,0.142
M104,12a152_212,B,158.0,5.480e-11,0.115
M104,12a152_212,B,162.0,7.260e-11,0.137
M104,12a152_212,B,166.0,1.323e-10,0.140
M104,12a152_212,B,170.0,1.582e-10,0.118
M104,12a152_212,B,174.0,3.942e-11,0.084
M104,12a152_212,B,178.0,4.834e-11,0.077
M104,12a152_212,B,182.0,6.572e-12,0.053
M104,12a152_212,B,186.0,2.724e-12,0.038
M104,12a152_212,B,190.0,8.266e-12,0.030
M104,12a152_212,B,194.0,5.188e-12,0.022
M104,12a152_212,B,198.0,6.539e-11,0.030
M104,12a152_212,B,202.0,1.856e-11,0.015
M104,12a152_212,B,206.0,1.012e-11,0.013
M104,12a152_212,B,210.0,4.286e-12,0.017
M104,12a152_212,B,214.0,1.573e-11,0.024
M104,12a152_212,B,218.0,6.690e-11,0.040
M104,12a152_212,B,222.0,2.631e-10,0.045
M104,12a152_212,B,226.0,8.710e-10,0.049
M104,12a152_212,B,230.0,1.116e-9,0.051
M104,12a152_212,B,234.0,2.732e-10,0.051
M104,12a152_212,B,238.0,4.467e-11,0.041
M104,12a152_212,B,242.0,1.634e-11,0.047
M104,12a152_212,B,246.0,2.606e-11,0.037
M104,12a152_212,B,250.0,1.401e-11,0.031
M104,12a152_212,B,254.0,1.964e-10,0.031
M104,12a152_212,B,258.0,7.097e-11,0.019
M104,12a152_212,B,262.0,6.967e-12,0.020
M104,12a152_212,B,266.0,1.038e-12,0.018
M104,12a152_212,B,270.0,4.492e-11,0.021
M104,12a152_212,B,274.0,4.306e-12,0.019
M104,12a152_212,B,278.0,4.561e-11,0.016
M104,12a152_212,B,282.0,3.766e-11,0.017
M104,12a152_212,B,286.0,1.023e-12,0.013
M104,12a152_212,B,290.0,2.128e-12,0.008
M104,12a152_212,B,294.0,2.899e-13,0.013
M104,12a152_212,B,298.0,1.217e-12,0.016
M104,12a152_212,B,302.0,1.905e-11,0.025
M104,12a152_212,B,306.0,1.017e-9,0.032
M104,12a152_212,B,310.0,3.094e-10,0.054
M104,12a152_212,B,314.0,2.491e-10,0.049
M104,12a152_212,B,318.0,1.185e-9,0.054
M104,12a152_212,B,322.0,1.324e-10,0.047
M104,12a152_212,B,326.0,6.179e-12,0.041
M104,12a152_212,B,330.0,2.493e-12,0.029
M104,12a152_212,B,334.0,1.141e-14,0.012
M104,12a152_212,B,338.0,7.924e-13,0.015
M104,12a152_212,B,342.0,5.476e-11,0.024
M104,12a152_212,B,346.0,2.717e-12,0.019
M104,12a152_212,B,350.0,1.426e-10,0.015
M104,12a152_212,B,354.0,4.175e-11,0.018
M104,12a152_212,B,358.0,5.283e-12,0.018
M104,12a152_212,B,362.0,5.517e-15,0.015
M104,12a152_212,B,366.0,8.234e-15,0.013
M104,12a152_212,B,370.0,2.033e-11,0.021
M104,12a152_212,B,374.0,4.090e-11,0.024
M104,12a152_212,B,378.0,9.216e-11,0.025
M104,12a152_212,B,382.0,4.829e-11,0.025
M104,12a152_212,B,386.0,3.453e-11,0.023
M104,12a152_212,B,390.0,7.964e-12,0.011
M104,12a152_212,B,394.0,5.897e-12,0.008
M104,12a152_212,B,398.0,7.517e-14,0.009
M104,12a152_212,B,402.0,7.579e-13,0.020
M104,12a152_212,B,406.0,1.666e-11,0.034
M104,12a152_212,B,410.0,1.002e-10,0.038
M104,12a152_212,B,414.0,7.843e-10,0.038
M104,12a152_212,B,418.0,1.711e-10,0.040
M104,12a152_212,B,422.0,6.516e-10,0.031
M104,12a152_212,B,426.0,6.229e-10,0.024
M104,12a152_212,B,430.0,3.009e-10,0.019
M104,12a152_212,B,434.0,6.243e-11,0.017
M104,12a152_212,B,438.0,1.693e-11,0.013
M104,12a152_212,B,442.0,6.035e-12,0.011
M104,12a152_212,B,446.0,8.130e-13,0.006
M104,12a152_212,B,450.0,5.873e-13,0.002
M104,12a152_212,B,458.0,5.219e-12,0.002
M104,12a152_212,B,466.0,8.718e-13,0.001
M104,12a152_212,B,470.0,1.915e-14,0.000
M104,12a152_212,B,478.0,1.002e-13,0.000
M104,12a152_212,B,482.0,7.788e-13,0.002
M104,12a152_212,B,486.0,5.143e-13,0.002
M104,12a152_212,B,494.0,5.159e-14,0.001
M104,12a152_212,B,510.0,7.143e-12,0.002
M104,12a152_212,B,514.0,1.619e-12,0.001
M104,12a152_212,B,546.0,2.567e-13,0.000
M104,18a158_220,A,2.0,4.400e-7,1.000
M104,18a158_220,A,6.0,1.910e-7,1.000
M104,18a158_220,A,10.0,1.058e-7,1.000
M104,18a158_220,A,14.0,6.237e-8,1.000
M104,18a158_220,A,18.0,4.101e-8,1.000
M104,18a158_220,A,22.0,3.084e-8,1.000
M104,18a158_220,A,26.0,2.673e-8,1.000
M104,18a158_220,A,30.0,2.112e-8,1.000
M104,18a158_220,A,34.0,1.951e-8,1.000
M104,18a158_220,A,38.0,1.597e-8,1.000
M104,18a158_220,A,42.0,1.392e-8,1.000
M104,18a158_220,A,46.0,1.174e-8,1.000
M104,18a158_220,A,50.0,9.520e-9,1.000
M104,18a158_220,A,54.0,9.047e-9,1.000
M104,18a158_220,A,58.0,7.841e-9,1.000
M104,18a158_220,A,62.0,6.789e-9,0.994
M104,18a158_220,A,66.0,5.872e-9,1.000
M104,18a158_220,A,70.0,4.903e-9,1.000
M104,18a158_220,A,74.0,4.658e-9,1.000
M104,18a158_220,A,78.0,4.336e-9,0.998
M104,18a158_220,A,82.0,5.530e-9,1.000
M104,18a158_220,A,86.0,4.075e-9,1.000
M104,18a158_220,A,90.0,2.661e-9,1.000
M104,18a158_220,A,94.0,2.333e-9,1.000
M104,18a158_220,A,98.0,2.182e-9,1.000
M104,18a158_220,A,102.0,1.811e-9,0.998
M104,18a158_220,A,106.0,1.622e-9,1.000
M104,18a158_220,A,110.0,1.341e-9,1.000
M104,18a158_220,A,114.0,1.195e-9,1.000
M104,18a158_220,A,118.0,1.141e-9,1.000
M104,18a158_220,A,122.0,9.868e-10,1.000
M104,18a158_220,A,126.0,8.448e-10,0.997
M104,18a158_220,A,130.0,6.761e-10,0.955
M104,18a158_220,A,134.0,6.074e-10,0.865
M104,18a158_220,A,138.0,7.054e-10,0.755
M104,18a158_220,A,142.0,4.819e-10,0.672
M104,18a158_220,A,146.0,3.755e-10,0.610
M104,18a158_220,A,150.0,3.003e-10,0.528
M104,18a158_220,A,154.0,2.028e-10,0.482
M104,18a158_220,A,158.0,2.191e-10,0.429
M104,18a158_220,A,162.0,2.017e-10,0.437
M104,18a158_220,A,166.0,2.454e-10,0.421
M104,18a158_220,A,170.0,2.597e-10,0.393
M104,18a158_220,A,174.0,1.018e-10,0.352
M104,18a158_220,A,178.0,1.079e-10,0.307
M104,18a158_220,A,182.0,4.753e-11,0.232
M104,18a158_220,A,186.0,3.715e-11,0.219
M104,18a158_220,A,190.0,3.614e-11,0.174
M104,18a158_220,A,194.0,2.837e-11,0.147
M104,18a158_220,A,198.0,9.978e-11,0.144
M104,18a158_220,A,202.0,1.121e-11,0.123
M104,18a158_220,A,206.0,2.584e-11,0.111
M104,18a158_220,A,210.0,1.007e-11,0.074
M104,18a158_220,A,214.0,3.610e-11,0.046
M104,18a158_220,A,218.0,6.341e-11,0.055
M104,18a158_220,A,222.0,3.103e-10,0.066
M104,18a158_220,A,226.0,7.260e-10,0.071
M104,18a158_220,A,230.0,1.296e-9,0.071
M104,18a158_220,A,234.0,2.631e-10,0.074
M104,18a158_220,A,238.0,4.731e-11,0.075
M104,18a158_220,A,242.0,2.318e-11,0.088
M104,18a158_220,A,246.0,4.040e-11,0.078
M104,18a158_220,A,250.0,2.541e-11,0.069
M104,18a158_220,A,254.0,2.116e-10,0.064
M104,18a158_220,A,258.0,7.427e-11,0.033
M104,18a158_220,A,262.0,1.165e-11,0.033
M104,18a158_220,A,266.0,2.995e-12,0.041
M104,18a158_220,A,270.0,5.751e-11,0.046
M104,18a158_220,A,274.0,7.346e-12,0.044
M104,18a158_220,A,278.0,4.376e-11,0.039
M104,18a158_220,A,282.0,4.803e-11,0.028
M104,18a158_220,A,286.0,3.387e-12,0.021
M104,18a158_220,A,290.0,6.227e-12,0.023
M104,18a158_220,A,294.0,4.256e-12,0.023
M104,18a158_220,A,298.0,1.739e-12,0.029
M104,18a158_220,A,302.0,1.999e-11,0.043
M104,18a158_220,A,306.0,8.194e-10,0.061
M104,18a158_220,A,310.0,4.850e-10,0.077
M104,18a158_220,A,314.0,3.435e-10,0.082
M104,18a158_220,A,318.0,1.149e-9,0.078
M104,18a158_220,A,322.0,1.355e-10,0.072
M104,18a158_220,A,326.0,1.779e-11,0.053
M104,18a158_220,A,330.0,7.481e-12,0.057
M104,18a158_220,A,334.0,1.641e-12,0.040
M104,18a158_220,A,338.0,6.270e-12,0.038
M104,18a158_220,A,342.0,6.187e-11,0.036
M104,18a158_220,A,346.0,6.407e-12,0.040
M104,18a158_220,A,350.0,1.577e-10,0.043
M104,18a158_220,A,354.0,4.459e-11,0.042
M104,18a158_220,A,358.0,1.238e-11,0.039
M104,18a158_220,A,362.0,2.273e-13,0.037
M104,18a158_220,A,366.0,4.201e-13,0.033
M104,18a158_220,A,370.0,1.321e-11,0.036
M104,18a158_220,A,374.0,5.819e-11,0.045
M104,18a158_220,A,378.0,1.187e-10,0.052
M104,18a158_220,A,382.0,4.674e-11,0.054
M104,18a158_220,A,386.0,3.298e-11,0.051
M104,18a158_220,A,390.0,1.372e-11,0.036
M104,18a158_220,A,394.0,1.025e-11,0.033
M104,18a158_220,A,398.0,7.333e-13,0.019
M104,18a158_220,A,402.0,3.882e-12,0.036
M104,18a158_220,A,406.0,1.247e-11,0.051
M104,18a158_220,A,410.0,1.091e-10,0.056
M104,18a158_220,A,414.0,7.886e-10,0.053
M104,18a158_220,A,418.0,1.554e-10,0.055
M104,18a158_220,A,422.0,6.162e-10,0.052
M104,18a158_220,A,426.0,7.576e-10,0.039
M104,18a158_220,A,430.0,3.370e-10,0.027
M104,18a158_220,A,434.0,5.785e-11,0.025
M104,18a158_220,A,438.0,1.864e-11,0.020
M104,18a158_220,A,442.0,1.016e-11,0.020
M104,18a158_220,A,446.0,2.809e-12,0.014
M104,18a158_220,A,450.0,2.414e-12,0.012
M104,18a158_220,A,454.0,2.868e-14,0.003
M104,18a158_220,A,458.0,5.016e-12,0.002
M104,18a158_220,A,462.0,2.880e-12,0.003
M104,18a158_220,A,466.0,2.406e-12,0.003
M104,18a158_220,A,470.0,3.382e-13,0.001
M104,18a158_220,A,474.0,5.281e-14,0.001
M104,18a158_220,A,478.0,1.201e-12,0.003
M104,18a158_220,A,482.0,2.644e-12,0.003
M104,18a158_220,A,486.0,2.061e-12,0.004
M104,18a158_220,A,490.0,2.727e-13,0.002
M104,18a158_220,A,494.0,6.738e-13,0.002
M104,18a158_220,A,498.0,3.955e-14,0.003
M104,18a158_220,A,502.0,5.827e-14,0.004
M104,18a158_220,A,506.0,6.248e-15,0.007
M104,18a158_220,A,510.0,5.981e-12,0.007
M104,18a158_220,A,514.0,4.872e-12,0.008
M104,18a158_220,A,518.0,2.297e-13,0.006
M104,18a158_220,A,522.0,4.422e-14,0.005
M104,18a158_220,A,526.0,6.551e-18,0.001
M104,18a158_220,A,538.0,1.767e-17,0.001
M104,18a158_220,A,542.0,4.557e-16,0.003
M104,18a158_220,A,546.0,4.033e-13,0.002
M104,18a158_220,A,550.0,1.108e-12,0.004
M104,18a158_220,A,554.0,3.250e-16,0.001
M104,18a158_220,A,558.0,1.028e-19,0.000
M104,18a158_220,B,2.0,4.400e-7,1.000
M104,18a158_220,B,6.0,1.910e-7,1.000
M104,18a158_220,B,10.0,1.058e-7,1.000
M104,18a158_220,B,14.0,6.237e-8,1.000
M104,18a158_220,B,18.0,4.101e-8,1.000
M104,18a158_220,B,22.0,3.084e-8,1.000
M104,18a158_220,B,26.0,2.673e-8,1.000
M104,18a158_220,B,30.0,2.112e-8,1.000
M104,18a158_220,B,34.0,1.951e-8,1.000
M104,18a158_220,B,38.0,1.597e-8,1.000
M104,18a158_220,B,42.0,1.392e-8,1.000
M104,18a158_220,B,46.0,1.174e-8,1.000
M104,18a158_220,B,50.0,9.520e-9,1.000
M104,18a158_220,B,54.0,9.042e-9,1.000
M104,18a158_220,B,58.0,7.800e-9,1.000
M104,18a158_220,B,62.0,6.703e-9,0.994
M104,18a158_220,B,66.0,5.731e-9,1.000
M104,18a158_220,B,70.0,4.711e-9,1.000
M104,18a158_220,B,74.0,4.403e-9,1.000
M104,18a158_220,B,78.0,4.048e-9,0.998
M104,18a158_220,B,82.0,5.221e-9,1.000
M104,18a158_220,B,86.0,3.762e-9,1.000
M104,18a158_220,B,90.0,2.354e-9,1.000
M104,18a158_220,B,94.0,2.049e-9,1.000
M104,18a158_220,B,98.0,1.912e-9,1.000
M104,18a158_220,B,102.0,1.546e-9,0.998
M104,18a158_220,B,106.0,1.367e-9,1.000
M104,18a158_220,B,110.0,1.099e-9,0.996
M104,18a158_220,B,114.0,9.630e-10,0.957
M104,18a158_220,B,118.0,9.297e-10,0.923
M104,18a158_220,B,122.0,7.936e-10,0.867
M104,18a158_220,B,126.0,6.767e-10,0.803
M104,18a158_220,B,130.0,5.307e-10,0.698
M104,18a158_220,B,134.0,4.862e-10,0.600
M104,18a158_220,B,138.0,6.082e-10,0.516
M104,18a158_220,B,142.0,3.908e-10,0.504
M104,18a158_220,B,146.0,3.031e-10,0.406
M104,18a158_220,B,150.0,2.388e-10,0.336
M104,18a158_220,B,154.0,1.470e-10,0.262
M104,18a158_220,B,158.0,1.638e-10,0.252
M104,18a158_220,B,162.0,1.408e-10,0.242
M104,18a158_220,B,166.0,1.845e-10,0.255
M104,18a158_220,B,170.0,2.089e-10,0.226
M104,18a158_220,B,174.0,6.595e-11,0.195
M104,18a158_220,B,178.0,7.485e-11,0.180
M104,18a158_220,B,182.0,2.369e-11,0.150
M104,18a158_220,B,186.0,1.712e-11,0.128
M104,18a158_220,B,190.0,2.096e-11,0.094
M104,18a158_220,B,194.0,1.822e-11,0.070
M104,18a158_220,B,198.0,8.723e-11,0.067
M104,18a158_220,B,202.0,4.845e-12,0.036
M104,18a158_220,B,206.0,1.948e-11,0.052
M104,18a158_220,B,210.0,6.927e-12,0.043
M104,18a158_220,B,214.0,3.414e-11,0.036
M104,18a158_220,B,218.0,6.080e-11,0.046
M104,18a158_220,B,222.0,3.083e-10,0.059
M104,18a158_220,B,226.0,7.228e-10,0.061
M104,18a158_220,B,230.0,1.293e-9,0.064
M104,18a158_220,B,234.0,2.591e-10,0.062
M104,18a158_220,B,238.0,4.601e-11,0.053
M104,18a158_220,B,242.0,1.940e-11,0.064
M104,18a158_220,B,246.0,3.564e-11,0.056
M104,18a158_220,B,250.0,1.957e-11,0.046
M104,18a158_220,B,254.0,2.059e-10,0.039
M104,18a158_220,B,258.0,7.252e-11,0.021
M104,18a158_220,B,262.0,1.011e-11,0.029
M104,18a158_220,B,266.0,1.576e-12,0.033
M104,18a158_220,B,270.0,5.496e-11,0.037
M104,18a158_220,B,274.0,4.958e-12,0.037
M104,18a158_220,B,278.0,4.236e-11,0.030
M104,18a158_220,B,282.0,4.654e-11,0.023
M104,18a158_220,B,286.0,2.058e-12,0.020
M104,18a158_220,B,290.0,4.512e-12,0.015
M104,18a158_220,B,294.0,3.252e-12,0.016
M104,18a158_220,B,298.0,1.126e-12,0.020
M104,18a158_220,B,302.0,1.872e-11,0.031
M104,18a158_220,B,306.0,8.168e-10,0.046
M104,18a158_220,B,310.0,4.819e-10,0.064
M104,18a158_220,B,314.0,3.416e-10,0.063
M104,18a158_220,B,318.0,1.147e-9,0.064
M104,18a158_220,B,322.0,1.328e-10,0.062
M104,18a158_220,B,326.0,1.580e-11,0.049
M104,18a158_220,B,330.0,5.844e-12,0.048
M104,18a158_220,B,334.0,7.446e-13,0.033
M104,18a158_220,B,338.0,4.015e-12,0.031
M104,18a158_220,B,342.0,5.796e-11,0.034
M104,18a158_220,B,346.0,3.958e-12,0.037
M104,18a158_220,B,350.0,1.560e-10,0.040
M104,18a158_220,B,354.0,4.190e-11,0.038
M104,18a158_220,B,358.0,1.014e-11,0.032
M104,18a158_220,B,362.0,6.778e-14,0.029
M104,18a158_220,B,366.0,1.131e-13,0.027
M104,18a158_220,B,370.0,1.164e-11,0.033
M104,18a158_220,B,374.0,5.629e-11,0.037
M104,18a158_220,B,378.0,1.164e-10,0.038
M104,18a158_220,B,382.0,4.335e-11,0.040
M104,18a158_220,B,386.0,2.984e-11,0.035
M104,18a158_220,B,390.0,1.191e-11,0.018
M104,18a158_220,B,394.0,8.205e-12,0.015
M104,18a158_220,B,398.0,2.209e-13,0.013
M104,18a158_220,B,402.0,2.320e-12,0.030
M104,18a158_220,B,406.0,1.063e-11,0.045
M104,18a158_220,B,410.0,1.075e-10,0.051
M104,18a158_220,B,414.0,7.867e-10,0.050
M104,18a158_220,B,418.0,1.538e-10,0.052
M104,18a158_220,B,422.0,6.148e-10,0.047
M104,18a158_220,B,426.0,7.569e-10,0.032
M104,18a158_220,B,430.0,3.367e-10,0.023
M104,18a158_220,B,434.0,5.679e-11,0.020
M104,18a158_220,B,438.0,1.765e-11,0.018
M104,18a158_220,B,442.0,8.380e-12,0.016
M104,18a158_220,B,446.0,1.731e-12,0.009
M104,18a158_220,B,450.0,1.481e-12,0.007
M104,18a158_220,B,458.0,4.432e-12,0.002
M104,18a158_220,B,462.0,2.707e-12,0.001
M104,18a158_220,B,466.0,1.697e-12,0.002
M104,18a158_220,B,470.0,1.988e-13,0.000
M104,18a158_220,B,478.0,6.090e-13,0.002
M104,18a158_220,B,482.0,1.633e-12,0.002
M104,18a158_220,B,486.0,1.231e-12,0.003
M104,18a158_220,B,490.0,1.249e-13,0.001
M104,18a158_220,B,494.0,3.551e-13,0.001
M104,18a158_220,B,498.0,1.300e-15,0.000
M104,18a158_220,B,502.0,8.734e-15,0.000
M104,18a158_220,B,510.0,5.697e-12,0.002
M104,18a158_220,B,514.0,4.598e-12,0.001
M104,18a158_220,B,518.0,1.022e-13,0.001
M104,18a158_220,B,522.0,5.327e-15,0.000
M104,18a158_220,B,546.0,2.448e-13,0.000
M104,18a158_220,B,550.0,8.396e-13,0.001
M81,18a66_212,A,2.0,1.693e-7,1.000
M81,18a66_212,A,10.0,2.070e-7,1.000
M81,18a66_212,A,14.0,1.272e-7,1.000
M81,18a66_212,A,18.0,8.948e-8,1.000
M81,18a66_212,A,22.0,7.093e-8,1.000
M81,18a66_212,A,26.0,5.501e-8,1.000
M81,18a66_212,A,30.0,4.345e-8,1.000
M81,18a66_212,A,34.0,3.588e-8,1.000
M81,18a66_212,A,38.0,3.046e-8,1.000
M81,18a66_212,A,42.0,2.622e-8,1.000
M81,18a66_212,A,46.0,2.719e-8,1.000
M81,18a66_212,A,50.0,2.027e-8,1.000
M81,18a66_212,A,54.0,1.730e-8,1.000
M81,18a66_212,A,58.0,1.585e-8,1.000
M81,18a66_212,A,62.0,1.361e-8,1.000
M81,18a66_212,A,66.0,1.189e-8,1.000
M81,18a66_212,A,70.0,1.023e-8,1.000
M81,18a66_212,A,74.0,8.991e-9,1.000
M81,18a66_212,A,78.0,7.764e-9,1.000
M81,18a66_212,A,82.0,6.909e-9,1.000
M81,18a66_212,A,86.0,5.983e-9,1.000
M81,18a66_212,A,90.0,5.227e-9,1.000
M81,18a66_212,A,94.0,4.706e-9,1.000
M81,18a66_212,A,98.0,4.022e-9,1.000
M81,18a66_212,A,102.0,3.555e-9,1.000
M81,18a66_212,A,106.0,3.650e-9,1.000
M81,18a66_212,A,110.0,3.029e-9,1.000
M81,18a66_212,A,114.0,2.520e-9,1.000
M81,18a66_212,A,118.0,2.153e-9,1.000
M81,18a66_212,A,122.0,1.978e-9,0.981
M81,18a66_212,A,126.0,1.709e-9,0.993
M81,18a66_212,A,130.0,1.675e-9,0.981
M81,18a66_212,A,134.0,1.354e-9,0.958
M81,18a66_212,A,138.0,1.099e-9,0.922
M81,18a66_212,A,142.0,9.924e-10,0.875
M81,18a66_212,A,146.0,1.156e-9,0.864
M81,18a66_212,A,150.0,7.305e-10,0.758
M81,18a66_212,A,154.0,6.809e-10,0.685
M81,18a66_212,A,158.0,5.548e-10,0.701
M81,18a66_212,A,162.0,4.418e-10,0.635
M81,18a66_212,A,166.0,4.610e-10,0.588
M81,18a66_212,A,170.0,4.201e-10,0.540
M81,18a66_212,A,174.0,3.410e-10,0.518
M81,18a66_212,A,178.0,3.248e-10,0.470
M81,18a66_212,A,182.0,2.769e-10,0.433
M81,18a66_212,A,186.0,3.651e-10,0.458
M81,18a66_212,A,190.0,2.275e-10,0.436
M81,18a66_212,A,194.0,1.726e-10,0.443
M81,18a66_212,A,198.0,2.703e-10,0.457
M81,18a66_212,A,202.0,2.595e-10,0.415
M81,18a66_212,A,206.0,1.801e-10,0.406
M81,18a66_212,A,210.0,2.022e-10,0.350
M81,18a66_212,A,214.0,1.389e-10,0.342
M81,18a66_212,A,218.0,1.964e-9,0.232
M81,18a66_212,A,222.0,3.718e-10,0.304
M81,18a66_212,A,226.0,9.346e-11,0.310
M81,18a66_212,A,230.0,4.575e-11,0.305
M81,18a66_212,A,234.0,7.746e-11,0.220
M81,18a66_212,A,238.0,9.002e-11,0.295
M81,18a66_212,A,242.0,7.649e-11,0.317
M81,18a66_212,A,246.0,7.704e-11,0.296
M81,18a66_212,A,250.0,8.912e-11,0.304
M81,18a66_212,A,254.0,1.303e-10,0.342
M81,18a66_212,A,258.0,1.418e-10,0.267
M81,18a66_212,A,262.0,1.047e-10,0.313
M81,18a66_212,A,266.0,3.978e-10,0.292
M81,18a66_212,A,270.0,8.909e-11,0.275
M81,18a66_212,A,274.0,4.784e-11,0.274
M81,18a66_212,A,278.0,9.116e-11,0.238
M81,18a66_212,A,282.0,7.230e-11,0.262
M81,18a66_212,A,286.0,2.308e-10,0.194
M81,18a66_212,A,290.0,9.572e-11,0.220
M81,18a66_212,A,294.0,1.328e-9,0.246
M81,18a66_212,A,298.0,8.245e-10,0.271
M81,18a66_212,A,302.0,2.758e-10,0.233
M81,18a66_212,A,306.0,6.774e-11,0.213
M81,18a66_212,A,310.0,8.201e-11,0.188
M81,18a66_212,A,314.0,9.370e-11,0.125
M81,18a66_212,A,318.0,5.977e-11,0.120
M81,18a66_212,A,322.0,2.863e-11,0.077
M81,18a66_212,A,326.0,2.613e-11,0.060
M81,18a66_212,A,330.0,2.022e-11,0.095
M81,18a66_212,A,334.0,4.959e-11,0.138
M81,18a66_212,A,338.0,4.056e-11,0.151
M81,18a66_212,A,342.0,1.251e-10,0.171
M81,18a66_212,A,346.0,9.000e-11,0.167
M81,18a66_212,A,350.0,1.575e-10,0.163
M81,18a66_212,A,354.0,6.931e-11,0.170
M81,18a66_212,A,358.0,8.831e-11,0.153
M81,18a66_212,A,362.0,6.088e-11,0.182
M81,18a66_212,A,366.0,7.961e-10,0.169
M81,18a66_212,A,370.0,1.063e-10,0.152
M81,18a66_212,A,374.0,2.590e-10,0.152
M81,18a66_212,A,378.0,2.156e-11,0.157
M81,18a66_212,A,382.0,7.401e-11,0.131
M81,18a66_212,A,386.0,1.792e-11,0.124
M81,18a66_212,A,390.0,2.366e-11,0.097
M81,18a66_212,A,394.0,2.828e-11,0.081
M81,18a66_212,A,398.0,1.900e-9,0.063
M81,18a66_212,A,402.0,3.617e-11,0.037
M81,18a66_212,A,406.0,9.528e-12,0.024
M81,18a66_212,A,410.0,9.115e-11,0.025
M81,18a66_212,A,414.0,1.151e-10,0.018
M81,18a66_212,A,418.0,1.056e-11,0.021
M81,18a66_212,A,422.0,7.188e-12,0.023
M81,18a66_212,A,426.0,1.472e-11,0.021
M81,18a66_212,A,430.0,1.619e-12,0.034
M81,18a66_212,A,434.0,6.448e-12,0.037
M81,18a66_212,A,438.0,1.218e-10,0.030
M81,18a66_212,A,442.0,1.385e-10,0.028
M81,18a66_212,A,446.0,4.441e-11,0.034
M81,18a66_212,A,450.0,3.194e-12,0.030
M81,18a66_212,A,454.0,3.241e-11,0.026
M81,18a66_212,A,458.0,2.170e-11,0.024
M81,18a66_212,A,462.0,3.886e-12,0.027
M81,18a66_212,A,466.0,3.152e-11,0.010
M81,18a66_212,A,470.0,3.844e-12,0.034
M81,18a66_212,A,474.0,1.606e-11,0.052
M81,18a66_212,A,478.0,1.700e-11,0.058
M81,18a66_212,A,482.0,1.779e-10,0.068
M81,18a66_212,A,486.0,1.293e-10,0.071
M81,18a66_212,A,490.0,5.127e-10,0.060
M81,18a66_212,A,494.0,3.075e-9,0.067
M81,18a66_212,A,498.0,3.724e-9,0.069
M81,18a66_212,A,502.0,6.040e-11,0.056
M81,18a66_212,A,506.0,4.280e-11,0.061
M81,18a66_212,A,510.0,3.937e-11,0.070
M81,18a66_212,A,514.0,1.796e-11,0.048
M81,18a66_212,A,518.0,9.734e-11,0.049
M81,18a66_212,A,522.0,1.880e-9,0.043
M81,18a66_212,A,526.0,4.938e-11,0.040
M81,18a66_212,A,530.0,1.381e-11,0.042
M81,18a66_212,A,534.0,4.815e-11,0.056
M81,18a66_212,A,538.0,1.920e-11,0.045
M81,18a66_212,A,542.0,8.322e-11,0.037
M81,18a66_212,A,546.0,3.143e-13,0.026
M81,18a66_212,A,550.0,1.305e-11,0.035
M81,18a66_212,A,554.0,2.735e-11,0.051
M81,18a66_212,A,558.0,4.026e-12,0.053
M81,18a66_212,A,562.0,6.067e-10,0.067
M81,18a66_212,A,566.0,8.771e-11,0.052
M81,18a66_212,A,570.0,6.290e-12,0.049
M81,18a66_212,A,574.0,2.802e-12,0.048
M81,18a66_212,A,578.0,1.781e-10,0.045
M81,18a66_212,A,582.0,3.278e-11,0.041
M81,18a66_212,A,586.0,3.613e-11,0.033
M81,18a66_212,A,590.0,3.971e-11,0.046
M81,18a66_212,A,594.0,1.644e-11,0.056
M81,18a66_212,A,598.0,2.647e-11,0.053
M81,18a66_212,A,602.0,5.462e-10,0.048
M81,18a66_212,A,606.0,1.056e-10,0.041
M81,18a66_212,A,610.0,2.250e-10,0.034
M81,18a66_212,A,614.0,6.505e-10,0.041
M81,18a66_212,A,618.0,2.501e-10,0.028
M81,18a66_212,A,622.0,1.057e-9,0.029
M81,18a66_212,A,626.0,2.589e-10,0.031
M81,18a66_212,A,630.0,7.218e-11,0.016
M81,18a66_212,A,634.0,3.523e-11,0.014
M81,18a66_212,A,638.0,6.055e-12,0.012
M81,18a66_212,A,642.0,1.350e-11,0.021
M81,18a66_212,A,646.0,2.567e-12,0.017
M81,18a66_212,A,650.0,1.582e-10,0.024
M81,18a66_212,A,654.0,1.269e-10,0.027
M81,18a66_212,A,658.0,3.999e-10,0.025
M81,18a66_212,A,662.0,3.706e-10,0.028
M81,18a66_212,A,666.0,5.057e-11,0.022
M81,18a66_212,A,670.0,1.142e-11,0.019
M81,18a66_212,A,674.0,4.235e-11,0.015
M81,18a66_212,A,678.0,1.784e-11,0.016
M81,18a66_212,A,682.0,2.488e-11,0.015
M81,18a66_212,A,686.0,9.038e-12,0.011
M81,18a66_212,A,690.0,8.883e-13,0.011
M81,18a66_212,A,694.0,2.286e-13,0.010
M81,18a66_212,A,698.0,1.173e-11,0.009
M81,18a66_212,A,702.0,7.819e-12,0.010
M81,18a66_212,A,706.0,1.023e-12,0.008
M81,18a66_212,A,710.0,3.119e-12,0.009
M81,18a66_212,A,714.0,4.299e-13,0.006
M81,18a66_212,A,718.0,2.036e-11,0.006
M81,18a66_212,A,722.0,2.559e-16,0.002
M81,18a66_212,A,726.0,4.305e-15,0.003
M81,18a66_212,A,730.0,3.150e-13,0.007
M81,18a66_212,A,734.0,5.737e-13,0.006
M81,18a66_212,A,738.0,2.428e-12,0.006
M81,18a66_212,A,742.0,3.664e-13,0.008
M81,18a66_212,A,746.0,1.806e-13,0.007
M81,18a66_212,A,750.0,1.015e-13,0.007
M81,18a66_212,A,754.0,1.212e-11,0.009
M81,18a66_212,A,758.0,3.551e-11,0.011
M81,18a66_212,A,762.0,3.778e-12,0.013
M81,18a66_212,A,766.0,1.144e-10,0.009
M81,18a66_212,A,770.0,6.110e-12,0.007
M81,18a66_212,A,774.0,5.701e-13,0.008
M81,18a66_212,A,778.0,8.933e-14,0.004
M81,18a66_212,A,782.0,1.637e-12,0.006
M81,18a66_212,A,790.0,1.379e-13,0.001
M81,18a66_212,A,810.0,1.212e-12,0.001
M81,18a66_212,A,814.0,1.638e-15,0.001
M81,18a66_212,A,818.0,2.055e-19,0.001
M81,18a66_212,A,826.0,7.893e-15,0.001
M81,18a66_212,A,830.0,3.988e-13,0.003
M81,18a66_212,A,834.0,7.400e-11,0.004
M81,18a66_212,A,838.0,1.743e-12,0.003
M81,18a66_212,A,842.0,5.920e-14,0.001
M81,18a66_212,B,2.0,1.693e-7,1.000
M81,18a66_212,B,10.0,2.070e-7,1.000
M81,18a66_212,B,14.0,1.272e-7,1.000
M81,18a66_212,B,18.0,8.948e-8,1.000
M81,18a66_212,B,22.0,7.093e-8,1.000
M81,18a66_212,B,26.0,5.501e-8,1.000
M81,18a66_212,B,30.0,4.345e-8,1.000
M81,18a66_212,B,34.0,3.588e-8,1.000
M81,18a66_212,B,38.0,3.046e-8,1.000
M81,18a66_212,B,42.0,2.622e-8,1.000
M81,18a66_212,B,46.0,2.719e-8,1.000
M81,18a66_212,B,50.0,2.027e-8,1.000
M81,18a66_212,B,54.0,1.730e-8,1.000
M81,18a66_212,B,58.0,1.585e-8,1.000
M81,18a66_212,B,62.0,1.361e-8,1.000
M81,18a66_212,B,66.0,1.189e-8,1.000
M81,18a66_212,B,70.0,1.023e-8,1.000
M81,18a66_212,B,74.0,8.991e-9,1.000
M81,18a66_212,B,78.0,7.767e-9,1.000
M81,18a66_212,B,82.0,6.931e-9,1.000
M81,18a66_212,B,86.0,6.063e-9,1.000
M81,18a66_212,B,90.0,5.335e-9,1.000
M81,18a66_212,B,94.0,4.837e-9,1.000
M81,18a66_212,B,98.0,4.203e-9,1.000
M81,18a66_212,B,102.0,3.746e-9,1.000
M81,18a66_212,B,106.0,3.854e-9,1.000
M81,18a66_212,B,110.0,3.244e-9,1.000
M81,18a66_212,B,114.0,2.745e-9,1.000
M81,18a66_212,B,118.0,2.380e-9,1.000
M81,18a66_212,B,122.0,2.192e-9,0.981
M81,18a66_212,B,126.0,1.928e-9,0.993
M81,18a66_212,B,130.0,1.888e-9,1.000
M81,18a66_212,B,134.0,1.571e-9,0.975
M81,18a66_212,B,138.0,1.305e-9,0.957
M81,18a66_212,B,142.0,1.175e-9,0.904
M81,18a66_212,B,146.0,1.319e-9,0.886
M81,18a66_212,B,150.0,8.711e-10,0.828
M81,18a66_212,B,154.0,8.021e-10,0.750
M81,18a66_212,B,158.0,6.777e-10,0.722
M81,18a66_212,B,162.0,5.486e-10,0.676
M81,18a66_212,B,166.0,5.712e-10,0.606
M81,18a66_212,B,170.0,5.329e-10,0.573
M81,18a66_212,B,174.0,4.353e-10,0.571
M81,18a66_212,B,178.0,4.155e-10,0.549
M81,18a66_212,B,182.0,3.541e-10,0.494
M81,18a66_212,B,186.0,4.422e-10,0.521
M81,18a66_212,B,190.0,2.980e-10,0.484
M81,18a66_212,B,194.0,2.302e-10,0.511
M81,18a66_212,B,198.0,3.287e-10,0.512
M81,18a66_212,B,202.0,3.104e-10,0.500
M81,18a66_212,B,206.0,2.218e-10,0.500
M81,18a66_212,B,210.0,2.340e-10,0.440
M81,18a66_212,B,214.0,1.739e-10,0.388
M81,18a66_212,B,218.0,1.987e-9,0.321
M81,18a66_212,B,222.0,4.022e-10,0.377
M81,18a66_212,B,226.0,1.211e-10,0.394
M81,18a66_212,B,230.0,6.831e-11,0.409
M81,18a66_212,B,234.0,1.021e-10,0.399
M81,18a66_212,B,238.0,1.124e-10,0.441
M81,18a66_212,B,242.0,1.083e-10,0.437
M81,18a66_212,B,246.0,1.101e-10,0.389
M81,18a66_212,B,250.0,1.239e-10,0.382
M81,18a66_212,B,254.0,1.724e-10,0.404
M81,18a66_212,B,258.0,1.748e-10,0.369
M81,18a66_212,B,262.0,1.386e-10,0.388
M81,18a66_212,B,266.0,4.249e-10,0.428
M81,18a66_212,B,270.0,1.156e-10,0.375
M81,18a66_212,B,274.0,7.212e-11,0.381
M81,18a66_212,B,278.0,1.156e-10,0.347
M81,18a66_212,B,282.0,9.866e-11,0.337
M81,18a66_212,B,286.0,2.495e-10,0.315
M81,18a66_212,B,290.0,1.141e-10,0.313
M81,18a66_212,B,294.0,1.357e-9,0.314
M81,18a66_212,B,298.0,8.474e-10,0.326
M81,18a66_212,B,302.0,2.971e-10,0.305
M81,18a66_212,B,306.0,8.541e-11,0.272
M81,18a66_212,B,310.0,9.807e-11,0.257
M81,18a66_212,B,314.0,1.059e-10,0.219
M81,18a66_212,B,318.0,7.588e-11,0.159
M81,18a66_212,B,322.0,3.906e-11,0.122
M81,18a66_212,B,326.0,3.535e-11,0.109
M81,18a66_212,B,330.0,2.922e-11,0.149
M81,18a66_212,B,334.0,6.167e-11,0.181
M81,18a66_212,B,338.0,5.454e-11,0.201
M81,18a66_212,B,342.0,1.416e-10,0.234
M81,18a66_212,B,346.0,1.045e-10,0.208
M81,18a66_212,B,350.0,1.751e-10,0.203
M81,18a66_212,B,354.0,8.843e-11,0.205
M81,18a66_212,B,358.0,1.085e-10,0.185
M81,18a66_212,B,362.0,8.132e-11,0.201
M81,18a66_212,B,366.0,8.140e-10,0.189
M81,18a66_212,B,370.0,1.225e-10,0.174
M81,18a66_212,B,374.0,2.709e-10,0.183
M81,18a66_212,B,378.0,3.293e-11,0.169
M81,18a66_212,B,382.0,8.748e-11,0.171
M81,18a66_212,B,386.0,2.734e-11,0.164
M81,18a66_212,B,390.0,3.191e-11,0.125
M81,18a66_212,B,394.0,3.533e-11,0.129
M81,18a66_212,B,398.0,1.904e-9,0.104
M81,18a66_212,B,402.0,3.821e-11,0.067
M81,18a66_212,B,406.0,1.252e-11,0.040
M81,18a66_212,B,410.0,9.282e-11,0.042
M81,18a66_212,B,414.0,1.160e-10,0.033
M81,18a66_212,B,418.0,1.281e-11,0.029
M81,18a66_212,B,422.0,9.513e-12,0.031
M81,18a66_212,B,426.0,1.590e-11,0.026
M81,18a66_212,B,430.0,2.832e-12,0.040
M81,18a66_212,B,434.0,7.957e-12,0.039
M81,18a66_212,B,438.0,1.235e-10,0.030
M81,18a66_212,B,442.0,1.405e-10,0.036
M81,18a66_212,B,446.0,4.729e-11,0.037
M81,18a66_212,B,450.0,4.395e-12,0.033
M81,18a66_212,B,454.0,3.328e-11,0.031
M81,18a66_212,B,458.0,2.280e-11,0.029
M81,18a66_212,B,462.0,5.845e-12,0.030
M81,18a66_212,B,466.0,3.187e-11,0.019
M81,18a66_212,B,470.0,5.734e-12,0.041
M81,18a66_212,B,474.0,1.871e-11,0.059
M81,18a66_212,B,478.0,2.023e-11,0.061
M81,18a66_212,B,482.0,1.804e-10,0.083
M81,18a66_212,B,486.0,1.323e-10,0.080
M81,18a66_212,B,490.0,5.139e-10,0.064
M81,18a66_212,B,494.0,3.075e-9,0.074
M81,18a66_212,B,498.0,3.725e-9,0.069
M81,18a66_212,B,502.0,6.220e-11,0.056
M81,18a66_212,B,506.0,4.431e-11,0.063
M81,18a66_212,B,510.0,4.110e-11,0.079
M81,18a66_212,B,514.0,1.835e-11,0.053
M81,18a66_212,B,518.0,9.787e-11,0.061
M81,18a66_212,B,522.0,1.881e-9,0.052
M81,18a66_212,B,526.0,5.020e-11,0.053
M81,18a66_212,B,530.0,1.516e-11,0.051
M81,18a66_212,B,534.0,5.153e-11,0.073
M81,18a66_212,B,538.0,2.367e-11,0.049
M81,18a66_212,B,542.0,8.480e-11,0.041
M81,18a66_212,B,546.0,6.642e-13,0.037
M81,18a66_212,B,550.0,1.577e-11,0.053
M81,18a66_212,B,554.0,2.905e-11,0.068
M81,18a66_212,B,558.0,4.803e-12,0.071
M81,18a66_212,B,562.0,6.096e-10,0.081
M81,18a66_212,B,566.0,8.993e-11,0.060
M81,18a66_212,B,570.0,7.335e-12,0.061
M81,18a66_212,B,574.0,3.680e-12,0.057
M81,18a66_212,B,578.0,1.815e-10,0.054
M81,18a66_212,B,582.0,3.385e-11,0.049
M81,18a66_212,B,586.0,3.763e-11,0.042
M81,18a66_212,B,590.0,4.058e-11,0.050
M81,18a66_212,B,594.0,1.937e-11,0.063
M81,18a66_212,B,598.0,2.768e-11,0.058
M81,18a66_212,B,602.0,5.486e-10,0.055
M81,18a66_212,B,606.0,1.061e-10,0.049
M81,18a66_212,B,610.0,2.254e-10,0.043
M81,18a66_212,B,614.0,6.511e-10,0.042
M81,18a66_212,B,618.0,2.508e-10,0.031
M81,18a66_212,B,622.0,1.057e-9,0.031
M81,18a66_212,B,626.0,2.603e-10,0.031
M81,18a66_212,B,630.0,7.273e-11,0.016
M81,18a66_212,B,634.0,3.551e-11,0.015
M81,18a66_212,B,638.0,6.313e-12,0.014
M81,18a66_212,B,642.0,1.511e-11,0.031
M81,18a66_212,B,646.0,2.768e-12,0.022
M81,18a66_212,B,650.0,1.584e-10,0.026
M81,18a66_212,B,654.0,1.276e-10,0.033
M81,18a66_212,B,658.0,4.004e-10,0.029
M81,18a66_212,B,662.0,3.709e-10,0.031
M81,18a66_212,B,666.0,5.144e-11,0.028
M81,18a66_212,B,670.0,1.217e-11,0.024
M81,18a66_212,B,674.0,4.261e-11,0.022
M81,18a66_212,B,678.0,1.813e-11,0.022
M81,18a66_212,B,682.0,2.603e-11,0.023
M81,18a66_212,B,686.0,9.352e-12,0.016
M81,18a66_212,B,690.0,1.188e-12,0.011
M81,18a66_212,B,694.0,2.979e-13,0.010
M81,18a66_212,B,698.0,1.177e-11,0.011
M81,18a66_212,B,702.0,8.817e-12,0.015
M81,18a66_212,B,706.0,1.336e-12,0.016
M81,18a66_212,B,710.0,3.948e-12,0.013
M81,18a66_212,B,714.0,6.385e-13,0.009
M81,18a66_212,B,718.0,2.038e-11,0.009
M81,18a66_212,B,722.0,1.168e-15,0.002
M81,18a66_212,B,726.0,2.298e-14,0.003
M81,18a66_212,B,730.0,5.938e-13,0.007
M81,18a66_212,B,734.0,8.951e-13,0.008
M81,18a66_212,B,738.0,3.098e-12,0.008
M81,18a66_212,B,742.0,5.667e-13,0.009
M81,18a66_212,B,746.0,3.841e-13,0.009
M81,18a66_212,B,750.0,1.224e-13,0.007
M81,18a66_212,B,754.0,1.215e-11,0.009
M81,18a66_212,B,758.0,3.557e-11,0.011
M81,18a66_212,B,762.0,4.669e-12,0.013
M81,18a66_212,B,766.0,1.144e-10,0.009
M81,18a66_212,B,770.0,6.654e-12,0.007
M81,18a66_212,B,774.0,6.098e-13,0.008
M81,18a66_212,B,778.0,9.554e-14,0.004
M81,18a66_212,B,782.0,2.049e-12,0.006
M81,18a66_212,B,790.0,2.578e-13,0.001
M81,18a66_212,B,810.0,1.544e-12,0.001
M81,18a66_212,B,814.0,7.704e-14,0.001
M81,18a66_212,B,818.0,2.508e-19,0.001
M81,18a66_212,B,826.0,3.262e-14,0.003
M81,18a66_212,B,830.0,4.802e-13,0.003
M81,18a66_212,B,834.0,7.402e-11,0.004
M81,18a66_212,B,838.0,2.133e-12,0.003
M81,18a66_212,B,842.0,7.074e-14,0.001
M81,18a158_212,A,2.0,2.370e-7,1.000
M81,18a158_212,A,6.0,2.750e-7,1.000
M81,18a158_212,A,10.0,1.961e-7,1.000
M81,18a158_212,A,14.0,1.246e-7,1.000
M81,18a158_212,A,18.0,8.866e-8,1.000
M81,18a158_212,A,22.0,6.520e-8,1.000
M81,18a158_212,A,26.0,5.129e-8,1.000
M81,18a158_212,A,30.0,4.227e-8,1.000
M81,18a158_212,A,34.0,3.583e-8,1.000
M81,18a158_212,A,38.0,3.051e-8,1.000
M81,18a158_212,A,42.0,2.820e-8,1.000
M81,18a158_212,A,46.0,2.316e-8,1.000
M81,18a158_212,A,50.0,2.002e-8,1.000
M81,18a158_212,A,54.0,1.749e-8,1.000
M81,18a158_212,A,58.0,1.526e-8,1.000
M81,18a158_212,A,62.0,1.359e-8,1.000
M81,18a158_212,A,66.0,1.189e-8,1.000
M81,18a158_212,A,70.0,1.029e-8,1.000
M81,18a158_212,A,74.0,8.872e-9,1.000
M81,18a158_212,A,78.0,7.840e-9,1.000
M81,18a158_212,A,82.0,6.955e-9,1.000
M81,18a158_212,A,86.0,6.027e-9,1.000
M81,18a158_212,A,90.0,5.351e-9,1.000
M81,18a158_212,A,94.0,4.724e-9,1.000
M81,18a158_212,A,98.0,4.199e-9,1.000
M81,18a158_212,A,102.0,3.731e-9,1.000
M81,18a158_212,A,106.0,3.991e-9,1.000
M81,18a158_212,A,110.0,3.146e-9,1.000
M81,18a158_212,A,114.0,2.732e-9,1.000
M81,18a158_212,A,118.0,2.400e-9,0.997
M81,18a158_212,A,122.0,2.334e-9,0.990
M81,18a158_212,A,126.0,1.907e-9,0.991
M81,18a158_212,A,130.0,1.758e-9,0.982
M81,18a158_212,A,134.0,1.535e-9,0.962
M81,18a158_212,A,138.0,1.263e-9,0.960
M81,18a158_212,A,142.0,1.185e-9,0.944
M81,18a158_212,A,146.0,2.560e-9,0.853
M81,18a158_212,A,150.0,2.358e-9,0.820
M81,18a158_212,A,154.0,8.173e-10,0.767
M81,18a158_212,A,158.0,6.101e-10,0.726
M81,18a158_212,A,162.0,5.598e-10,0.668
M81,18a158_212,A,166.0,5.644e-10,0.612
M81,18a158_212,A,170.0,5.026e-10,0.579
M81,18a158_212,A,174.0,4.387e-10,0.562
M81,18a158_212,A,178.0,3.764e-10,0.525
M81,18a158_212,A,182.0,3.639e-10,0.499
M81,18a158_212,A,186.0,3.473e-10,0.468
M81,18a158_212,A,190.0,2.829e-10,0.480
M81,18a158_212,A,194.0,2.524e-10,0.494
M81,18a158_212,A,198.0,5.696e-10,0.493
M81,18a158_212,A,202.0,3.434e-10,0.483
M81,18a158_212,A,206.0,2.013e-10,0.483
M81,18a158_212,A,210.0,3.592e-10,0.421
M81,18a158_212,A,214.0,1.770e-9,0.349
M81,18a158_212,A,218.0,7.146e-10,0.345
M81,18a158_212,A,222.0,1.985e-10,0.345
M81,18a158_212,A,226.0,1.216e-10,0.349
M81,18a158_212,A,230.0,7.245e-11,0.368
M81,18a158_212,A,234.0,8.067e-11,0.364
M81,18a158_212,A,238.0,9.229e-11,0.399
M81,18a158_212,A,242.0,1.014e-10,0.394
M81,18a158_212,A,246.0,1.128e-10,0.369
M81,18a158_212,A,250.0,1.323e-10,0.375
M81,18a158_212,A,254.0,1.350e-10,0.370
M81,18a158_212,A,258.0,2.535e-10,0.364
M81,18a158_212,A,262.0,1.470e-10,0.379
M81,18a158_212,A,266.0,2.343e-10,0.420
M81,18a158_212,A,270.0,1.130e-10,0.387
M81,18a158_212,A,274.0,9.695e-11,0.374
M81,18a158_212,A,278.0,1.014e-10,0.349
M81,18a158_212,A,282.0,1.546e-10,0.314
M81,18a158_212,A,286.0,1.001e-10,0.300
M81,18a158_212,A,290.0,1.412e-10,0.322
M81,18a158_212,A,294.0,1.173e-9,0.316
M81,18a158_212,A,298.0,2.586e-9,0.312
M81,18a158_212,A,302.0,1.821e-10,0.290
M81,18a158_212,A,306.0,8.182e-11,0.274
M81,18a158_212,A,310.0,8.146e-11,0.252
M81,18a158_212,A,314.0,8.390e-11,0.214
M81,18a158_212,A,318.0,6.197e-11,0.147
M81,18a158_212,A,322.0,6.245e-11,0.113
M81,18a158_212,A,326.0,3.526e-11,0.097
M81,18a158_212,A,330.0,2.953e-11,0.125
M81,18a158_212,A,334.0,4.991e-11,0.177
M81,18a158_212,A,338.0,7.134e-11,0.188
M81,18a158_212,A,342.0,1.256e-10,0.209
M81,18a158_212,A,346.0,1.806e-10,0.205
M81,18a158_212,A,350.0,1.973e-10,0.197
M81,18a158_212,A,354.0,1.193e-10,0.193
M81,18a158_212,A,358.0,7.811e-11,0.197
M81,18a158_212,A,362.0,1.055e-10,0.185
M81,18a158_212,A,366.0,8.938e-10,0.176
M81,18a158_212,A,370.0,4.337e-10,0.179
M81,18a158_212,A,374.0,4.742e-11,0.174
M81,18a158_212,A,378.0,4.925e-11,0.171
M81,18a158_212,A,382.0,1.208e-10,0.153
M81,18a158_212,A,386.0,3.865e-11,0.141
M81,18a158_212,A,390.0,3.091e-11,0.131
M81,18a158_212,A,394.0,4.300e-11,0.116
M81,18a158_212,A,398.0,6.053e-10,0.091
M81,18a158_212,A,402.0,9.434e-11,0.074
M81,18a158_212,A,406.0,4.570e-11,0.049
M81,18a158_212,A,410.0,5.184e-10,0.038
M81,18a158_212,A,414.0,1.944e-10,0.033
M81,18a158_212,A,418.0,1.458e-11,0.033
M81,18a158_212,A,422.0,3.761e-11,0.030
M81,18a158_212,A,426.0,3.086e-12,0.030
M81,18a158_212,A,430.0,3.677e-12,0.026
M81,18a158_212,A,434.0,9.532e-12,0.034
M81,18a158_212,A,438.0,2.916e-11,0.034
M81,18a158_212,A,442.0,6.179e-10,0.036
M81,18a158_212,A,446.0,2.130e-10,0.037
M81,18a158_212,A,450.0,1.126e-11,0.032
M81,18a158_212,A,454.0,8.680e-12,0.032
M81,18a158_212,A,458.0,4.851e-11,0.030
M81,18a158_212,A,462.0,1.206e-11,0.025
M81,18a158_212,A,466.0,3.256e-11,0.023
M81,18a158_212,A,470.0,5.309e-12,0.035
M81,18a158_212,A,474.0,1.648e-11,0.053
M81,18a158_212,A,478.0,2.878e-11,0.058
M81,18a158_212,A,482.0,2.447e-10,0.076
M81,18a158_212,A,486.0,5.113e-10,0.074
M81,18a158_212,A,490.0,1.137e-9,0.081
M81,18a158_212,A,494.0,1.299e-9,0.072
M81,18a158_212,A,498.0,1.867e-9,0.064
M81,18a158_212,A,502.0,8.595e-11,0.062
M81,18a158_212,A,506.0,5.950e-11,0.055
M81,18a158_212,A,510.0,3.346e-11,0.066
M81,18a158_212,A,514.0,1.009e-10,0.053
M81,18a158_212,A,518.0,2.114e-10,0.052
M81,18a158_212,A,522.0,4.791e-10,0.056
M81,18a158_212,A,526.0,9.120e-10,0.054
M81,18a158_212,A,530.0,9.986e-11,0.054
M81,18a158_212,A,534.0,2.365e-11,0.062
M81,18a158_212,A,538.0,9.665e-11,0.054
M81,18a158_212,A,542.0,5.704e-11,0.042
M81,18a158_212,A,546.0,6.277e-12,0.038
M81,18a158_212,A,550.0,3.885e-11,0.057
M81,18a158_212,A,554.0,3.841e-11,0.066
M81,18a158_212,A,558.0,1.444e-10,0.068
M81,18a158_212,A,562.0,3.491e-10,0.064
M81,18a158_212,A,566.0,3.270e-10,0.064
M81,18a158_212,A,570.0,9.231e-12,0.061
M81,18a158_212,A,574.0,3.252e-11,0.059
M81,18a158_212,A,578.0,1.025e-10,0.050
M81,18a158_212,A,582.0,1.073e-10,0.050
M81,18a158_212,A,586.0,7.485e-12,0.044
M81,18a158_212,A,590.0,2.329e-11,0.047
M81,18a158_212,A,594.0,3.931e-11,0.051
M81,18a158_212,A,598.0,4.119e-11,0.051
M81,18a158_212,A,602.0,9.415e-11,0.057
M81,18a158_212,A,606.0,2.678e-10,0.043
M81,18a158_212,A,610.0,3.751e-10,0.044
M81,18a158_212,A,614.0,7.161e-10,0.040
M81,18a158_212,A,618.0,5.181e-10,0.037
M81,18a158_212,A,622.0,3.719e-10,0.029
M81,18a158_212,A,626.0,2.703e-10,0.026
M81,18a158_212,A,630.0,5.627e-11,0.018
M81,18a158_212,A,634.0,1.104e-11,0.012
M81,18a158_212,A,638.0,5.741e-12,0.016
M81,18a158_212,A,642.0,5.691e-12,0.021
M81,18a158_212,A,646.0,3.542e-12,0.023
M81,18a158_212,A,650.0,1.609e-10,0.026
M81,18a158_212,A,654.0,2.535e-10,0.028
M81,18a158_212,A,658.0,2.112e-10,0.031
M81,18a158_212,A,662.0,3.189e-10,0.026
M81,18a158_212,A,666.0,8.124e-11,0.024
M81,18a158_212,A,670.0,1.343e-11,0.020
M81,18a158_212,A,674.0,2.835e-11,0.024
M81,18a158_212,A,678.0,1.250e-11,0.020
M81,18a158_212,A,682.0,1.202e-10,0.016
M81,18a158_212,A,686.0,1.144e-11,0.013
M81,18a158_212,A,690.0,6.561e-13,0.011
M81,18a158_212,A,694.0,2.195e-13,0.007
M81,18a158_212,A,698.0,1.075e-12,0.009
M81,18a158_212,A,702.0,4.829e-11,0.013
M81,18a158_212,A,706.0,1.457e-11,0.015
M81,18a158_212,A,710.0,8.803e-12,0.013
M81,18a158_212,A,714.0,2.890e-13,0.011
M81,18a158_212,A,718.0,7.071e-12,0.010
M81,18a158_212,A,722.0,1.517e-13,0.006
M81,18a158_212,A,726.0,2.738e-14,0.005
M81,18a158_212,A,730.0,9.530e-13,0.007
M81,18a158_212,A,734.0,1.295e-11,0.008
M81,18a158_212,A,738.0,5.973e-12,0.009
M81,18a158_212,A,742.0,1.588e-13,0.009
M81,18a158_212,A,746.0,3.286e-14,0.008
M81,18a158_212,A,750.0,1.553e-12,0.008
M81,18a158_212,A,754.0,7.577e-11,0.009
M81,18a158_212,A,758.0,3.850e-12,0.011
M81,18a158_212,A,762.0,5.601e-12,0.013
M81,18a158_212,A,766.0,1.234e-10,0.010
M81,18a158_212,A,770.0,9.671e-12,0.008
M81,18a158_212,A,774.0,3.699e-13,0.006
M81,18a158_212,A,778.0,1.747e-12,0.004
M81,18a158_212,A,782.0,4.672e-13,0.003
M81,18a158_212,A,786.0,1.829e-14,0.001
M81,18a158_212,B,2.0,2.370e-7,1.000
M81,18a158_212,B,6.0,2.750e-7,1.000
M81,18a158_212,B,10.0,1.961e-7,1.000
M81,18a158_212,B,14.0,1.246e-7,1.000
M81,18a158_212,B,18.0,8.866e-8,1.000
M81,18a158_212,B,22.0,6.520e-8,1.000
M81,18a158_212,B,26.0,5.129e-8,1.000
M81,18a158_212,B,30.0,4.227e-8,1.000
M81,18a158_212,B,34.0,3.583e-8,1.000
M81,18a158_212,B,38.0,3.051e-8,1.000
M81,18a158_212,B,42.0,2.820e-8,1.000
M81,18a158_212,B,46.0,2.316e-8,1.000
M81,18a158_212,B,50.0,2.002e-8,1.000
M81,18a158_212,B,54.0,1.749e-8,1.000
M81,18a158_212,B,58.0,1.526e-8,1.000
M81,18a158_212,B,62.0,1.359e-8,1.000
M81,18a158_212,B,66.0,1.189e-8,1.000
M81,18a158_212,B,70.0,1.029e-8,1.000
M81,18a158_212,B,74.0,8.847e-9,1.000
M81,18a158_212,B,78.0,7.749e-9,1.000
M81,18a158_212,B,82.0,6.778e-9,1.000
M81,18a158_212,B,86.0,5.764e-9,1.000
M81,18a158_212,B,90.0,5.019e-9,1.000
M81,18a158_212,B,94.0,4.346e-9,1.000
M81,18a158_212,B,98.0,3.782e-9,1.000
M81,18a158_212,B,102.0,3.295e-9,1.000
M81,18a158_212,B,106.0,3.534e-9,1.000
M81,18a158_212,B,110.0,2.673e-9,1.000
M81,18a158_212,B,114.0,2.274e-9,1.000
M81,18a158_212,B,118.0,1.945e-9,0.994
M81,18a158_212,B,122.0,1.905e-9,0.971
M81,18a158_212,B,126.0,1.492e-9,0.966
M81,18a158_212,B,130.0,1.352e-9,0.961
M81,18a158_212,B,134.0,1.148e-9,0.944
M81,18a158_212,B,138.0,9.181e-10,0.934
M81,18a158_212,B,142.0,8.865e-10,0.870
M81,18a158_212,B,146.0,2.293e-9,0.788
M81,18a158_212,B,150.0,2.122e-9,0.728
M81,18a158_212,B,154.0,6.178e-10,0.673
M81,18a158_212,B,158.0,4.256e-10,0.642
M81,18a158_212,B,162.0,3.810e-10,0.588
M81,18a158_212,B,166.0,3.858e-10,0.540
M81,18a158_212,B,170.0,3.353e-10,0.493
M81,18a158_212,B,174.0,2.843e-10,0.441
M81,18a158_212,B,178.0,2.401e-10,0.429
M81,18a158_212,B,182.0,2.336e-10,0.397
M81,18a158_212,B,186.0,2.306e-10,0.381
M81,18a158_212,B,190.0,1.739e-10,0.394
M81,18a158_212,B,194.0,1.564e-10,0.395
M81,18a158_212,B,198.0,4.835e-10,0.388
M81,18a158_212,B,202.0,2.665e-10,0.374
M81,18a158_212,B,206.0,1.338e-10,0.337
M81,18a158_212,B,210.0,3.076e-10,0.286
M81,18a158_212,B,214.0,1.724e-9,0.243
M81,18a158_212,B,218.0,6.683e-10,0.257
M81,18a158_212,B,222.0,1.520e-10,0.246
M81,18a158_212,B,226.0,8.464e-11,0.214
M81,18a158_212,B,230.0,3.859e-11,0.196
M81,18a158_212,B,234.0,4.599e-11,0.166
M81,18a158_212,B,238.0,5.162e-11,0.164
M81,18a158_212,B,242.0,5.911e-11,0.207
M81,18a158_212,B,246.0,6.225e-11,0.234
M81,18a158_212,B,250.0,7.840e-11,0.252
M81,18a158_212,B,254.0,8.175e-11,0.227
M81,18a158_212,B,258.0,2.042e-10,0.217
M81,18a158_212,B,262.0,9.239e-11,0.227
M81,18a158_212,B,266.0,1.852e-10,0.232
M81,18a158_212,B,270.0,7.382e-11,0.215
M81,18a158_212,B,274.0,5.674e-11,0.204
M81,18a158_212,B,278.0,6.346e-11,0.189
M81,18a158_212,B,282.0,1.220e-10,0.178
M81,18a158_212,B,286.0,7.114e-11,0.156
M81,18a158_212,B,290.0,1.065e-10,0.172
M81,18a158_212,B,294.0,1.131e-9,0.198
M81,18a158_212,B,298.0,2.549e-9,0.203
M81,18a158_212,B,302.0,1.505e-10,0.167
M81,18a158_212,B,306.0,5.286e-11,0.140
M81,18a158_212,B,310.0,5.369e-11,0.119
M81,18a158_212,B,314.0,6.342e-11,0.093
M81,18a158_212,B,318.0,4.456e-11,0.075
M81,18a158_212,B,322.0,4.421e-11,0.067
M81,18a158_212,B,326.0,2.159e-11,0.054
M81,18a158_212,B,330.0,1.551e-11,0.062
M81,18a158_212,B,334.0,3.114e-11,0.082
M81,18a158_212,B,338.0,4.979e-11,0.106
M81,18a158_212,B,342.0,9.925e-11,0.131
M81,18a158_212,B,346.0,1.543e-10,0.128
M81,18a158_212,B,350.0,1.684e-10,0.131
M81,18a158_212,B,354.0,9.086e-11,0.135
M81,18a158_212,B,358.0,4.562e-11,0.146
M81,18a158_212,B,362.0,7.500e-11,0.144
M81,18a158_212,B,366.0,8.662e-10,0.133
M81,18a158_212,B,370.0,4.101e-10,0.128
M81,18a158_212,B,374.0,2.816e-11,0.129
M81,18a158_212,B,378.0,3.065e-11,0.116
M81,18a158_212,B,382.0,1.062e-10,0.097
M81,18a158_212,B,386.0,2.405e-11,0.081
M81,18a158_212,B,390.0,1.873e-11,0.065
M81,18a158_212,B,394.0,3.555e-11,0.046
M81,18a158_212,B,398.0,5.981e-10,0.047
M81,18a158_212,B,402.0,8.919e-11,0.042
M81,18a158_212,B,406.0,4.296e-11,0.030
M81,18a158_212,B,410.0,5.160e-10,0.022
M81,18a158_212,B,414.0,1.931e-10,0.017
M81,18a158_212,B,418.0,1.214e-11,0.018
M81,18a158_212,B,422.0,3.460e-11,0.017
M81,18a158_212,B,426.0,1.447e-12,0.010
M81,18a158_212,B,430.0,1.827e-12,0.014
M81,18a158_212,B,434.0,5.999e-12,0.024
M81,18a158_212,B,438.0,2.637e-11,0.026
M81,18a158_212,B,442.0,6.145e-10,0.029
M81,18a158_212,B,446.0,2.100e-10,0.030
M81,18a158_212,B,450.0,9.507e-12,0.025
M81,18a158_212,B,454.0,6.536e-12,0.023
M81,18a158_212,B,458.0,4.530e-11,0.018
M81,18a158_212,B,462.0,9.290e-12,0.016
M81,18a158_212,B,466.0,3.110e-11,0.011
M81,18a158_212,B,470.0,3.056e-12,0.019
M81,18a158_212,B,474.0,1.210e-11,0.032
M81,18a158_212,B,478.0,2.447e-11,0.043
M81,18a158_212,B,482.0,2.396e-10,0.060
M81,18a158_212,B,486.0,5.081e-10,0.057
M81,18a158_212,B,490.0,1.133e-9,0.067
M81,18a158_212,B,494.0,1.296e-9,0.061
M81,18a158_212,B,498.0,1.866e-9,0.058
M81,18a158_212,B,502.0,8.357e-11,0.055
M81,18a158_212,B,506.0,5.797e-11,0.050
M81,18a158_212,B,510.0,3.097e-11,0.058
M81,18a158_212,B,514.0,1.001e-10,0.044
M81,18a158_212,B,518.0,2.110e-10,0.042
M81,18a158_212,B,522.0,4.773e-10,0.044
M81,18a158_212,B,526.0,9.098e-10,0.046
M81,18a158_212,B,530.0,9.773e-11,0.040
M81,18a158_212,B,534.0,2.027e-11,0.045
M81,18a158_212,B,538.0,9.216e-11,0.038
M81,18a158_212,B,542.0,5.435e-11,0.034
M81,18a158_212,B,546.0,4.392e-12,0.025
M81,18a158_212,B,550.0,3.461e-11,0.040
M81,18a158_212,B,554.0,3.499e-11,0.044
M81,18a158_212,B,558.0,1.423e-10,0.043
M81,18a158_212,B,562.0,3.447e-10,0.045
M81,18a158_212,B,566.0,3.226e-10,0.046
M81,18a158_212,B,570.0,6.840e-12,0.040
M81,18a158_212,B,574.0,2.895e-11,0.040
M81,18a158_212,B,578.0,9.887e-11,0.033
M81,18a158_212,B,582.0,1.042e-10,0.029
M81,18a158_212,B,586.0,5.749e-12,0.022
M81,18a158_212,B,590.0,2.043e-11,0.023
M81,18a158_212,B,594.0,3.596e-11,0.028
M81,18a158_212,B,598.0,3.876e-11,0.036
M81,18a158_212,B,602.0,9.136e-11,0.043
M81,18a158_212,B,606.0,2.650e-10,0.037
M81,18a158_212,B,610.0,3.732e-10,0.036
M81,18a158_212,B,614.0,7.140e-10,0.035
M81,18a158_212,B,618.0,5.172e-10,0.032
M81,18a158_212,B,622.0,3.711e-10,0.028
M81,18a158_212,B,626.0,2.690e-10,0.023
M81,18a158_212,B,630.0,5.476e-11,0.016
M81,18a158_212,B,634.0,9.715e-12,0.011
M81,18a158_212,B,638.0,4.393e-12,0.013
M81,18a158_212,B,642.0,4.649e-12,0.017
M81,18a158_212,B,646.0,3.313e-12,0.020
M81,18a158_212,B,650.0,1.603e-10,0.025
M81,18a158_212,B,654.0,2.527e-10,0.026
M81,18a158_212,B,658.0,2.103e-10,0.027
M81,18a158_212,B,662.0,3.181e-10,0.020
M81,18a158_212,B,666.0,8.065e-11,0.018
M81,18a158_212,B,670.0,1.244e-11,0.013
M81,18a158_212,B,674.0,2.712e-11,0.017
M81,18a158_212,B,678.0,1.116e-11,0.013
M81,18a158_212,B,682.0,1.194e-10,0.009
M81,18a158_212,B,686.0,1.070e-11,0.009
M81,18a158_212,B,690.0,4.028e-13,0.009
M81,18a158_212,B,694.0,9.084e-14,0.006
M81,18a158_212,B,698.0,6.728e-13,0.008
M81,18a158_212,B,702.0,4.745e-11,0.009
M81,18a158_212,B,706.0,1.342e-11,0.009
M81,18a158_212,B,710.0,8.155e-12,0.008
M81,18a158_212,B,714.0,1.260e-13,0.005
M81,18a158_212,B,718.0,6.216e-12,0.005
M81,18a158_212,B,722.0,7.575e-14,0.001
M81,18a158_212,B,730.0,5.956e-13,0.001
M81,18a158_212,B,734.0,1.273e-11,0.002
M81,18a158_212,B,738.0,5.128e-12,0.002
M81,18a158_212,B,742.0,3.425e-14,0.003
M81,18a158_212,B,746.0,1.562e-14,0.004
M81,18a158_212,B,750.0,1.173e-12,0.007
M81,18a158_212,B,754.0,7.514e-11,0.009
M81,18a158_212,B,758.0,3.272e-12,0.010
M81,18a158_212,B,762.0,4.931e-12,0.012
M81,18a158_212,B,766.0,1.228e-10,0.009
M81,18a158_212,B,770.0,9.332e-12,0.007
M81,18a158_212,B,774.0,3.036e-13,0.006
M81,18a158_212,B,778.0,1.651e-12,0.004
M81,18a158_212,B,782.0,2.994e-13,0.003
M81,18a158_212,B,786.0,4.516e-15,0.001
M81,12a152_212,A,2.0,2.363e-7,1.000
M81,12a152_212,A,6.0,2.858e-7,1.000
M81,12a152_212,A,10.0,1.996e-7,1.000
M81,12a152_212,A,14.0,1.239e-7,1.000
M81,12a152_212,A,18.0,8.848e-8,1.000
M81,12a152_212,A,22.0,6.619e-8,1.000
M81,12a152_212,A,26.0,5.202e-8,1.000
M81,12a152_212,A,30.0,4.215e-8,1.000
M81,12a152_212,A,34.0,3.539e-8,1.000
M81,12a152_212,A,38.0,3.046e-8,1.000
M81,12a152_212,A,42.0,2.802e-8,1.000
M81,12a152_212,A,46.0,2.327e-8,1.000
M81,12a152_212,A,50.0,1.996e-8,1.000
M81,12a152_212,A,54.0,1.748e-8,1.000
M81,12a152_212,A,58.0,1.531e-8,1.000
M81,12a152_212,A,62.0,1.361e-8,1.000
M81,12a152_212,A,66.0,1.190e-8,1.000
M81,12a152_212,A,70.0,1.025e-8,1.000
M81,12a152_212,A,74.0,8.832e-9,1.000
M81,12a152_212,A,78.0,7.813e-9,1.000
M81,12a152_212,A,82.0,6.940e-9,1.000
M81,12a152_212,A,86.0,6.052e-9,1.000
M81,12a152_212,A,90.0,5.261e-9,1.000
M81,12a152_212,A,94.0,4.555e-9,1.000
M81,12a152_212,A,98.0,3.968e-9,1.000
M81,12a152_212,A,102.0,3.562e-9,1.000
M81,12a152_212,A,106.0,3.671e-9,1.000
M81,12a152_212,A,110.0,3.090e-9,1.000
M81,12a152_212,A,114.0,2.467e-9,1.000
M81,12a152_212,A,118.0,2.172e-9,1.000
M81,12a152_212,A,122.0,2.083e-9,0.995
M81,12a152_212,A,126.0,1.687e-9,0.976
M81,12a152_212,A,130.0,1.543e-9,0.966
M81,12a152_212,A,134.0,1.308e-9,0.954
M81,12a152_212,A,138.0,1.094e-9,0.962
M81,12a152_212,A,142.0,9.903e-10,0.891
M81,12a152_212,A,146.0,2.591e-9,0.832
M81,12a152_212,A,150.0,1.957e-9,0.776
M81,12a152_212,A,154.0,6.726e-10,0.728
M81,12a152_212,A,158.0,4.924e-10,0.678
M81,12a152_212,A,162.0,4.509e-10,0.634
M81,12a152_212,A,166.0,4.577e-10,0.573
M81,12a152_212,A,170.0,4.184e-10,0.548
M81,12a152_212,A,174.0,3.432e-10,0.500
M81,12a152_212,A,178.0,3.008e-10,0.463
M81,12a152_212,A,182.0,2.826e-10,0.429
M81,12a152_212,A,186.0,2.848e-10,0.431
M81,12a152_212,A,190.0,2.187e-10,0.442
M81,12a152_212,A,194.0,1.901e-10,0.440
M81,12a152_212,A,198.0,6.007e-10,0.443
M81,12a152_212,A,202.0,2.875e-10,0.431
M81,12a152_212,A,206.0,1.623e-10,0.400
M81,12a152_212,A,210.0,2.079e-10,0.341
M81,12a152_212,A,214.0,1.506e-9,0.307
M81,12a152_212,A,218.0,9.614e-10,0.287
M81,12a152_212,A,222.0,1.139e-10,0.274
M81,12a152_212,A,226.0,1.083e-10,0.288
M81,12a152_212,A,230.0,5.183e-11,0.280
M81,12a152_212,A,234.0,5.588e-11,0.229
M81,12a152_212,A,238.0,6.861e-11,0.266
M81,12a152_212,A,242.0,7.457e-11,0.292
M81,12a152_212,A,246.0,8.229e-11,0.294
M81,12a152_212,A,250.0,9.286e-11,0.297
M81,12a152_212,A,254.0,1.375e-10,0.287
M81,12a152_212,A,258.0,1.790e-10,0.266
M81,12a152_212,A,262.0,1.171e-10,0.286
M81,12a152_212,A,266.0,1.979e-10,0.306
M81,12a152_212,A,270.0,8.051e-11,0.284
M81,12a152_212,A,274.0,6.781e-11,0.281
M81,12a152_212,A,278.0,7.860e-11,0.256
M81,12a152_212,A,282.0,1.231e-10,0.225
M81,12a152_212,A,286.0,9.332e-11,0.207
M81,12a152_212,A,290.0,1.295e-10,0.225
M81,12a152_212,A,294.0,8.064e-10,0.249
M81,12a152_212,A,298.0,2.419e-9,0.251
M81,12a152_212,A,302.0,3.411e-10,0.232
M81,12a152_212,A,306.0,7.001e-11,0.206
M81,12a152_212,A,310.0,6.290e-11,0.176
M81,12a152_212,A,314.0,7.285e-11,0.131
M81,12a152_212,A,318.0,4.637e-11,0.094
M81,12a152_212,A,322.0,5.338e-11,0.080
M81,12a152_212,A,326.0,2.916e-11,0.074
M81,12a152_212,A,330.0,1.974e-11,0.080
M81,12a152_212,A,334.0,3.859e-11,0.115
M81,12a152_212,A,338.0,5.753e-11,0.135
M81,12a152_212,A,342.0,1.107e-10,0.165
M81,12a152_212,A,346.0,2.148e-10,0.163
M81,12a152_212,A,350.0,1.358e-10,0.164
M81,12a152_212,A,354.0,9.081e-11,0.164
M81,12a152_212,A,358.0,7.149e-11,0.173
M81,12a152_212,A,362.0,9.169e-11,0.163
M81,12a152_212,A,366.0,8.367e-10,0.157
M81,12a152_212,A,370.0,5.208e-10,0.160
M81,12a152_212,A,374.0,3.769e-11,0.155
M81,12a152_212,A,378.0,4.457e-11,0.142
M81,12a152_212,A,382.0,1.045e-10,0.127
M81,12a152_212,A,386.0,2.560e-11,0.112
M81,12a152_212,A,390.0,2.371e-11,0.102
M81,12a152_212,A,394.0,5.251e-11,0.075
M81,12a152_212,A,398.0,6.534e-10,0.064
M81,12a152_212,A,402.0,5.733e-11,0.049
M81,12a152_212,A,406.0,4.082e-11,0.036
M81,12a152_212,A,410.0,4.935e-10,0.028
M81,12a152_212,A,414.0,2.135e-10,0.025
M81,12a152_212,A,418.0,1.378e-11,0.026
M81,12a152_212,A,422.0,2.869e-11,0.022
M81,12a152_212,A,426.0,1.840e-12,0.022
M81,12a152_212,A,430.0,2.031e-12,0.019
M81,12a152_212,A,434.0,6.829e-12,0.028
M81,12a152_212,A,438.0,2.479e-11,0.030
M81,12a152_212,A,442.0,6.872e-10,0.033
M81,12a152_212,A,446.0,1.593e-10,0.030
M81,12a152_212,A,450.0,1.083e-11,0.029
M81,12a152_212,A,454.0,7.446e-12,0.029
M81,12a152_212,A,458.0,5.036e-11,0.028
M81,12a152_212,A,462.0,1.679e-11,0.023
M81,12a152_212,A,466.0,1.781e-11,0.013
M81,12a152_212,A,470.0,3.607e-12,0.026
M81,12a152_212,A,474.0,1.186e-11,0.042
M81,12a152_212,A,478.0,3.183e-11,0.051
M81,12a152_212,A,482.0,1.532e-10,0.059
M81,12a152_212,A,486.0,4.937e-10,0.064
M81,12a152_212,A,490.0,1.427e-9,0.071
M81,12a152_212,A,494.0,1.076e-9,0.061
M81,12a152_212,A,498.0,2.025e-9,0.056
M81,12a152_212,A,502.0,7.786e-11,0.057
M81,12a152_212,A,506.0,6.774e-11,0.055
M81,12a152_212,A,510.0,3.624e-11,0.060
M81,12a152_212,A,514.0,7.391e-11,0.051
M81,12a152_212,A,518.0,1.549e-10,0.040
M81,12a152_212,A,522.0,4.896e-10,0.047
M81,12a152_212,A,526.0,1.032e-9,0.044
M81,12a152_212,A,530.0,6.858e-11,0.043
M81,12a152_212,A,534.0,2.182e-11,0.047
M81,12a152_212,A,538.0,1.018e-10,0.042
M81,12a152_212,A,542.0,5.352e-11,0.038
M81,12a152_212,A,546.0,5.804e-12,0.032
M81,12a152_212,A,550.0,1.905e-11,0.049
M81,12a152_212,A,554.0,4.097e-11,0.047
M81,12a152_212,A,558.0,1.373e-10,0.053
M81,12a152_212,A,562.0,4.407e-10,0.054
M81,12a152_212,A,566.0,2.307e-10,0.053
M81,12a152_212,A,570.0,9.868e-12,0.050
M81,12a152_212,A,574.0,1.760e-11,0.047
M81,12a152_212,A,578.0,1.399e-10,0.039
M81,12a152_212,A,582.0,7.797e-11,0.040
M81,12a152_212,A,586.0,9.182e-12,0.035
M81,12a152_212,A,590.0,2.362e-11,0.031
M81,12a152_212,A,594.0,3.812e-11,0.037
M81,12a152_212,A,598.0,4.275e-11,0.040
M81,12a152_212,A,602.0,1.024e-10,0.049
M81,12a152_212,A,606.0,2.563e-10,0.036
M81,12a152_212,A,610.0,3.978e-10,0.040
M81,12a152_212,A,614.0,6.123e-10,0.037
M81,12a152_212,A,618.0,3.889e-10,0.037
M81,12a152_212,A,622.0,4.828e-10,0.028
M81,12a152_212,A,626.0,2.560e-10,0.025
M81,12a152_212,A,630.0,8.212e-11,0.015
M81,12a152_212,A,634.0,1.408e-11,0.010
M81,12a152_212,A,638.0,4.867e-12,0.014
M81,12a152_212,A,642.0,5.494e-12,0.019
M81,12a152_212,A,646.0,3.316e-12,0.023
M81,12a152_212,A,650.0,1.659e-10,0.025
M81,12a152_212,A,654.0,2.509e-10,0.028
M81,12a152_212,A,658.0,2.003e-10,0.029
M81,12a152_212,A,662.0,2.776e-10,0.022
M81,12a152_212,A,666.0,6.803e-11,0.019
M81,12a152_212,A,670.0,1.422e-11,0.012
M81,12a152_212,A,674.0,1.969e-11,0.016
M81,12a152_212,A,678.0,1.403e-11,0.015
M81,12a152_212,A,682.0,1.222e-10,0.011
M81,12a152_212,A,686.0,8.845e-12,0.010
M81,12a152_212,A,690.0,4.714e-13,0.009
M81,12a152_212,A,694.0,1.093e-13,0.007
M81,12a152_212,A,698.0,8.551e-13,0.008
M81,12a152_212,A,702.0,4.413e-11,0.009
M81,12a152_212,A,706.0,1.930e-11,0.009
M81,12a152_212,A,710.0,1.005e-11,0.008
M81,12a152_212,A,714.0,1.610e-13,0.006
M81,12a152_212,A,718.0,6.018e-12,0.004
M81,12a152_212,A,722.0,3.679e-13,0.004
M81,12a152_212,A,726.0,1.586e-15,0.004
M81,12a152_212,A,730.0,3.402e-13,0.005
M81,12a152_212,A,734.0,1.785e-11,0.007
M81,12a152_212,A,738.0,5.397e-12,0.007
M81,12a152_212,A,742.0,6.397e-14,0.006
M81,12a152_212,A,746.0,3.102e-14,0.006
M81,12a152_212,A,750.0,2.734e-12,0.007
M81,12a152_212,A,754.0,6.260e-11,0.009
M81,12a152_212,A,758.0,1.218e-11,0.010
M81,12a152_212,A,762.0,9.561e-12,0.013
M81,12a152_212,A,766.0,1.207e-10,0.009
M81,12a152_212,A,770.0,2.008e-11,0.008
M81,12a152_212,A,774.0,3.626e-13,0.005
M81,12a152_212,A,778.0,1.598e-12,0.004
M81,12a152_212,A,782.0,4.327e-13,0.004
M81,12a152_212,A,786.0,7.412e-15,0.001
M81,12a152_212,A,802.0,4.043e-14,0.000
M81,12a152_212,A,806.0,5.731e-13,0.001
M81,12a152_212,A,810.0,4.468e-15,0.000
M81,12a152_212,A,814.0,1.715e-13,0.001
M81,12a152_212,A,818.0,9.648e-20,0.000
M81,12a152_212,A,822.0,1.155e-14,0.003
M81,12a152_212,A,826.0,5.254e-13,0.004
M81,12a152_212,A,830.0,3.349e-11,0.003
M81,12a152_212,B,2.0,2.363e-7,1.000
M81,12a152_212,B,6.0,2.858e-7,1.000
M81,12a152_212,B,10.0,1.996e-7,1.000
M81,12a152_212,B,14.0,1.239e-7,1.000
M81,12a152_212,B,18.0,8.848e-8,1.000
M81,12a152_212,B,22.0,6.619e-8,1.000
M81,12a152_212,B,26.0,5.202e-8,1.000
M81,12a152_212,B,30.0,4.215e-8,1.000
M81,12a152_212,B,34.0,3.539e-8,1.000
M81,12a152_212,B,38.0,3.046e-8,1.000
M81,12a152_212,B,42.0,2.802e-8,1.000
M81,12a152_212,B,46.0,2.327e-8,1.000
M81,12a152_212,B,50.0,1.996e-8,1.000
M81,12a152_212,B,54.0,1.748e-8,1.000
M81,12a152_212,B,58.0,1.531e-8,1.000
M81,12a152_212,B,62.0,1.361e-8,1.000
M81,12a152_212,B,66.0,1.189e-8,1.000
M81,12a152_212,B,70.0,1.017e-8,1.000
M81,12a152_212,B,74.0,8.630e-9,1.000
M81,12a152_212,B,78.0,7.468e-9,1.000
M81,12a152_212,B,82.0,6.495e-9,1.000
M81,12a152_212,B,86.0,5.517e-9,1.000
M81,12a152_212,B,90.0,4.612e-9,1.000
M81,12a152_212,B,94.0,3.876e-9,1.000
M81,12a152_212,B,98.0,3.260e-9,1.000
M81,12a152_212,B,102.0,2.875e-9,1.000
M81,12a152_212,B,106.0,2.989e-9,1.000
M81,12a152_212,B,110.0,2.427e-9,1.000
M81,12a152_212,B,114.0,1.856e-9,1.000
M81,12a152_212,B,118.0,1.592e-9,0.977
M81,12a152_212,B,122.0,1.547e-9,0.960
M81,12a152_212,B,126.0,1.206e-9,0.946
M81,12a152_212,B,130.0,1.099e-9,0.915
M81,12a152_212,B,134.0,9.187e-10,0.885
M81,12a152_212,B,138.0,7.647e-10,0.871
M81,12a152_212,B,142.0,7.194e-10,0.777
M81,12a152_212,B,146.0,2.348e-9,0.711
M81,12a152_212,B,150.0,1.743e-9,0.655
M81,12a152_212,B,154.0,4.928e-10,0.623
M81,12a152_212,B,158.0,3.294e-10,0.579
M81,12a152_212,B,162.0,2.895e-10,0.509
M81,12a152_212,B,166.0,2.967e-10,0.465
M81,12a152_212,B,170.0,2.706e-10,0.418
M81,12a152_212,B,174.0,2.093e-10,0.382
M81,12a152_212,B,178.0,1.792e-10,0.357
M81,12a152_212,B,182.0,1.692e-10,0.336
M81,12a152_212,B,186.0,1.770e-10,0.347
M81,12a152_212,B,190.0,1.245e-10,0.322
M81,12a152_212,B,194.0,1.095e-10,0.306
M81,12a152_212,B,198.0,5.233e-10,0.291
M81,12a152_212,B,202.0,2.207e-10,0.270
M81,12a152_212,B,206.0,1.046e-10,0.261
M81,12a152_212,B,210.0,1.634e-10,0.217
M81,12a152_212,B,214.0,1.465e-9,0.197
M81,12a152_212,B,218.0,9.150e-10,0.211
M81,12a152_212,B,222.0,7.792e-11,0.183
M81,12a152_212,B,226.0,7.610e-11,0.165
M81,12a152_212,B,230.0,2.456e-11,0.149
M81,12a152_212,B,234.0,2.826e-11,0.096
M81,12a152_212,B,238.0,3.603e-11,0.101
M81,12a152_212,B,242.0,4.311e-11,0.116
M81,12a152_212,B,246.0,4.054e-11,0.148
M81,12a152_212,B,250.0,5.047e-11,0.179
M81,12a152_212,B,254.0,9.060e-11,0.177
M81,12a152_212,B,258.0,1.367e-10,0.166
M81,12a152_212,B,262.0,7.041e-11,0.170
M81,12a152_212,B,266.0,1.605e-10,0.163
M81,12a152_212,B,270.0,5.178e-11,0.143
M81,12a152_212,B,274.0,3.503e-11,0.141
M81,12a152_212,B,278.0,4.676e-11,0.136
M81,12a152_212,B,282.0,9.274e-11,0.120
M81,12a152_212,B,286.0,6.771e-11,0.115
M81,12a152_212,B,290.0,9.900e-11,0.132
M81,12a152_212,B,294.0,7.691e-10,0.158
M81,12a152_212,B,298.0,2.391e-9,0.127
M81,12a152_212,B,302.0,3.167e-10,0.108
M81,12a152_212,B,306.0,4.683e-11,0.102
M81,12a152_212,B,310.0,4.045e-11,0.083
M81,12a152_212,B,314.0,5.756e-11,0.063
M81,12a152_212,B,318.0,3.228e-11,0.056
M81,12a152_212,B,322.0,3.739e-11,0.057
M81,12a152_212,B,326.0,1.721e-11,0.047
M81,12a152_212,B,330.0,9.171e-12,0.046
M81,12a152_212,B,334.0,2.390e-11,0.052
M81,12a152_212,B,338.0,3.890e-11,0.078
M81,12a152_212,B,342.0,8.869e-11,0.104
M81,12a152_212,B,346.0,1.934e-10,0.099
M81,12a152_212,B,350.0,1.095e-10,0.109
M81,12a152_212,B,354.0,6.557e-11,0.111
M81,12a152_212,B,358.0,4.425e-11,0.113
M81,12a152_212,B,362.0,6.502e-11,0.112
M81,12a152_212,B,366.0,8.122e-10,0.113
M81,12a152_212,B,370.0,5.012e-10,0.100
M81,12a152_212,B,374.0,2.092e-11,0.095
M81,12a152_212,B,378.0,2.991e-11,0.075
M81,12a152_212,B,382.0,9.120e-11,0.060
M81,12a152_212,B,386.0,1.448e-11,0.055
M81,12a152_212,B,390.0,1.399e-11,0.042
M81,12a152_212,B,394.0,4.754e-11,0.030
M81,12a152_212,B,398.0,6.480e-10,0.036
M81,12a152_212,B,402.0,5.418e-11,0.034
M81,12a152_212,B,406.0,3.776e-11,0.027
M81,12a152_212,B,410.0,4.917e-10,0.020
M81,12a152_212,B,414.0,2.126e-10,0.015
M81,12a152_212,B,418.0,1.212e-11,0.017
M81,12a152_212,B,422.0,2.664e-11,0.013
M81,12a152_212,B,426.0,1.036e-12,0.007
M81,12a152_212,B,430.0,7.656e-13,0.012
M81,12a152_212,B,434.0,4.182e-12,0.022
M81,12a152_212,B,438.0,2.221e-11,0.026
M81,12a152_212,B,442.0,6.841e-10,0.028
M81,12a152_212,B,446.0,1.565e-10,0.026
M81,12a152_212,B,450.0,9.385e-12,0.022
M81,12a152_212,B,454.0,5.340e-12,0.019
M81,12a152_212,B,458.0,4.778e-11,0.013
M81,12a152_212,B,462.0,1.550e-11,0.007
M81,12a152_212,B,466.0,1.646e-11,0.005
M81,12a152_212,B,470.0,1.984e-12,0.012
M81,12a152_212,B,474.0,8.348e-12,0.029
M81,12a152_212,B,478.0,2.656e-11,0.042
M81,12a152_212,B,482.0,1.480e-10,0.052
M81,12a152_212,B,486.0,4.897e-10,0.058
M81,12a152_212,B,490.0,1.424e-9,0.063
M81,12a152_212,B,494.0,1.074e-9,0.058
M81,12a152_212,B,498.0,2.024e-9,0.052
M81,12a152_212,B,502.0,7.515e-11,0.051
M81,12a152_212,B,506.0,6.593e-11,0.051
M81,12a152_212,B,510.0,3.326e-11,0.055
M81,12a152_212,B,514.0,7.221e-11,0.044
M81,12a152_212,B,518.0,1.541e-10,0.037
M81,12a152_212,B,522.0,4.881e-10,0.042
M81,12a152_212,B,526.0,1.030e-9,0.041
M81,12a152_212,B,530.0,6.701e-11,0.037
M81,12a152_212,B,534.0,1.870e-11,0.041
M81,12a152_212,B,538.0,9.690e-11,0.034
M81,12a152_212,B,542.0,5.067e-11,0.032
M81,12a152_212,B,546.0,4.346e-12,0.024
M81,12a152_212,B,550.0,1.482e-11,0.037
M81,12a152_212,B,554.0,3.808e-11,0.036
M81,12a152_212,B,558.0,1.337e-10,0.038
M81,12a152_212,B,562.0,4.347e-10,0.041
M81,12a152_212,B,566.0,2.251e-10,0.043
M81,12a152_212,B,570.0,6.825e-12,0.040
M81,12a152_212,B,574.0,1.452e-11,0.038
M81,12a152_212,B,578.0,1.362e-10,0.027
M81,12a152_212,B,582.0,7.485e-11,0.024
M81,12a152_212,B,586.0,7.382e-12,0.017
M81,12a152_212,B,590.0,2.140e-11,0.018
M81,12a152_212,B,594.0,3.390e-11,0.024
M81,12a152_212,B,598.0,3.945e-11,0.030
M81,12a152_212,B,602.0,9.768e-11,0.042
M81,12a152_212,B,606.0,2.535e-10,0.034
M81,12a152_212,B,610.0,3.952e-10,0.037
M81,12a152_212,B,614.0,6.095e-10,0.033
M81,12a152_212,B,618.0,3.880e-10,0.034
M81,12a152_212,B,622.0,4.816e-10,0.026
M81,12a152_212,B,626.0,2.540e-10,0.024
M81,12a152_212,B,630.0,8.102e-11,0.014
M81,12a152_212,B,634.0,1.335e-11,0.010
M81,12a152_212,B,638.0,3.913e-12,0.010
M81,12a152_212,B,642.0,4.297e-12,0.016
M81,12a152_212,B,646.0,3.094e-12,0.021
M81,12a152_212,B,650.0,1.652e-10,0.023
M81,12a152_212,B,654.0,2.498e-10,0.025
M81,12a152_212,B,658.0,1.990e-10,0.027
M81,12a152_212,B,662.0,2.769e-10,0.021
M81,12a152_212,B,666.0,6.747e-11,0.017
M81,12a152_212,B,670.0,1.314e-11,0.012
M81,12a152_212,B,674.0,1.813e-11,0.015
M81,12a152_212,B,678.0,1.260e-11,0.013
M81,12a152_212,B,682.0,1.215e-10,0.009
M81,12a152_212,B,686.0,8.198e-12,0.009
M81,12a152_212,B,690.0,2.525e-13,0.008
M81,12a152_212,B,694.0,3.318e-14,0.007
M81,12a152_212,B,698.0,4.487e-13,0.007
M81,12a152_212,B,702.0,4.278e-11,0.008
M81,12a152_212,B,706.0,1.828e-11,0.008
M81,12a152_212,B,710.0,9.638e-12,0.007
M81,12a152_212,B,714.0,3.958e-14,0.004
M81,12a152_212,B,718.0,4.878e-12,0.003
M81,12a152_212,B,722.0,2.200e-13,0.000
M81,12a152_212,B,730.0,2.073e-13,0.000
M81,12a152_212,B,734.0,1.760e-11,0.001
M81,12a152_212,B,738.0,4.612e-12,0.002
M81,12a152_212,B,742.0,7.692e-15,0.002
M81,12a152_212,B,746.0,1.447e-14,0.004
M81,12a152_212,B,750.0,2.551e-12,0.007
M81,12a152_212,B,754.0,6.231e-11,0.009
M81,12a152_212,B,758.0,1.146e-11,0.010
M81,12a152_212,B,762.0,8.773e-12,0.012
M81,12a152_212,B,766.0,1.200e-10,0.008
M81,12a152_212,B,770.0,1.942e-11,0.008
M81,12a152_212,B,774.0,2.749e-13,0.005
M81,12a152_212,B,778.0,1.275e-12,0.004
M81,12a152_212,B,782.0,2.556e-13,0.004
M81,12a152_212,B,786.0,3.659e-15,0.001
M81,12a152_212,B,802.0,2.424e-15,0.000
M81,12a152_212,B,806.0,3.636e-13,0.001
M81,12a152_212,B,814.0,9.419e-14,0.001
M81,12a152_212,B,818.0,6.639e-20,0.000
M81,12a152_212,B,822.0,7.980e-15,0.003
M81,12a152_212,B,826.0,3.542e-13,0.004
M81,12a152_212,B,830.0,3.313e-11,0.003
M81,18a158_220,A,2.0,2.370e-7,1.000
M81,18a158_220,A,6.0,2.750e-7,1.000
M81,18a158_220,A,10.0,1.961e-7,1.000
M81,18a158_220,A,14.0,1.246e-7,1.000
M81,18a158_220,A,18.0,8.866e-8,1.000
M81,18a158_220,A,22.0,6.520e-8,1.000
M81,18a158_220,A,26.0,5.129e-8,1.000
M81,18a158_220,A,30.0,4.227e-8,1.000
M81,18a158_220,A,34.0,3.583e-8,1.000
M81,18a158_220,A,38.0,3.051e-8,1.000
M81,18a158_220,A,42.0,2.820e-8,1.000
M81,18a158_220,A,46.0,2.316e-8,1.000
M81,18a158_220,A,50.0,2.002e-8,1.000
M81,18a158_220,A,54.0,1.749e-8,1.000
M81,18a158_220,A,58.0,1.526e-8,1.000
M81,18a158_220,A,62.0,1.359e-8,1.000
M81,18a158_220,A,66.0,1.189e-8,1.000
M81,18a158_220,A,70.0,1.029e-8,1.000
M81,18a158_220,A,74.0,8.872e-9,1.000
M81,18a158_220,A,78.0,7.840e-9,1.000
M81,18a158_220,A,82.0,6.956e-9,1.000
M81,18a158_220,A,86.0,6.029e-9,1.000
M81,18a158_220,A,90.0,5.359e-9,1.000
M81,18a158_220,A,94.0,4.753e-9,1.000
M81,18a158_220,A,98.0,4.265e-9,1.000
M81,18a158_220,A,102.0,3.836e-9,1.000
M81,18a158_220,A,106.0,4.115e-9,1.000
M81,18a158_220,A,110.0,3.286e-9,1.000
M81,18a158_220,A,114.0,2.877e-9,1.000
M81,18a158_220,A,118.0,2.557e-9,0.997
M81,18a158_220,A,122.0,2.502e-9,0.990
M81,18a158_220,A,126.0,2.091e-9,0.992
M81,18a158_220,A,130.0,1.959e-9,0.997
M81,18a158_220,A,134.0,1.761e-9,0.992
M81,18a158_220,A,138.0,1.494e-9,0.975
M81,18a158_220,A,142.0,1.401e-9,0.957
M81,18a158_220,A,146.0,2.752e-9,0.931
M81,18a158_220,A,150.0,2.534e-9,0.879
M81,18a158_220,A,154.0,9.737e-10,0.823
M81,18a158_220,A,158.0,7.563e-10,0.787
M81,18a158_220,A,162.0,6.984e-10,0.724
M81,18a158_220,A,166.0,6.962e-10,0.660
M81,18a158_220,A,170.0,6.233e-10,0.616
M81,18a158_220,A,174.0,5.531e-10,0.611
M81,18a158_220,A,178.0,4.763e-10,0.587
M81,18a158_220,A,182.0,4.557e-10,0.570
M81,18a158_220,A,186.0,4.299e-10,0.545
M81,18a158_220,A,190.0,3.686e-10,0.579
M81,18a158_220,A,194.0,3.349e-10,0.587
M81,18a158_220,A,198.0,6.459e-10,0.596
M81,18a158_220,A,202.0,4.143e-10,0.576
M81,18a158_220,A,206.0,2.633e-10,0.565
M81,18a158_220,A,210.0,4.083e-10,0.532
M81,18a158_220,A,214.0,1.811e-9,0.469
M81,18a158_220,A,218.0,7.556e-10,0.468
M81,18a158_220,A,222.0,2.395e-10,0.447
M81,18a158_220,A,226.0,1.575e-10,0.465
M81,18a158_220,A,230.0,1.073e-10,0.507
M81,18a158_220,A,234.0,1.170e-10,0.520
M81,18a158_220,A,238.0,1.305e-10,0.539
M81,18a158_220,A,242.0,1.437e-10,0.544
M81,18a158_220,A,246.0,1.599e-10,0.530
M81,18a158_220,A,250.0,1.837e-10,0.532
M81,18a158_220,A,254.0,1.864e-10,0.519
M81,18a158_220,A,258.0,3.004e-10,0.515
M81,18a158_220,A,262.0,1.966e-10,0.530
M81,18a158_220,A,266.0,2.819e-10,0.547
M81,18a158_220,A,270.0,1.543e-10,0.549
M81,18a158_220,A,274.0,1.373e-10,0.528
M81,18a158_220,A,278.0,1.396e-10,0.483
M81,18a158_220,A,282.0,1.863e-10,0.450
M81,18a158_220,A,286.0,1.287e-10,0.448
M81,18a158_220,A,290.0,1.715e-10,0.448
M81,18a158_220,A,294.0,1.210e-9,0.403
M81,18a158_220,A,298.0,2.619e-9,0.396
M81,18a158_220,A,302.0,2.130e-10,0.382
M81,18a158_220,A,306.0,1.103e-10,0.368
M81,18a158_220,A,310.0,1.075e-10,0.346
M81,18a158_220,A,314.0,1.058e-10,0.319
M81,18a158_220,A,318.0,8.162e-11,0.296
M81,18a158_220,A,322.0,8.073e-11,0.246
M81,18a158_220,A,326.0,5.022e-11,0.221
M81,18a158_220,A,330.0,4.441e-11,0.214
M81,18a158_220,A,334.0,6.709e-11,0.240
M81,18a158_220,A,338.0,9.208e-11,0.272
M81,18a158_220,A,342.0,1.509e-10,0.291
M81,18a158_220,A,346.0,2.032e-10,0.275
M81,18a158_220,A,350.0,2.215e-10,0.258
M81,18a158_220,A,354.0,1.439e-10,0.255
M81,18a158_220,A,358.0,1.081e-10,0.249
M81,18a158_220,A,362.0,1.322e-10,0.236
M81,18a158_220,A,366.0,9.194e-10,0.228
M81,18a158_220,A,370.0,4.564e-10,0.216
M81,18a158_220,A,374.0,6.546e-11,0.208
M81,18a158_220,A,378.0,6.658e-11,0.197
M81,18a158_220,A,382.0,1.351e-10,0.179
M81,18a158_220,A,386.0,5.322e-11,0.181
M81,18a158_220,A,390.0,4.335e-11,0.181
M81,18a158_220,A,394.0,5.238e-11,0.174
M81,18a158_220,A,398.0,6.125e-10,0.161
M81,18a158_220,A,402.0,1.003e-10,0.145
M81,18a158_220,A,406.0,4.930e-11,0.099
M81,18a158_220,A,410.0,5.219e-10,0.078
M81,18a158_220,A,414.0,1.967e-10,0.066
M81,18a158_220,A,418.0,1.680e-11,0.058
M81,18a158_220,A,422.0,3.991e-11,0.059
M81,18a158_220,A,426.0,5.332e-12,0.045
M81,18a158_220,A,430.0,5.943e-12,0.044
M81,18a158_220,A,434.0,1.297e-11,0.053
M81,18a158_220,A,438.0,3.187e-11,0.058
M81,18a158_220,A,442.0,6.205e-10,0.054
M81,18a158_220,A,446.0,2.155e-10,0.049
M81,18a158_220,A,450.0,1.270e-11,0.046
M81,18a158_220,A,454.0,1.059e-11,0.049
M81,18a158_220,A,458.0,5.090e-11,0.045
M81,18a158_220,A,462.0,1.400e-11,0.044
M81,18a158_220,A,466.0,3.402e-11,0.049
M81,18a158_220,A,470.0,7.636e-12,0.051
M81,18a158_220,A,474.0,2.026e-11,0.064
M81,18a158_220,A,478.0,3.239e-11,0.072
M81,18a158_220,A,482.0,2.477e-10,0.086
M81,18a158_220,A,486.0,5.133e-10,0.091
M81,18a158_220,A,490.0,1.140e-9,0.102
M81,18a158_220,A,494.0,1.301e-9,0.098
M81,18a158_220,A,498.0,1.868e-9,0.086
M81,18a158_220,A,502.0,8.767e-11,0.076
M81,18a158_220,A,506.0,6.064e-11,0.068
M81,18a158_220,A,510.0,3.542e-11,0.074
M81,18a158_220,A,514.0,1.017e-10,0.062
M81,18a158_220,A,518.0,2.120e-10,0.059
M81,18a158_220,A,522.0,4.801e-10,0.061
M81,18a158_220,A,526.0,9.134e-10,0.060
M81,18a158_220,A,530.0,1.011e-10,0.070
M81,18a158_220,A,534.0,2.627e-11,0.078
M81,18a158_220,A,538.0,9.966e-11,0.071
M81,18a158_220,A,542.0,5.938e-11,0.056
M81,18a158_220,A,546.0,7.984e-12,0.051
M81,18a158_220,A,550.0,4.188e-11,0.076
M81,18a158_220,A,554.0,4.088e-11,0.080
M81,18a158_220,A,558.0,1.459e-10,0.084
M81,18a158_220,A,562.0,3.508e-10,0.076
M81,18a158_220,A,566.0,3.289e-10,0.075
M81,18a158_220,A,570.0,1.127e-11,0.079
M81,18a158_220,A,574.0,3.520e-11,0.079
M81,18a158_220,A,578.0,1.054e-10,0.070
M81,18a158_220,A,582.0,1.094e-10,0.075
M81,18a158_220,A,586.0,9.039e-12,0.061
M81,18a158_220,A,590.0,2.545e-11,0.064
M81,18a158_220,A,594.0,4.143e-11,0.065
M81,18a158_220,A,598.0,4.261e-11,0.059
M81,18a158_220,A,602.0,9.606e-11,0.063
M81,18a158_220,A,606.0,2.690e-10,0.049
M81,18a158_220,A,610.0,3.764e-10,0.048
M81,18a158_220,A,614.0,7.172e-10,0.043
M81,18a158_220,A,618.0,5.187e-10,0.041
M81,18a158_220,A,622.0,3.724e-10,0.032
M81,18a158_220,A,626.0,2.711e-10,0.031
M81,18a158_220,A,630.0,5.759e-11,0.022
M81,18a158_220,A,634.0,1.225e-11,0.016
M81,18a158_220,A,638.0,6.703e-12,0.021
M81,18a158_220,A,642.0,6.298e-12,0.025
M81,18a158_220,A,646.0,3.795e-12,0.028
M81,18a158_220,A,650.0,1.613e-10,0.032
M81,18a158_220,A,654.0,2.539e-10,0.036
M81,18a158_220,A,658.0,2.120e-10,0.040
M81,18a158_220,A,662.0,3.196e-10,0.038
M81,18a158_220,A,666.0,8.166e-11,0.036
M81,18a158_220,A,670.0,1.387e-11,0.031
M81,18a158_220,A,674.0,2.916e-11,0.032
M81,18a158_220,A,678.0,1.298e-11,0.028
M81,18a158_220,A,682.0,1.205e-10,0.023
M81,18a158_220,A,686.0,1.163e-11,0.019
M81,18a158_220,A,690.0,9.242e-13,0.015
M81,18a158_220,A,694.0,3.748e-13,0.010
M81,18a158_220,A,698.0,1.518e-12,0.013
M81,18a158_220,A,702.0,4.894e-11,0.016
M81,18a158_220,A,706.0,1.515e-11,0.017
M81,18a158_220,A,710.0,9.076e-12,0.015
M81,18a158_220,A,714.0,5.406e-13,0.013
M81,18a158_220,A,718.0,7.532e-12,0.013
M81,18a158_220,A,722.0,2.515e-13,0.007
M81,18a158_220,A,726.0,1.014e-13,0.007
M81,18a158_220,A,730.0,1.336e-12,0.007
M81,18a158_220,A,734.0,1.322e-11,0.010
M81,18a158_220,A,738.0,6.307e-12,0.012
M81,18a158_220,A,742.0,3.487e-13,0.010
M81,18a158_220,A,746.0,6.706e-14,0.009
M81,18a158_220,A,750.0,1.715e-12,0.008
M81,18a158_220,A,754.0,7.593e-11,0.010
M81,18a158_220,A,758.0,3.973e-12,0.011
M81,18a158_220,A,762.0,5.816e-12,0.014
M81,18a158_220,A,766.0,1.234e-10,0.010
M81,18a158_220,A,770.0,9.671e-12,0.008
M81,18a158_220,A,774.0,3.711e-13,0.007
M81,18a158_220,A,778.0,1.859e-12,0.005
M81,18a158_220,A,782.0,6.170e-13,0.003
M81,18a158_220,A,786.0,4.282e-14,0.001
M81,18a158_220,A,790.0,1.649e-16,0.000
M81,18a158_220,B,2.0,2.370e-7,1.000
M81,18a158_220,B,6.0,2.750e-7,1.000
M81,18a158_220,B,10.0,1.961e-7,1.000
M81,18a158_220,B,14.0,1.246e-7,1.000
M81,18a158_220,B,18.0,8.866e-8,1.000
M81,18a158_220,B,22.0,6.520e-8,1.000
M81,18a158_220,B,26.0,5.129e-8,1.000
M81,18a158_220,B,30.0,4.227e-8,1.000
M81,18a158_220,B,34.0,3.583e-8,1.000
M81,18a158_220,B,38.0,3.051e-8,1.000
M81,18a158_220,B,42.0,2.820e-8,1.000
M81,18a158_220,B,46.0,2.316e-8,1.000
M81,18a158_220,B,50.0,2.002e-8,1.000
M81,18a158_220,B,54.0,1.749e-8,1.000
M81,18a158_220,B,58.0,1.526e-8,1.000
M81,18a158_220,B,62.0,1.359e-8,1.000
M81,18a158_220,B,66.0,1.189e-8,1.000
M81,18a158_220,B,70.0,1.029e-8,1.000
M81,18a158_220,B,74.0,8.872e-9,1.000
M81,18a158_220,B,78.0,7.840e-9,1.000
M81,18a158_220,B,82.0,6.953e-9,1.000
M81,18a158_220,B,86.0,6.024e-9,1.000
M81,18a158_220,B,90.0,5.339e-9,1.000
M81,18a158_220,B,94.0,4.702e-9,1.000
M81,18a158_220,B,98.0,4.165e-9,1.000
M81,18a158_220,B,102.0,3.690e-9,1.000
M81,18a158_220,B,106.0,3.945e-9,1.000
M81,18a158_220,B,110.0,3.096e-9,1.000
M81,18a158_220,B,114.0,2.680e-9,1.000
M81,18a158_220,B,118.0,2.344e-9,0.997
M81,18a158_220,B,122.0,2.279e-9,0.990
M81,18a158_220,B,126.0,1.848e-9,0.991
M81,18a158_220,B,130.0,1.695e-9,0.981
M81,18a158_220,B,134.0,1.468e-9,0.962
M81,18a158_220,B,138.0,1.201e-9,0.960
M81,18a158_220,B,142.0,1.129e-9,0.940
M81,18a158_220,B,146.0,2.510e-9,0.851
M81,18a158_220,B,150.0,2.311e-9,0.812
M81,18a158_220,B,154.0,7.767e-10,0.762
M81,18a158_220,B,158.0,5.722e-10,0.718
M81,18a158_220,B,162.0,5.235e-10,0.665
M81,18a158_220,B,166.0,5.286e-10,0.605
M81,18a158_220,B,170.0,4.691e-10,0.573
M81,18a158_220,B,174.0,4.076e-10,0.557
M81,18a158_220,B,178.0,3.498e-10,0.519
M81,18a158_220,B,182.0,3.394e-10,0.493
M81,18a158_220,B,186.0,3.247e-10,0.457
M81,18a158_220,B,190.0,2.606e-10,0.474
M81,18a158_220,B,194.0,2.326e-10,0.480
M81,18a158_220,B,198.0,5.523e-10,0.486
M81,18a158_220,B,202.0,3.275e-10,0.477
M81,18a158_220,B,206.0,1.873e-10,0.464
M81,18a158_220,B,210.0,3.487e-10,0.405
M81,18a158_220,B,214.0,1.761e-9,0.342
M81,18a158_220,B,218.0,7.058e-10,0.331
M81,18a158_220,B,222.0,1.897e-10,0.338
M81,18a158_220,B,226.0,1.145e-10,0.337
M81,18a158_220,B,230.0,6.617e-11,0.353
M81,18a158_220,B,234.0,7.425e-11,0.340
M81,18a158_220,B,238.0,8.510e-11,0.383
M81,18a158_220,B,242.0,9.334e-11,0.379
M81,18a158_220,B,246.0,1.033e-10,0.356
M81,18a158_220,B,250.0,1.216e-10,0.364
M81,18a158_220,B,254.0,1.243e-10,0.353
M81,18a158_220,B,258.0,2.439e-10,0.348
M81,18a158_220,B,262.0,1.366e-10,0.369
M81,18a158_220,B,266.0,2.250e-10,0.405
M81,18a158_220,B,270.0,1.056e-10,0.370
M81,18a158_220,B,274.0,8.922e-11,0.358
M81,18a158_220,B,278.0,9.400e-11,0.333
M81,18a158_220,B,282.0,1.483e-10,0.300
M81,18a158_220,B,286.0,9.438e-11,0.290
M81,18a158_220,B,290.0,1.349e-10,0.309
M81,18a158_220,B,294.0,1.165e-9,0.303
M81,18a158_220,B,298.0,2.579e-9,0.305
M81,18a158_220,B,302.0,1.758e-10,0.280
M81,18a158_220,B,306.0,7.620e-11,0.265
M81,18a158_220,B,310.0,7.642e-11,0.244
M81,18a158_220,B,314.0,7.993e-11,0.197
M81,18a158_220,B,318.0,5.847e-11,0.135
M81,18a158_220,B,322.0,5.872e-11,0.108
M81,18a158_220,B,326.0,3.238e-11,0.091
M81,18a158_220,B,330.0,2.674e-11,0.118
M81,18a158_220,B,334.0,4.662e-11,0.169
M81,18a158_220,B,338.0,6.711e-11,0.181
M81,18a158_220,B,342.0,1.203e-10,0.201
M81,18a158_220,B,346.0,1.756e-10,0.199
M81,18a158_220,B,350.0,1.917e-10,0.192
M81,18a158_220,B,354.0,1.136e-10,0.187
M81,18a158_220,B,358.0,7.128e-11,0.193
M81,18a158_220,B,362.0,9.945e-11,0.182
M81,18a158_220,B,366.0,8.881e-10,0.172
M81,18a158_220,B,370.0,4.288e-10,0.174
M81,18a158_220,B,374.0,4.367e-11,0.170
M81,18a158_220,B,378.0,4.575e-11,0.168
M81,18a158_220,B,382.0,1.181e-10,0.151
M81,18a158_220,B,386.0,3.585e-11,0.135
M81,18a158_220,B,390.0,2.859e-11,0.124
M81,18a158_220,B,394.0,4.153e-11,0.110
M81,18a158_220,B,398.0,6.041e-10,0.087
M81,18a158_220,B,402.0,9.334e-11,0.071
M81,18a158_220,B,406.0,4.520e-11,0.048
M81,18a158_220,B,410.0,5.179e-10,0.037
M81,18a158_220,B,414.0,1.941e-10,0.032
M81,18a158_220,B,418.0,1.415e-11,0.031
M81,18a158_220,B,422.0,3.716e-11,0.029
M81,18a158_220,B,426.0,2.736e-12,0.029
M81,18a158_220,B,430.0,3.285e-12,0.025
M81,18a158_220,B,434.0,8.804e-12,0.031
M81,18a158_220,B,438.0,2.865e-11,0.033
M81,18a158_220,B,442.0,6.174e-10,0.034
M81,18a158_220,B,446.0,2.124e-10,0.036
M81,18a158_220,B,450.0,1.101e-11,0.031
M81,18a158_220,B,454.0,8.321e-12,0.032
M81,18a158_220,B,458.0,4.789e-11,0.030
M81,18a158_220,B,462.0,1.166e-11,0.025
M81,18a158_220,B,466.0,3.226e-11,0.023
M81,18a158_220,B,470.0,4.840e-12,0.035
M81,18a158_220,B,474.0,1.572e-11,0.051
M81,18a158_220,B,478.0,2.795e-11,0.058
M81,18a158_220,B,482.0,2.439e-10,0.075
M81,18a158_220,B,486.0,5.108e-10,0.073
M81,18a158_220,B,490.0,1.137e-9,0.079
M81,18a158_220,B,494.0,1.298e-9,0.072
M81,18a158_220,B,498.0,1.867e-9,0.063
M81,18a158_220,B,502.0,8.557e-11,0.061
M81,18a158_220,B,506.0,5.928e-11,0.055
M81,18a158_220,B,510.0,3.306e-11,0.066
M81,18a158_220,B,514.0,1.008e-10,0.053
M81,18a158_220,B,518.0,2.113e-10,0.052
M81,18a158_220,B,522.0,4.789e-10,0.056
M81,18a158_220,B,526.0,9.117e-10,0.054
M81,18a158_220,B,530.0,9.958e-11,0.050
M81,18a158_220,B,534.0,2.309e-11,0.058
M81,18a158_220,B,538.0,9.592e-11,0.051
M81,18a158_220,B,542.0,5.651e-11,0.041
M81,18a158_220,B,546.0,5.912e-12,0.036
M81,18a158_220,B,550.0,3.814e-11,0.056
M81,18a158_220,B,554.0,3.782e-11,0.063
M81,18a158_220,B,558.0,1.441e-10,0.066
M81,18a158_220,B,562.0,3.486e-10,0.064
M81,18a158_220,B,566.0,3.265e-10,0.063
M81,18a158_220,B,570.0,8.849e-12,0.059
M81,18a158_220,B,574.0,3.190e-11,0.056
M81,18a158_220,B,578.0,1.019e-10,0.048
M81,18a158_220,B,582.0,1.068e-10,0.048
M81,18a158_220,B,586.0,7.169e-12,0.043
M81,18a158_220,B,590.0,2.284e-11,0.047
M81,18a158_220,B,594.0,3.881e-11,0.051
M81,18a158_220,B,598.0,4.093e-11,0.051
M81,18a158_220,B,602.0,9.379e-11,0.057
M81,18a158_220,B,606.0,2.675e-10,0.043
M81,18a158_220,B,610.0,3.749e-10,0.043
M81,18a158_220,B,614.0,7.158e-10,0.040
M81,18a158_220,B,618.0,5.180e-10,0.036
M81,18a158_220,B,622.0,3.718e-10,0.029
M81,18a158_220,B,626.0,2.701e-10,0.026
M81,18a158_220,B,630.0,5.600e-11,0.017
M81,18a158_220,B,634.0,1.078e-11,0.012
M81,18a158_220,B,638.0,5.507e-12,0.016
M81,18a158_220,B,642.0,5.574e-12,0.021
M81,18a158_220,B,646.0,3.516e-12,0.023
M81,18a158_220,B,650.0,1.608e-10,0.026
M81,18a158_220,B,654.0,2.534e-10,0.027
M81,18a158_220,B,658.0,2.110e-10,0.031
M81,18a158_220,B,662.0,3.188e-10,0.025
M81,18a158_220,B,666.0,8.116e-11,0.023
M81,18a158_220,B,670.0,1.328e-11,0.019
M81,18a158_220,B,674.0,2.818e-11,0.023
M81,18a158_220,B,678.0,1.235e-11,0.019
M81,18a158_220,B,682.0,1.201e-10,0.016
M81,18a158_220,B,686.0,1.135e-11,0.013
M81,18a158_220,B,690.0,6.054e-13,0.011
M81,18a158_220,B,694.0,1.988e-13,0.007
M81,18a158_220,B,698.0,1.004e-12,0.008
M81,18a158_220,B,702.0,4.816e-11,0.010
M81,18a158_220,B,706.0,1.444e-11,0.012
M81,18a158_220,B,710.0,8.738e-12,0.011
M81,18a158_220,B,714.0,2.541e-13,0.010
M81,18a158_220,B,718.0,6.935e-12,0.007
M81,18a158_220,B,722.0,1.335e-13,0.003
M81,18a158_220,B,726.0,2.225e-14,0.005
M81,18a158_220,B,730.0,8.764e-13,0.007
M81,18a158_220,B,734.0,1.290e-11,0.008
M81,18a158_220,B,738.0,5.928e-12,0.009
M81,18a158_220,B,742.0,1.363e-13,0.009
M81,18a158_220,B,746.0,2.951e-14,0.008
M81,18a158_220,B,750.0,1.525e-12,0.008
M81,18a158_220,B,754.0,7.574e-11,0.009
M81,18a158_220,B,758.0,3.832e-12,0.010
M81,18a158_220,B,762.0,5.559e-12,0.013
M81,18a158_220,B,766.0,1.234e-10,0.010
M81,18a158_220,B,770.0,9.670e-12,0.008
M81,18a158_220,B,774.0,3.699e-13,0.006
M81,18a158_220,B,778.0,1.728e-12,0.004
M81,18a158_220,B,782.0,4.340e-13,0.003
M81,18a158_220,B,786.0,1.537e-14,0.001
M51,18a66_212,A,2.0,5.193e-8,1.000
M51,18a66_212,A,10.0,7.003e-8,1.000
M51,18a66_212,A,14.0,4.276e-8,1.000
M51,18a66_212,A,18.0,3.559e-8,1.000
M51,18a66_212,A,22.0,2.575e-8,1.000
M51,18a66_212,A,26.0,1.970e-8,0.964
M51,18a66_212,A,30.0,1.229e-8,1.000
M51,18a66_212,A,34.0,8.558e-9,0.972
M51,18a66_212,A,38.0,4.620e-9,0.938
M51,18a66_212,A,42.0,3.326e-9,1.000
M51,18a66_212,A,46.0,3.454e-9,1.000
M51,18a66_212,A,50.0,2.644e-9,1.000
M51,18a66_212,A,54.0,1.739e-9,0.938
M51,18a66_212,A,58.0,2.167e-9,0.932
M51,18a66_212,A,62.0,1.290e-9,0.912
M51,18a66_212,A,66.0,1.928e-9,0.828
M51,18a66_212,A,70.0,2.780e-9,0.808
M51,18a66_212,A,74.0,3.766e-9,0.722
M51,18a66_212,A,78.0,3.370e-9,0.691
M51,18a66_212,A,82.0,2.684e-9,0.708
M51,18a66_212,A,86.0,2.065e-9,0.702
M51,18a66_212,A,90.0,1.483e-9,0.764
M51,18a66_212,A,94.0,1.713e-9,0.845
M51,18a66_212,A,98.0,4.753e-9,0.823
M51,18a66_212,A,102.0,1.713e-9,0.826
M51,18a66_212,A,106.0,2.198e-9,0.762
M51,18a66_212,A,110.0,2.068e-9,0.780
M51,18a66_212,A,114.0,2.103e-9,0.777
M51,18a66_212,A,118.0,2.315e-9,0.837
M51,18a66_212,A,122.0,2.375e-9,0.806
M51,18a66_212,A,126.0,2.457e-9,0.860
M51,18a66_212,A,130.0,2.488e-9,0.889
M51,18a66_212,A,134.0,1.932e-9,0.917
M51,18a66_212,A,138.0,1.720e-9,0.931
M51,18a66_212,A,142.0,1.763e-9,0.978
M51,18a66_212,A,146.0,1.501e-9,0.939
M51,18a66_212,A,150.0,1.415e-9,0.875
M51,18a66_212,A,154.0,1.287e-9,0.790
M51,18a66_212,A,158.0,8.592e-10,0.715
M51,18a66_212,A,162.0,8.943e-10,0.676
M51,18a66_212,A,166.0,6.509e-10,0.594
M51,18a66_212,A,170.0,4.975e-10,0.548
M51,18a66_212,A,174.0,4.201e-10,0.548
M51,18a66_212,A,178.0,3.502e-10,0.530
M51,18a66_212,A,182.0,3.461e-10,0.439
M51,18a66_212,A,186.0,3.572e-10,0.382
M51,18a66_212,A,190.0,1.517e-10,0.378
M51,18a66_212,A,194.0,6.491e-11,0.256
M51,18a66_212,A,198.0,3.349e-11,0.189
M51,18a66_212,A,202.0,6.297e-11,0.193
M51,18a66_212,A,206.0,7.759e-11,0.144
M51,18a66_212,A,210.0,1.520e-10,0.170
M51,18a66_212,A,214.0,2.249e-10,0.158
M51,18a66_212,A,218.0,3.046e-10,0.149
M51,18a66_212,A,222.0,3.952e-10,0.172
M51,18a66_212,A,226.0,4.280e-10,0.185
M51,18a66_212,A,230.0,9.967e-10,0.200
M51,18a66_212,A,234.0,6.556e-10,0.208
M51,18a66_212,A,238.0,7.394e-10,0.214
M51,18a66_212,A,242.0,6.651e-10,0.234
M51,18a66_212,A,246.0,1.066e-9,0.236
M51,18a66_212,A,250.0,1.183e-9,0.201
M51,18a66_212,A,254.0,2.771e-9,0.212
M51,18a66_212,A,258.0,1.227e-9,0.203
M51,18a66_212,A,262.0,7.649e-10,0.170
M51,18a66_212,A,266.0,8.473e-10,0.161
M51,18a66_212,A,270.0,7.224e-10,0.171
M51,18a66_212,A,274.0,7.331e-10,0.151
M51,18a66_212,A,278.0,5.787e-10,0.161
M51,18a66_212,A,282.0,5.286e-10,0.147
M51,18a66_212,A,286.0,5.269e-10,0.142
M51,18a66_212,A,290.0,5.325e-10,0.146
M51,18a66_212,A,294.0,4.326e-10,0.118
M51,18a66_212,A,298.0,4.196e-10,0.114
M51,18a66_212,A,302.0,6.177e-10,0.106
M51,18a66_212,A,306.0,2.040e-10,0.121
M51,18a66_212,A,310.0,1.615e-10,0.091
M51,18a66_212,A,314.0,1.187e-10,0.083
M51,18a66_212,A,318.0,7.349e-11,0.094
M51,18a66_212,A,322.0,3.162e-11,0.064
M51,18a66_212,A,326.0,2.197e-11,0.070
M51,18a66_212,A,330.0,4.026e-11,0.081
M51,18a66_212,A,334.0,5.771e-11,0.076
M51,18a66_212,A,338.0,9.127e-12,0.059
M51,18a66_212,A,342.0,3.228e-12,0.035
M51,18a66_212,A,346.0,5.475e-12,0.042
M51,18a66_212,A,350.0,5.207e-13,0.025
M51,18a66_212,A,354.0,1.987e-12,0.011
M51,18a66_212,A,358.0,5.540e-13,0.003
M51,18a66_212,A,362.0,4.470e-12,0.003
M51,18a66_212,A,366.0,8.982e-13,0.003
M51,18a66_212,A,378.0,3.535e-14,0.003
M51,18a66_212,A,382.0,3.623e-13,0.003
M51,18a66_212,A,390.0,1.329e-11,0.006
M51,18a66_212,A,394.0,9.812e-14,0.003
M51,18a66_212,A,402.0,1.446e-11,0.008
M51,18a66_212,A,406.0,5.721e-14,0.008
M51,18a66_212,A,410.0,1.505e-13,0.011
M51,18a66_212,A,414.0,4.767e-13,0.012
M51,18a66_212,A,418.0,9.836e-11,0.024
M51,18a66_212,A,422.0,5.485e-11,0.010
M51,18a66_212,A,426.0,1.406e-12,0.029
M51,18a66_212,A,430.0,4.204e-12,0.017
M51,18a66_212,A,434.0,1.906e-11,0.015
M51,18a66_212,A,438.0,1.144e-9,0.017
M51,18a66_212,A,442.0,2.869e-11,0.010
M51,18a66_212,A,446.0,8.161e-13,0.016
M51,18a66_212,A,450.0,9.415e-12,0.013
M51,18a66_212,A,454.0,1.730e-12,0.005
M51,18a66_212,A,462.0,1.184e-13,0.003
M51,18a66_212,A,474.0,8.817e-14,0.002
M51,18a66_212,A,482.0,1.153e-12,0.007
M51,18a66_212,A,486.0,1.231e-11,0.013
M51,18a66_212,A,490.0,1.520e-12,0.014
M51,18a66_212,A,494.0,3.115e-10,0.011
M51,18a66_212,A,498.0,7.197e-14,0.007
M51,18a66_212,A,502.0,5.959e-13,0.006
M51,18a66_212,A,506.0,8.282e-12,0.016
M51,18a66_212,A,510.0,4.630e-12,0.020
M51,18a66_212,A,514.0,1.552e-13,0.016
M51,18a66_212,A,518.0,3.407e-12,0.021
M51,18a66_212,A,522.0,4.140e-10,0.014
M51,18a66_212,A,526.0,1.407e-11,0.021
M51,18a66_212,A,530.0,3.182e-13,0.021
M51,18a66_212,A,534.0,7.655e-14,0.022
M51,18a66_212,A,538.0,1.519e-14,0.018
M51,18a66_212,A,542.0,8.918e-12,0.006
M51,18a66_212,A,546.0,1.031e-15,0.004
M51,18a66_212,A,550.0,2.766e-14,0.006
M51,18a66_212,A,562.0,4.061e-13,0.006
M51,18a66_212,A,566.0,3.156e-18,0.002
M51,18a66_212,A,570.0,9.694e-15,0.002
M51,18a66_212,A,574.0,7.881e-12,0.006
M51,18a66_212,A,578.0,9.426e-15,0.004
M51,18a66_212,A,582.0,7.728e-17,0.002
M51,18a66_212,A,586.0,3.745e-19,0.002
M51,18a66_212,A,590.0,5.636e-13,0.002
M51,18a66_212,A,594.0,1.272e-12,0.002
M51,18a66_212,A,598.0,2.065e-14,0.002
M51,18a66_212,A,622.0,4.348e-14,0.002
M51,18a66_212,A,626.0,5.195e-14,0.007
M51,18a66_212,A,630.0,2.169e-13,0.013
M51,18a66_212,A,634.0,1.144e-12,0.012
M51,18a66_212,A,638.0,9.991e-11,0.022
M51,18a66_212,A,642.0,2.241e-11,0.023
M51,18a66_212,A,646.0,7.403e-13,0.022
M51,18a66_212,A,650.0,1.800e-12,0.019
M51,18a66_212,A,654.0,2.618e-12,0.012
M51,18a66_212,A,658.0,1.687e-12,0.016
M51,18a66_212,A,662.0,7.320e-11,0.018
M51,18a66_212,A,666.0,7.313e-11,0.017
M51,18a66_212,A,670.0,2.428e-12,0.010
M51,18a66_212,A,674.0,2.506e-13,0.005
M51,18a66_212,A,678.0,1.482e-13,0.006
M51,18a66_212,A,682.0,1.307e-16,0.003
M51,18a66_212,A,686.0,3.456e-13,0.006
M51,18a66_212,A,690.0,1.021e-11,0.007
M51,18a66_212,A,694.0,6.140e-11,0.005
M51,18a66_212,A,698.0,3.909e-14,0.003
M51,18a66_212,A,702.0,4.976e-14,0.002
M51,18a66_212,A,706.0,6.280e-16,0.002
M51,18a66_212,A,710.0,4.420e-15,0.003
M51,18a66_212,A,714.0,4.904e-15,0.005
M51,18a66_212,A,718.0,4.403e-14,0.008
M51,18a66_212,A,722.0,7.289e-11,0.010
M51,18a66_212,A,726.0,5.480e-14,0.008
M51,18a66_212,A,730.0,1.776e-15,0.003
M51,18a66_212,A,734.0,1.625e-15,0.002
M51,18a66_212,B,2.0,5.193e-8,1.000
M51,18a66_212,B,10.0,7.003e-8,1.000
M51,18a66_212,B,14.0,4.276e-8,1.000
M51,18a66_212,B,18.0,3.559e-8,1.000
M51,18a66_212,B,22.0,2.575e-8,1.000
M51,18a66_212,B,26.0,1.970e-8,0.964
M51,18a66_212,B,30.0,1.229e-8,1.000
M51,18a66_212,B,34.0,8.577e-9,0.972
M51,18a66_212,B,38.0,4.649e-9,0.938
M51,18a66_212,B,42.0,3.385e-9,1.000
M51,18a66_212,B,46.0,3.566e-9,1.000
M51,18a66_212,B,50.0,2.870e-9,1.000
M51,18a66_212,B,54.0,1.957e-9,0.938
M51,18a66_212,B,58.0,2.357e-9,0.932
M51,18a66_212,B,62.0,1.402e-9,0.912
M51,18a66_212,B,66.0,1.996e-9,0.828
M51,18a66_212,B,70.0,2.836e-9,0.808
M51,18a66_212,B,74.0,3.811e-9,0.764
M51,18a66_212,B,78.0,3.433e-9,0.706
M51,18a66_212,B,82.0,2.728e-9,0.722
M51,18a66_212,B,86.0,2.135e-9,0.714
M51,18a66_212,B,90.0,1.574e-9,0.764
M51,18a66_212,B,94.0,1.834e-9,0.845
M51,18a66_212,B,98.0,4.843e-9,0.833
M51,18a66_212,B,102.0,1.800e-9,0.826
M51,18a66_212,B,106.0,2.272e-9,0.787
M51,18a66_212,B,110.0,2.153e-9,0.790
M51,18a66_212,B,114.0,2.195e-9,0.813
M51,18a66_212,B,118.0,2.416e-9,0.848
M51,18a66_212,B,122.0,2.470e-9,0.843
M51,18a66_212,B,126.0,2.602e-9,0.868
M51,18a66_212,B,130.0,2.618e-9,0.889
M51,18a66_212,B,134.0,2.064e-9,0.925
M51,18a66_212,B,138.0,1.830e-9,0.931
M51,18a66_212,B,142.0,1.890e-9,0.978
M51,18a66_212,B,146.0,1.624e-9,0.947
M51,18a66_212,B,150.0,1.548e-9,0.898
M51,18a66_212,B,154.0,1.413e-9,0.806
M51,18a66_212,B,158.0,9.512e-10,0.729
M51,18a66_212,B,162.0,9.930e-10,0.682
M51,18a66_212,B,166.0,7.583e-10,0.619
M51,18a66_212,B,170.0,6.010e-10,0.565
M51,18a66_212,B,174.0,5.069e-10,0.577
M51,18a66_212,B,178.0,4.214e-10,0.555
M51,18a66_212,B,182.0,3.967e-10,0.500
M51,18a66_212,B,186.0,4.014e-10,0.431
M51,18a66_212,B,190.0,1.832e-10,0.404
M51,18a66_212,B,194.0,8.444e-11,0.347
M51,18a66_212,B,198.0,4.548e-11,0.244
M51,18a66_212,B,202.0,8.082e-11,0.216
M51,18a66_212,B,206.0,9.660e-11,0.183
M51,18a66_212,B,210.0,1.743e-10,0.185
M51,18a66_212,B,214.0,2.453e-10,0.189
M51,18a66_212,B,218.0,3.172e-10,0.167
M51,18a66_212,B,222.0,4.152e-10,0.196
M51,18a66_212,B,226.0,4.475e-10,0.213
M51,18a66_212,B,230.0,1.020e-9,0.227
M51,18a66_212,B,234.0,6.772e-10,0.214
M51,18a66_212,B,238.0,7.561e-10,0.232
M51,18a66_212,B,242.0,6.882e-10,0.234
M51,18a66_212,B,246.0,1.090e-9,0.245
M51,18a66_212,B,250.0,1.206e-9,0.211
M51,18a66_212,B,254.0,2.792e-9,0.225
M51,18a66_212,B,258.0,1.251e-9,0.208
M51,18a66_212,B,262.0,7.826e-10,0.170
M51,18a66_212,B,266.0,8.621e-10,0.178
M51,18a66_212,B,270.0,7.364e-10,0.179
M51,18a66_212,B,274.0,7.516e-10,0.171
M51,18a66_212,B,278.0,5.936e-10,0.173
M51,18a66_212,B,282.0,5.402e-10,0.163
M51,18a66_212,B,286.0,5.362e-10,0.168
M51,18a66_212,B,290.0,5.448e-10,0.164
M51,18a66_212,B,294.0,4.455e-10,0.146
M51,18a66_212,B,298.0,4.277e-10,0.119
M51,18a66_212,B,302.0,6.305e-10,0.113
M51,18a66_212,B,306.0,2.155e-10,0.125
M51,18a66_212,B,310.0,1.693e-10,0.123
M51,18a66_212,B,314.0,1.286e-10,0.083
M51,18a66_212,B,318.0,8.536e-11,0.101
M51,18a66_212,B,322.0,3.965e-11,0.077
M51,18a66_212,B,326.0,2.825e-11,0.074
M51,18a66_212,B,330.0,4.713e-11,0.108
M51,18a66_212,B,334.0,6.217e-11,0.083
M51,18a66_212,B,338.0,1.278e-11,0.069
M51,18a66_212,B,342.0,5.587e-12,0.041
M51,18a66_212,B,346.0,8.500e-12,0.061
M51,18a66_212,B,350.0,2.186e-12,0.043
M51,18a66_212,B,354.0,2.949e-12,0.026
M51,18a66_212,B,358.0,9.829e-13,0.019
M51,18a66_212,B,362.0,5.512e-12,0.016
M51,18a66_212,B,366.0,1.335e-12,0.009
M51,18a66_212,B,378.0,1.844e-13,0.003
M51,18a66_212,B,382.0,5.839e-13,0.003
M51,18a66_212,B,390.0,1.506e-11,0.006
M51,18a66_212,B,394.0,2.470e-13,0.003
M51,18a66_212,B,402.0,1.498e-11,0.008
M51,18a66_212,B,406.0,6.674e-14,0.008
M51,18a66_212,B,410.0,2.503e-13,0.014
M51,18a66_212,B,414.0,5.244e-13,0.012
M51,18a66_212,B,418.0,9.923e-11,0.024
M51,18a66_212,B,422.0,5.571e-11,0.010
M51,18a66_212,B,426.0,1.938e-12,0.031
M51,18a66_212,B,430.0,4.205e-12,0.017
M51,18a66_212,B,434.0,1.906e-11,0.015
M51,18a66_212,B,438.0,1.144e-9,0.017
M51,18a66_212,B,442.0,2.869e-11,0.010
M51,18a66_212,B,446.0,8.171e-13,0.016
M51,18a66_212,B,450.0,9.930e-12,0.013
M51,18a66_212,B,454.0,2.145e-12,0.005
M51,18a66_212,B,458.0,1.592e-14,0.002
M51,18a66_212,B,462.0,2.720e-13,0.003
M51,18a66_212,B,470.0,6.714e-14,0.005
M51,18a66_212,B,474.0,3.662e-13,0.009
M51,18a66_212,B,482.0,1.470e-12,0.007
M51,18a66_212,B,486.0,1.362e-11,0.013
M51,18a66_212,B,490.0,1.907e-12,0.014
M51,18a66_212,B,494.0,3.119e-10,0.011
M51,18a66_212,B,498.0,8.395e-14,0.009
M51,18a66_212,B,502.0,7.004e-13,0.013
M51,18a66_212,B,506.0,8.842e-12,0.023
M51,18a66_212,B,510.0,5.723e-12,0.024
M51,18a66_212,B,514.0,1.670e-13,0.021
M51,18a66_212,B,518.0,4.211e-12,0.028
M51,18a66_212,B,522.0,4.145e-10,0.014
M51,18a66_212,B,526.0,1.545e-11,0.021
M51,18a66_212,B,530.0,4.746e-13,0.023
M51,18a66_212,B,534.0,8.516e-14,0.022
M51,18a66_212,B,538.0,3.688e-14,0.020
M51,18a66_212,B,542.0,1.057e-11,0.010
M51,18a66_212,B,546.0,2.370e-15,0.006
M51,18a66_212,B,550.0,6.008e-14,0.006
M51,18a66_212,B,562.0,6.905e-13,0.006
M51,18a66_212,B,566.0,1.321e-17,0.002
M51,18a66_212,B,570.0,6.948e-14,0.004
M51,18a66_212,B,574.0,8.077e-12,0.007
M51,18a66_212,B,578.0,1.316e-13,0.009
M51,18a66_212,B,582.0,4.025e-16,0.004
M51,18a66_212,B,586.0,2.492e-18,0.004
M51,18a66_212,B,590.0,7.680e-13,0.002
M51,18a66_212,B,594.0,1.586e-12,0.002
M51,18a66_212,B,598.0,1.107e-13,0.002
M51,18a66_212,B,622.0,5.239e-14,0.002
M51,18a66_212,B,626.0,6.247e-14,0.007
M51,18a66_212,B,630.0,3.381e-13,0.013
M51,18a66_212,B,634.0,1.396e-12,0.012
M51,18a66_212,B,638.0,1.001e-10,0.022
M51,18a66_212,B,642.0,2.283e-11,0.023
M51,18a66_212,B,646.0,9.203e-13,0.023
M51,18a66_212,B,650.0,2.217e-12,0.019
M51,18a66_212,B,654.0,3.099e-12,0.012
M51,18a66_212,B,658.0,1.692e-12,0.016
M51,18a66_212,B,662.0,7.320e-11,0.018
M51,18a66_212,B,666.0,7.313e-11,0.017
M51,18a66_212,B,670.0,2.428e-12,0.010
M51,18a66_212,B,674.0,2.507e-13,0.007
M51,18a66_212,B,678.0,2.527e-13,0.006
M51,18a66_212,B,682.0,1.433e-16,0.005
M51,18a66_212,B,686.0,3.999e-13,0.008
M51,18a66_212,B,690.0,1.037e-11,0.007
M51,18a66_212,B,694.0,6.141e-11,0.005
M51,18a66_212,B,698.0,4.504e-14,0.003
M51,18a66_212,B,702.0,1.390e-13,0.002
M51,18a66_212,B,706.0,1.043e-15,0.002
M51,18a66_212,B,710.0,7.140e-15,0.003
M51,18a66_212,B,714.0,7.857e-15,0.005
M51,18a66_212,B,718.0,6.955e-14,0.008
M51,18a66_212,B,722.0,7.291e-11,0.010
M51,18a66_212,B,726.0,8.621e-14,0.008
M51,18a66_212,B,730.0,2.803e-15,0.003
M51,18a66_212,B,734.0,2.579e-15,0.002
M51,18a158_212,A,2.0,6.328e-8,1.000
M51,18a158_212,A,6.0,6.719e-8,1.000
M51,18a158_212,A,10.0,7.629e-8,1.000
M51,18a158_212,A,14.0,4.658e-8,1.000
M51,18a158_212,A,18.0,3.610e-8,1.000
M51,18a158_212,A,22.0,2.584e-8,1.000
M51,18a158_212,A,26.0,1.704e-8,1.000
M51,18a158_212,A,30.0,1.195e-8,0.980
M51,18a158_212,A,34.0,7.910e-9,1.000
M51,18a158_212,A,38.0,4.962e-9,0.945
M51,18a158_212,A,42.0,3.036e-9,0.959
M51,18a158_212,A,46.0,3.127e-9,0.983
M51,18a158_212,A,50.0,2.846e-9,0.992
M51,18a158_212,A,54.0,2.160e-9,0.954
M51,18a158_212,A,58.0,1.897e-9,0.945
M51,18a158_212,A,62.0,1.622e-9,0.901
M51,18a158_212,A,66.0,1.965e-9,0.884
M51,18a158_212,A,70.0,2.894e-9,0.828
M51,18a158_212,A,74.0,3.583e-9,0.760
M51,18a158_212,A,78.0,3.286e-9,0.743
M51,18a158_212,A,82.0,2.585e-9,0.729
M51,18a158_212,A,86.0,2.142e-9,0.711
M51,18a158_212,A,90.0,1.867e-9,0.785
M51,18a158_212,A,94.0,1.916e-9,0.798
M51,18a158_212,A,98.0,4.956e-9,0.821
M51,18a158_212,A,102.0,1.806e-9,0.823
M51,18a158_212,A,106.0,2.128e-9,0.798
M51,18a158_212,A,110.0,2.248e-9,0.779
M51,18a158_212,A,114.0,2.196e-9,0.791
M51,18a158_212,A,118.0,2.353e-9,0.827
M51,18a158_212,A,122.0,2.779e-9,0.853
M51,18a158_212,A,126.0,2.566e-9,0.871
M51,18a158_212,A,130.0,2.541e-9,0.885
M51,18a158_212,A,134.0,2.059e-9,0.926
M51,18a158_212,A,138.0,1.915e-9,0.956
M51,18a158_212,A,142.0,2.026e-9,0.982
M51,18a158_212,A,146.0,1.889e-9,0.953
M51,18a158_212,A,150.0,1.766e-9,0.886
M51,18a158_212,A,154.0,1.327e-9,0.826
M51,18a158_212,A,158.0,9.859e-10,0.750
M51,18a158_212,A,162.0,9.077e-10,0.687
M51,18a158_212,A,166.0,7.709e-10,0.619
M51,18a158_212,A,170.0,5.920e-10,0.588
M51,18a158_212,A,174.0,4.695e-10,0.570
M51,18a158_212,A,178.0,3.757e-10,0.544
M51,18a158_212,A,182.0,3.753e-10,0.505
M51,18a158_212,A,186.0,7.500e-10,0.428
M51,18a158_212,A,190.0,1.581e-10,0.386
M51,18a158_212,A,194.0,8.465e-11,0.298
M51,18a158_212,A,198.0,5.197e-11,0.208
M51,18a158_212,A,202.0,6.088e-11,0.190
M51,18a158_212,A,206.0,7.977e-11,0.172
M51,18a158_212,A,210.0,1.348e-10,0.177
M51,18a158_212,A,214.0,2.360e-10,0.186
M51,18a158_212,A,218.0,2.713e-10,0.184
M51,18a158_212,A,222.0,3.853e-10,0.190
M51,18a158_212,A,226.0,4.453e-10,0.208
M51,18a158_212,A,230.0,7.231e-10,0.218
M51,18a158_212,A,234.0,1.729e-9,0.235
M51,18a158_212,A,238.0,5.927e-10,0.234
M51,18a158_212,A,242.0,7.153e-10,0.249
M51,18a158_212,A,246.0,8.280e-10,0.246
M51,18a158_212,A,250.0,1.037e-9,0.222
M51,18a158_212,A,254.0,1.552e-9,0.215
M51,18a158_212,A,258.0,2.211e-9,0.190
M51,18a158_212,A,262.0,9.118e-10,0.178
M51,18a158_212,A,266.0,8.158e-10,0.162
M51,18a158_212,A,270.0,7.908e-10,0.162
M51,18a158_212,A,274.0,7.116e-10,0.165
M51,18a158_212,A,278.0,6.171e-10,0.166
M51,18a158_212,A,282.0,5.583e-10,0.170
M51,18a158_212,A,286.0,5.582e-10,0.162
M51,18a158_212,A,290.0,5.113e-10,0.143
M51,18a158_212,A,294.0,5.121e-10,0.139
M51,18a158_212,A,298.0,5.540e-10,0.126
M51,18a158_212,A,302.0,3.489e-10,0.125
M51,18a158_212,A,306.0,2.568e-10,0.124
M51,18a158_212,A,310.0,1.916e-10,0.111
M51,18a158_212,A,314.0,1.398e-10,0.101
M51,18a158_212,A,318.0,1.043e-10,0.097
M51,18a158_212,A,322.0,5.908e-11,0.082
M51,18a158_212,A,326.0,3.293e-11,0.083
M51,18a158_212,A,330.0,9.649e-11,0.093
M51,18a158_212,A,334.0,1.749e-10,0.084
M51,18a158_212,A,338.0,1.146e-11,0.066
M51,18a158_212,A,342.0,5.976e-12,0.050
M51,18a158_212,A,346.0,1.160e-11,0.050
M51,18a158_212,A,350.0,8.484e-12,0.040
M51,18a158_212,A,354.0,4.178e-12,0.028
M51,18a158_212,A,358.0,2.518e-12,0.018
M51,18a158_212,A,362.0,6.426e-12,0.011
M51,18a158_212,A,366.0,6.115e-13,0.011
M51,18a158_212,A,370.0,9.384e-13,0.007
M51,18a158_212,A,374.0,5.121e-15,0.002
M51,18a158_212,A,378.0,7.927e-14,0.001
M51,18a158_212,A,382.0,7.146e-13,0.002
M51,18a158_212,A,386.0,1.646e-12,0.003
M51,18a158_212,A,390.0,3.091e-12,0.002
M51,18a158_212,A,398.0,2.838e-12,0.002
M51,18a158_212,A,402.0,1.471e-12,0.006
M51,18a158_212,A,406.0,3.391e-13,0.010
M51,18a158_212,A,410.0,6.015e-13,0.013
M51,18a158_212,A,414.0,4.397e-11,0.016
M51,18a158_212,A,418.0,2.155e-10,0.021
M51,18a158_212,A,422.0,2.922e-11,0.024
M51,18a158_212,A,426.0,8.478e-13,0.022
M51,18a158_212,A,430.0,8.225e-12,0.021
M51,18a158_212,A,434.0,1.894e-10,0.018
M51,18a158_212,A,438.0,6.384e-10,0.015
M51,18a158_212,A,442.0,1.061e-11,0.012
M51,18a158_212,A,446.0,9.231e-13,0.013
M51,18a158_212,A,450.0,8.163e-12,0.012
M51,18a158_212,A,454.0,2.336e-12,0.006
M51,18a158_212,A,458.0,1.881e-14,0.000
M51,18a158_212,A,462.0,1.139e-13,0.002
M51,18a158_212,A,466.0,2.122e-12,0.002
M51,18a158_212,A,470.0,1.727e-13,0.002
M51,18a158_212,A,474.0,3.580e-13,0.002
M51,18a158_212,A,478.0,1.645e-14,0.004
M51,18a158_212,A,482.0,2.068e-12,0.013
M51,18a158_212,A,486.0,7.248e-12,0.014
M51,18a158_212,A,490.0,6.033e-12,0.012
M51,18a158_212,A,494.0,1.062e-10,0.011
M51,18a158_212,A,498.0,2.671e-12,0.014
M51,18a158_212,A,502.0,1.544e-13,0.018
M51,18a158_212,A,506.0,1.954e-12,0.023
M51,18a158_212,A,510.0,1.778e-11,0.026
M51,18a158_212,A,514.0,2.981e-12,0.024
M51,18a158_212,A,518.0,1.846e-10,0.027
M51,18a158_212,A,522.0,2.845e-10,0.018
M51,18a158_212,A,526.0,8.383e-12,0.018
M51,18a158_212,A,530.0,4.494e-13,0.019
M51,18a158_212,A,534.0,4.757e-13,0.020
M51,18a158_212,A,538.0,1.453e-12,0.013
M51,18a158_212,A,542.0,1.954e-11,0.009
M51,18a158_212,A,546.0,4.570e-12,0.007
M51,18a158_212,A,550.0,6.966e-17,0.000
M51,18a158_212,A,558.0,2.989e-12,0.005
M51,18a158_212,A,562.0,1.534e-12,0.003
M51,18a158_212,A,566.0,1.530e-13,0.003
M51,18a158_212,A,570.0,1.164e-13,0.005
M51,18a158_212,A,574.0,2.083e-11,0.008
M51,18a158_212,A,578.0,4.332e-13,0.007
M51,18a158_212,A,582.0,2.164e-15,0.004
M51,18a158_212,A,586.0,4.718e-13,0.003
M51,18a158_212,A,590.0,2.288e-13,0.002
M51,18a158_212,A,594.0,3.109e-13,0.001
M51,18a158_212,A,598.0,4.868e-14,0.000
M51,18a158_212,A,602.0,1.044e-14,0.000
M51,18a158_212,A,606.0,1.285e-14,0.000
M51,18a158_212,A,614.0,2.481e-14,0.000
M51,18a158_212,A,622.0,2.665e-13,0.005
M51,18a158_212,A,626.0,4.045e-13,0.008
M51,18a158_212,A,630.0,3.918e-13,0.013
M51,18a158_212,A,634.0,6.990e-12,0.017
M51,18a158_212,A,638.0,1.199e-10,0.022
M51,18a158_212,A,642.0,4.982e-11,0.024
M51,18a158_212,A,646.0,1.013e-11,0.023
M51,18a158_212,A,650.0,2.662e-11,0.019
M51,18a158_212,A,654.0,1.109e-12,0.011
M51,18a158_212,A,658.0,2.689e-11,0.015
M51,18a158_212,A,662.0,4.644e-10,0.014
M51,18a158_212,A,666.0,1.874e-10,0.015
M51,18a158_212,A,670.0,1.896e-12,0.009
M51,18a158_212,A,674.0,1.557e-12,0.009
M51,18a158_212,A,678.0,6.504e-13,0.006
M51,18a158_212,A,682.0,4.904e-14,0.005
M51,18a158_212,A,686.0,1.767e-12,0.007
M51,18a158_212,A,690.0,8.886e-11,0.007
M51,18a158_212,A,694.0,3.538e-12,0.005
M51,18a158_212,A,698.0,3.343e-12,0.005
M51,18a158_212,A,702.0,3.343e-12,0.003
M51,18a158_212,A,706.0,4.058e-15,0.002
M51,18a158_212,A,710.0,1.224e-14,0.005
M51,18a158_212,A,714.0,1.485e-13,0.006
M51,18a158_212,A,718.0,2.685e-11,0.008
M51,18a158_212,A,722.0,1.142e-12,0.006
M51,18a158_212,A,726.0,1.209e-14,0.004
M51,18a158_212,A,730.0,3.874e-15,0.003
M51,18a158_212,A,734.0,2.998e-15,0.001
M51,18a158_212,B,2.0,6.328e-8,1.000
M51,18a158_212,B,6.0,6.719e-8,1.000
M51,18a158_212,B,10.0,7.629e-8,1.000
M51,18a158_212,B,14.0,4.658e-8,1.000
M51,18a158_212,B,18.0,3.610e-8,1.000
M51,18a158_212,B,22.0,2.584e-8,1.000
M51,18a158_212,B,26.0,1.704e-8,1.000
M51,18a158_212,B,30.0,1.195e-8,0.980
M51,18a158_212,B,34.0,7.859e-9,1.000
M51,18a158_212,B,38.0,4.821e-9,0.945
M51,18a158_212,B,42.0,2.822e-9,0.959
M51,18a158_212,B,46.0,2.724e-9,0.983
M51,18a158_212,B,50.0,2.276e-9,0.992
M51,18a158_212,B,54.0,1.673e-9,0.954
M51,18a158_212,B,58.0,1.493e-9,0.945
M51,18a158_212,B,62.0,1.323e-9,0.895
M51,18a158_212,B,66.0,1.768e-9,0.856
M51,18a158_212,B,70.0,2.727e-9,0.782
M51,18a158_212,B,74.0,3.458e-9,0.696
M51,18a158_212,B,78.0,3.139e-9,0.710
M51,18a158_212,B,82.0,2.435e-9,0.687
M51,18a158_212,B,86.0,1.919e-9,0.663
M51,18a158_212,B,90.0,1.599e-9,0.737
M51,18a158_212,B,94.0,1.606e-9,0.794
M51,18a158_212,B,98.0,4.706e-9,0.815
M51,18a158_212,B,102.0,1.582e-9,0.776
M51,18a158_212,B,106.0,1.926e-9,0.744
M51,18a158_212,B,110.0,2.024e-9,0.744
M51,18a158_212,B,114.0,1.952e-9,0.747
M51,18a158_212,B,118.0,2.084e-9,0.781
M51,18a158_212,B,122.0,2.465e-9,0.809
M51,18a158_212,B,126.0,2.229e-9,0.846
M51,18a158_212,B,130.0,2.216e-9,0.862
M51,18a158_212,B,134.0,1.776e-9,0.903
M51,18a158_212,B,138.0,1.614e-9,0.951
M51,18a158_212,B,142.0,1.716e-9,0.966
M51,18a158_212,B,146.0,1.545e-9,0.920
M51,18a158_212,B,150.0,1.454e-9,0.858
M51,18a158_212,B,154.0,1.042e-9,0.790
M51,18a158_212,B,158.0,7.243e-10,0.724
M51,18a158_212,B,162.0,6.633e-10,0.649
M51,18a158_212,B,166.0,5.418e-10,0.573
M51,18a158_212,B,170.0,3.898e-10,0.538
M51,18a158_212,B,174.0,3.039e-10,0.494
M51,18a158_212,B,178.0,2.381e-10,0.473
M51,18a158_212,B,182.0,2.694e-10,0.384
M51,18a158_212,B,186.0,6.671e-10,0.357
M51,18a158_212,B,190.0,9.516e-11,0.285
M51,18a158_212,B,194.0,4.587e-11,0.190
M51,18a158_212,B,198.0,2.622e-11,0.165
M51,18a158_212,B,202.0,3.269e-11,0.129
M51,18a158_212,B,206.0,4.585e-11,0.125
M51,18a158_212,B,210.0,8.877e-11,0.128
M51,18a158_212,B,214.0,1.870e-10,0.132
M51,18a158_212,B,218.0,2.296e-10,0.128
M51,18a158_212,B,222.0,3.378e-10,0.147
M51,18a158_212,B,226.0,3.970e-10,0.168
M51,18a158_212,B,230.0,6.731e-10,0.184
M51,18a158_212,B,234.0,1.682e-9,0.198
M51,18a158_212,B,238.0,5.442e-10,0.211
M51,18a158_212,B,242.0,6.695e-10,0.220
M51,18a158_212,B,246.0,7.791e-10,0.217
M51,18a158_212,B,250.0,9.872e-10,0.194
M51,18a158_212,B,254.0,1.500e-9,0.184
M51,18a158_212,B,258.0,2.165e-9,0.164
M51,18a158_212,B,262.0,8.658e-10,0.152
M51,18a158_212,B,266.0,7.745e-10,0.139
M51,18a158_212,B,270.0,7.495e-10,0.133
M51,18a158_212,B,274.0,6.695e-10,0.131
M51,18a158_212,B,278.0,5.798e-10,0.126
M51,18a158_212,B,282.0,5.215e-10,0.116
M51,18a158_212,B,286.0,5.236e-10,0.114
M51,18a158_212,B,290.0,4.836e-10,0.107
M51,18a158_212,B,294.0,4.829e-10,0.111
M51,18a158_212,B,298.0,5.232e-10,0.111
M51,18a158_212,B,302.0,3.192e-10,0.103
M51,18a158_212,B,306.0,2.306e-10,0.094
M51,18a158_212,B,310.0,1.717e-10,0.076
M51,18a158_212,B,314.0,1.173e-10,0.065
M51,18a158_212,B,318.0,7.813e-11,0.067
M51,18a158_212,B,322.0,3.867e-11,0.055
M51,18a158_212,B,326.0,1.970e-11,0.051
M51,18a158_212,B,330.0,8.359e-11,0.055
M51,18a158_212,B,334.0,1.644e-10,0.053
M51,18a158_212,B,338.0,5.018e-12,0.044
M51,18a158_212,B,342.0,1.819e-12,0.026
M51,18a158_212,B,346.0,6.082e-12,0.025
M51,18a158_212,B,350.0,4.079e-12,0.010
M51,18a158_212,B,354.0,2.281e-12,0.002
M51,18a158_212,B,358.0,1.293e-12,0.003
M51,18a158_212,B,362.0,5.276e-12,0.003
M51,18a158_212,B,366.0,1.375e-13,0.001
M51,18a158_212,B,370.0,4.021e-13,0.002
M51,18a158_212,B,378.0,1.585e-15,0.001
M51,18a158_212,B,382.0,3.077e-13,0.002
M51,18a158_212,B,386.0,1.021e-12,0.002
M51,18a158_212,B,390.0,2.521e-12,0.001
M51,18a158_212,B,398.0,1.844e-12,0.002
M51,18a158_212,B,402.0,8.112e-13,0.004
M51,18a158_212,B,406.0,1.401e-13,0.009
M51,18a158_212,B,410.0,3.125e-13,0.013
M51,18a158_212,B,414.0,4.151e-11,0.016
M51,18a158_212,B,418.0,2.129e-10,0.019
M51,18a158_212,B,422.0,2.716e-11,0.023
M51,18a158_212,B,426.0,5.463e-13,0.020
M51,18a158_212,B,430.0,7.693e-12,0.019
M51,18a158_212,B,434.0,1.886e-10,0.016
M51,18a158_212,B,438.0,6.379e-10,0.013
M51,18a158_212,B,442.0,1.051e-11,0.011
M51,18a158_212,B,446.0,7.522e-13,0.011
M51,18a158_212,B,450.0,7.255e-12,0.007
M51,18a158_212,B,454.0,1.544e-12,0.003
M51,18a158_212,B,462.0,1.185e-14,0.000
M51,18a158_212,B,466.0,1.363e-12,0.002
M51,18a158_212,B,470.0,1.985e-14,0.000
M51,18a158_212,B,474.0,1.587e-13,0.000
M51,18a158_212,B,482.0,1.233e-12,0.009
M51,18a158_212,B,486.0,6.083e-12,0.013
M51,18a158_212,B,490.0,5.262e-12,0.010
M51,18a158_212,B,494.0,1.046e-10,0.009
M51,18a158_212,B,498.0,1.750e-12,0.009
M51,18a158_212,B,502.0,6.326e-14,0.010
M51,18a158_212,B,506.0,1.336e-12,0.015
M51,18a158_212,B,510.0,1.605e-11,0.020
M51,18a158_212,B,514.0,2.081e-12,0.017
M51,18a158_212,B,518.0,1.828e-10,0.018
M51,18a158_212,B,522.0,2.832e-10,0.016
M51,18a158_212,B,526.0,6.918e-12,0.017
M51,18a158_212,B,530.0,2.766e-13,0.014
M51,18a158_212,B,534.0,2.308e-13,0.011
M51,18a158_212,B,538.0,8.908e-13,0.002
M51,18a158_212,B,542.0,1.885e-11,0.002
M51,18a158_212,B,546.0,4.208e-12,0.001
M51,18a158_212,B,558.0,1.825e-12,0.003
M51,18a158_212,B,562.0,9.135e-13,0.001
M51,18a158_212,B,566.0,4.055e-14,0.001
M51,18a158_212,B,574.0,1.998e-11,0.003
M51,18a158_212,B,578.0,2.028e-13,0.001
M51,18a158_212,B,586.0,2.361e-13,0.001
M51,18a158_212,B,590.0,7.369e-14,0.001
M51,18a158_212,B,594.0,1.855e-13,0.000
M51,18a158_212,B,598.0,4.403e-15,0.000
M51,18a158_212,B,622.0,9.781e-14,0.003
M51,18a158_212,B,626.0,1.985e-13,0.006
M51,18a158_212,B,630.0,2.369e-13,0.011
M51,18a158_212,B,634.0,6.080e-12,0.015
M51,18a158_212,B,638.0,1.187e-10,0.021
M51,18a158_212,B,642.0,4.886e-11,0.022
M51,18a158_212,B,646.0,9.358e-12,0.020
M51,18a158_212,B,650.0,2.603e-11,0.018
M51,18a158_212,B,654.0,1.083e-12,0.010
M51,18a158_212,B,658.0,2.688e-11,0.014
M51,18a158_212,B,662.0,4.644e-10,0.014
M51,18a158_212,B,666.0,1.874e-10,0.014
M51,18a158_212,B,670.0,1.886e-12,0.008
M51,18a158_212,B,674.0,1.245e-12,0.007
M51,18a158_212,B,678.0,4.107e-13,0.005
M51,18a158_212,B,682.0,3.533e-14,0.005
M51,18a158_212,B,686.0,1.230e-12,0.007
M51,18a158_212,B,690.0,8.821e-11,0.007
M51,18a158_212,B,694.0,3.246e-12,0.005
M51,18a158_212,B,698.0,3.227e-12,0.004
M51,18a158_212,B,702.0,2.977e-12,0.003
M51,18a158_212,B,706.0,6.122e-16,0.002
M51,18a158_212,B,710.0,2.039e-15,0.005
M51,18a158_212,B,714.0,4.052e-14,0.006
M51,18a158_212,B,718.0,2.641e-11,0.007
M51,18a158_212,B,722.0,7.408e-13,0.006
M51,18a158_212,B,726.0,2.591e-15,0.004
M51,18a158_212,B,730.0,4.833e-16,0.002
M51,18a158_212,B,734.0,4.152e-17,0.000
M51,12a152_212,A,2.0,6.292e-8,1.000
M51,12a152_212,A,6.0,6.531e-8,1.000
M51,12a152_212,A,10.0,7.353e-8,1.000
M51,12a152_212,A,14.0,4.587e-8,1.000
M51,12a152_212,A,18.0,3.620e-8,1.000
M51,12a152_212,A,22.0,2.638e-8,1.000
M51,12a152_212,A,26.0,1.765e-8,0.985
M51,12a152_212,A,30.0,1.161e-8,0.993
M51,12a152_212,A,34.0,7.771e-9,1.000
M51,12a152_212,A,38.0,4.756e-9,0.948
M51,12a152_212,A,42.0,2.998e-9,0.962
M51,12a152_212,A,46.0,2.936e-9,0.986
M51,12a152_212,A,50.0,2.567e-9,0.995
M51,12a152_212,A,54.0,1.957e-9,0.962
M51,12a152_212,A,58.0,1.722e-9,0.957
M51,12a152_212,A,62.0,1.484e-9,0.908
M51,12a152_212,A,66.0,1.835e-9,0.907
M51,12a152_212,A,70.0,2.866e-9,0.815
M51,12a152_212,A,74.0,3.528e-9,0.745
M51,12a152_212,A,78.0,3.209e-9,0.719
M51,12a152_212,A,82.0,2.601e-9,0.706
M51,12a152_212,A,86.0,2.060e-9,0.680
M51,12a152_212,A,90.0,1.836e-9,0.779
M51,12a152_212,A,94.0,1.885e-9,0.815
M51,12a152_212,A,98.0,4.822e-9,0.794
M51,12a152_212,A,102.0,1.712e-9,0.816
M51,12a152_212,A,106.0,2.120e-9,0.771
M51,12a152_212,A,110.0,2.021e-9,0.772
M51,12a152_212,A,114.0,2.143e-9,0.772
M51,12a152_212,A,118.0,2.266e-9,0.809
M51,12a152_212,A,122.0,2.633e-9,0.833
M51,12a152_212,A,126.0,2.427e-9,0.861
M51,12a152_212,A,130.0,2.384e-9,0.873
M51,12a152_212,A,134.0,1.913e-9,0.925
M51,12a152_212,A,138.0,1.781e-9,0.950
M51,12a152_212,A,142.0,1.939e-9,0.976
M51,12a152_212,A,146.0,1.703e-9,0.948
M51,12a152_212,A,150.0,1.577e-9,0.870
M51,12a152_212,A,154.0,1.148e-9,0.811
M51,12a152_212,A,158.0,8.821e-10,0.736
M51,12a152_212,A,162.0,7.668e-10,0.668
M51,12a152_212,A,166.0,6.453e-10,0.599
M51,12a152_212,A,170.0,4.866e-10,0.563
M51,12a152_212,A,174.0,3.768e-10,0.538
M51,12a152_212,A,178.0,2.939e-10,0.507
M51,12a152_212,A,182.0,4.273e-10,0.454
M51,12a152_212,A,186.0,5.702e-10,0.397
M51,12a152_212,A,190.0,1.570e-10,0.351
M51,12a152_212,A,194.0,5.731e-11,0.243
M51,12a152_212,A,198.0,3.753e-11,0.186
M51,12a152_212,A,202.0,4.862e-11,0.169
M51,12a152_212,A,206.0,6.204e-11,0.146
M51,12a152_212,A,210.0,1.101e-10,0.155
M51,12a152_212,A,214.0,2.115e-10,0.162
M51,12a152_212,A,218.0,2.619e-10,0.158
M51,12a152_212,A,222.0,3.556e-10,0.170
M51,12a152_212,A,226.0,4.330e-10,0.189
M51,12a152_212,A,230.0,6.753e-10,0.203
M51,12a152_212,A,234.0,1.765e-9,0.214
M51,12a152_212,A,238.0,5.680e-10,0.238
M51,12a152_212,A,242.0,7.370e-10,0.243
M51,12a152_212,A,246.0,7.639e-10,0.232
M51,12a152_212,A,250.0,9.214e-10,0.213
M51,12a152_212,A,254.0,1.727e-9,0.205
M51,12a152_212,A,258.0,2.085e-9,0.187
M51,12a152_212,A,262.0,9.000e-10,0.161
M51,12a152_212,A,266.0,7.872e-10,0.145
M51,12a152_212,A,270.0,7.683e-10,0.147
M51,12a152_212,A,274.0,6.775e-10,0.152
M51,12a152_212,A,278.0,6.060e-10,0.159
M51,12a152_212,A,282.0,5.461e-10,0.140
M51,12a152_212,A,286.0,5.580e-10,0.135
M51,12a152_212,A,290.0,4.934e-10,0.124
M51,12a152_212,A,294.0,5.068e-10,0.122
M51,12a152_212,A,298.0,5.226e-10,0.119
M51,12a152_212,A,302.0,3.373e-10,0.123
M51,12a152_212,A,306.0,2.407e-10,0.117
M51,12a152_212,A,310.0,1.903e-10,0.096
M51,12a152_212,A,314.0,1.304e-10,0.081
M51,12a152_212,A,318.0,8.974e-11,0.078
M51,12a152_212,A,322.0,4.556e-11,0.075
M51,12a152_212,A,326.0,2.665e-11,0.076
M51,12a152_212,A,330.0,7.729e-11,0.075
M51,12a152_212,A,334.0,1.770e-10,0.071
M51,12a152_212,A,338.0,9.124e-12,0.062
M51,12a152_212,A,342.0,3.653e-12,0.044
M51,12a152_212,A,346.0,9.078e-12,0.040
M51,12a152_212,A,350.0,3.762e-12,0.025
M51,12a152_212,A,354.0,5.287e-12,0.007
M51,12a152_212,A,358.0,1.750e-12,0.004
M51,12a152_212,A,362.0,5.705e-12,0.005
M51,12a152_212,A,366.0,5.251e-13,0.003
M51,12a152_212,A,370.0,4.209e-13,0.001
M51,12a152_212,A,378.0,7.467e-14,0.001
M51,12a152_212,A,382.0,1.189e-13,0.002
M51,12a152_212,A,386.0,9.461e-13,0.003
M51,12a152_212,A,390.0,2.982e-12,0.002
M51,12a152_212,A,398.0,2.162e-12,0.004
M51,12a152_212,A,402.0,1.094e-12,0.007
M51,12a152_212,A,406.0,1.315e-13,0.011
M51,12a152_212,A,410.0,4.841e-13,0.013
M51,12a152_212,A,414.0,2.193e-11,0.015
M51,12a152_212,A,418.0,2.293e-10,0.018
M51,12a152_212,A,422.0,2.047e-11,0.022
M51,12a152_212,A,426.0,3.432e-12,0.023
M51,12a152_212,A,430.0,9.939e-12,0.022
M51,12a152_212,A,434.0,1.652e-10,0.019
M51,12a152_212,A,438.0,6.122e-10,0.015
M51,12a152_212,A,442.0,8.541e-12,0.012
M51,12a152_212,A,446.0,1.406e-12,0.013
M51,12a152_212,A,450.0,6.353e-12,0.009
M51,12a152_212,A,454.0,1.496e-12,0.005
M51,12a152_212,A,462.0,8.826e-14,0.001
M51,12a152_212,A,466.0,1.579e-12,0.002
M51,12a152_212,A,470.0,9.327e-15,0.000
M51,12a152_212,A,474.0,2.500e-13,0.001
M51,12a152_212,A,482.0,8.690e-13,0.009
M51,12a152_212,A,486.0,7.288e-12,0.013
M51,12a152_212,A,490.0,1.677e-11,0.011
M51,12a152_212,A,494.0,9.683e-11,0.011
M51,12a152_212,A,498.0,1.100e-12,0.010
M51,12a152_212,A,502.0,3.493e-13,0.009
M51,12a152_212,A,506.0,2.292e-12,0.012
M51,12a152_212,A,510.0,1.743e-11,0.018
M51,12a152_212,A,514.0,1.377e-12,0.018
M51,12a152_212,A,518.0,8.029e-11,0.019
M51,12a152_212,A,522.0,3.979e-10,0.018
M51,12a152_212,A,526.0,7.800e-12,0.016
M51,12a152_212,A,530.0,4.885e-13,0.018
M51,12a152_212,A,534.0,3.302e-13,0.019
M51,12a152_212,A,538.0,2.312e-13,0.011
M51,12a152_212,A,542.0,2.259e-11,0.008
M51,12a152_212,A,546.0,2.684e-12,0.004
M51,12a152_212,A,554.0,2.452e-13,0.000
M51,12a152_212,A,558.0,1.894e-12,0.003
M51,12a152_212,A,562.0,1.292e-12,0.005
M51,12a152_212,A,566.0,8.937e-17,0.002
M51,12a152_212,A,570.0,2.438e-12,0.006
M51,12a152_212,A,574.0,1.731e-11,0.007
M51,12a152_212,A,578.0,3.705e-13,0.006
M51,12a152_212,A,582.0,1.994e-16,0.004
M51,12a152_212,A,586.0,4.143e-13,0.003
M51,12a152_212,A,590.0,1.004e-13,0.001
M51,12a152_212,A,594.0,1.574e-13,0.000
M51,12a152_212,A,622.0,3.484e-13,0.004
M51,12a152_212,A,626.0,1.274e-13,0.007
M51,12a152_212,A,630.0,3.695e-13,0.012
M51,12a152_212,A,634.0,8.335e-12,0.017
M51,12a152_212,A,638.0,8.585e-11,0.022
M51,12a152_212,A,642.0,8.455e-11,0.022
M51,12a152_212,A,646.0,1.369e-11,0.021
M51,12a152_212,A,650.0,2.030e-11,0.021
M51,12a152_212,A,654.0,1.016e-12,0.012
M51,12a152_212,A,658.0,2.744e-11,0.016
M51,12a152_212,A,662.0,5.068e-10,0.014
M51,12a152_212,A,666.0,1.435e-10,0.015
M51,12a152_212,A,670.0,1.491e-12,0.008
M51,12a152_212,A,674.0,1.873e-12,0.008
M51,12a152_212,A,678.0,2.389e-13,0.007
M51,12a152_212,A,682.0,1.499e-14,0.007
M51,12a152_212,A,686.0,6.436e-12,0.007
M51,12a152_212,A,690.0,8.389e-11,0.008
M51,12a152_212,A,694.0,8.520e-12,0.006
M51,12a152_212,A,698.0,2.404e-12,0.005
M51,12a152_212,A,702.0,4.557e-12,0.005
M51,12a152_212,A,706.0,2.539e-15,0.003
M51,12a152_212,A,710.0,7.251e-14,0.005
M51,12a152_212,A,714.0,1.092e-13,0.006
M51,12a152_212,A,718.0,2.221e-11,0.008
M51,12a152_212,A,722.0,2.965e-13,0.006
M51,12a152_212,A,726.0,6.525e-15,0.004
M51,12a152_212,A,730.0,2.780e-15,0.003
M51,12a152_212,A,734.0,1.679e-15,0.001
M51,12a152_212,B,2.0,6.292e-8,1.000
M51,12a152_212,B,6.0,6.531e-8,1.000
M51,12a152_212,B,10.0,7.353e-8,1.000
M51,12a152_212,B,14.0,4.587e-8,1.000
M51,12a152_212,B,18.0,3.620e-8,1.000
M51,12a152_212,B,22.0,2.638e-8,1.000
M51,12a152_212,B,26.0,1.765e-8,0.985
M51,12a152_212,B,30.0,1.151e-8,0.993
M51,12a152_212,B,34.0,7.585e-9,1.000
M51,12a152_212,B,38.0,4.411e-9,0.948
M51,12a152_212,B,42.0,2.577e-9,0.962
M51,12a152_212,B,46.0,2.336e-9,0.986
M51,12a152_212,B,50.0,1.891e-9,0.995
M51,12a152_212,B,54.0,1.398e-9,0.962
M51,12a152_212,B,58.0,1.253e-9,0.957
M51,12a152_212,B,62.0,1.101e-9,0.868
M51,12a152_212,B,66.0,1.510e-9,0.840
M51,12a152_212,B,70.0,2.636e-9,0.709
M51,12a152_212,B,74.0,3.326e-9,0.692
M51,12a152_212,B,78.0,2.969e-9,0.669
M51,12a152_212,B,82.0,2.336e-9,0.648
M51,12a152_212,B,86.0,1.695e-9,0.636
M51,12a152_212,B,90.0,1.449e-9,0.673
M51,12a152_212,B,94.0,1.482e-9,0.759
M51,12a152_212,B,98.0,4.483e-9,0.780
M51,12a152_212,B,102.0,1.407e-9,0.748
M51,12a152_212,B,106.0,1.859e-9,0.707
M51,12a152_212,B,110.0,1.734e-9,0.730
M51,12a152_212,B,114.0,1.781e-9,0.726
M51,12a152_212,B,118.0,1.871e-9,0.759
M51,12a152_212,B,122.0,2.184e-9,0.771
M51,12a152_212,B,126.0,1.985e-9,0.810
M51,12a152_212,B,130.0,1.972e-9,0.845
M51,12a152_212,B,134.0,1.518e-9,0.890
M51,12a152_212,B,138.0,1.395e-9,0.900
M51,12a152_212,B,142.0,1.553e-9,0.924
M51,12a152_212,B,146.0,1.315e-9,0.863
M51,12a152_212,B,150.0,1.223e-9,0.813
M51,12a152_212,B,154.0,8.228e-10,0.763
M51,12a152_212,B,158.0,5.844e-10,0.684
M51,12a152_212,B,162.0,5.175e-10,0.607
M51,12a152_212,B,166.0,4.281e-10,0.517
M51,12a152_212,B,170.0,2.979e-10,0.481
M51,12a152_212,B,174.0,2.223e-10,0.458
M51,12a152_212,B,178.0,1.690e-10,0.406
M51,12a152_212,B,182.0,3.288e-10,0.343
M51,12a152_212,B,186.0,4.949e-10,0.258
M51,12a152_212,B,190.0,9.872e-11,0.206
M51,12a152_212,B,194.0,2.495e-11,0.150
M51,12a152_212,B,198.0,1.557e-11,0.121
M51,12a152_212,B,202.0,2.276e-11,0.111
M51,12a152_212,B,206.0,3.199e-11,0.110
M51,12a152_212,B,210.0,6.674e-11,0.109
M51,12a152_212,B,214.0,1.528e-10,0.109
M51,12a152_212,B,218.0,2.052e-10,0.121
M51,12a152_212,B,222.0,3.008e-10,0.135
M51,12a152_212,B,226.0,3.711e-10,0.150
M51,12a152_212,B,230.0,6.097e-10,0.163
M51,12a152_212,B,234.0,1.706e-9,0.175
M51,12a152_212,B,238.0,5.046e-10,0.200
M51,12a152_212,B,242.0,6.814e-10,0.208
M51,12a152_212,B,246.0,7.107e-10,0.197
M51,12a152_212,B,250.0,8.691e-10,0.173
M51,12a152_212,B,254.0,1.662e-9,0.176
M51,12a152_212,B,258.0,2.026e-9,0.161
M51,12a152_212,B,262.0,8.474e-10,0.140
M51,12a152_212,B,266.0,7.381e-10,0.120
M51,12a152_212,B,270.0,7.145e-10,0.120
M51,12a152_212,B,274.0,6.264e-10,0.111
M51,12a152_212,B,278.0,5.551e-10,0.109
M51,12a152_212,B,282.0,4.964e-10,0.095
M51,12a152_212,B,286.0,5.090e-10,0.103
M51,12a152_212,B,290.0,4.497e-10,0.099
M51,12a152_212,B,294.0,4.614e-10,0.095
M51,12a152_212,B,298.0,4.842e-10,0.086
M51,12a152_212,B,302.0,3.009e-10,0.082
M51,12a152_212,B,306.0,2.124e-10,0.066
M51,12a152_212,B,310.0,1.583e-10,0.061
M51,12a152_212,B,314.0,9.955e-11,0.053
M51,12a152_212,B,318.0,5.983e-11,0.054
M51,12a152_212,B,322.0,2.810e-11,0.046
M51,12a152_212,B,326.0,1.528e-11,0.047
M51,12a152_212,B,330.0,6.730e-11,0.050
M51,12a152_212,B,334.0,1.653e-10,0.051
M51,12a152_212,B,338.0,3.703e-12,0.043
M51,12a152_212,B,342.0,4.837e-13,0.026
M51,12a152_212,B,346.0,4.930e-12,0.013
M51,12a152_212,B,350.0,1.826e-12,0.003
M51,12a152_212,B,354.0,3.498e-12,0.002
M51,12a152_212,B,358.0,9.850e-13,0.001
M51,12a152_212,B,362.0,5.077e-12,0.002
M51,12a152_212,B,366.0,8.826e-14,0.001
M51,12a152_212,B,370.0,1.614e-13,0.001
M51,12a152_212,B,386.0,3.618e-13,0.002
M51,12a152_212,B,390.0,1.935e-12,0.002
M51,12a152_212,B,398.0,1.216e-12,0.003
M51,12a152_212,B,402.0,5.309e-13,0.005
M51,12a152_212,B,406.0,2.251e-14,0.009
M51,12a152_212,B,410.0,2.864e-13,0.012
M51,12a152_212,B,414.0,1.896e-11,0.015
M51,12a152_212,B,418.0,2.262e-10,0.017
M51,12a152_212,B,422.0,1.731e-11,0.020
M51,12a152_212,B,426.0,2.315e-12,0.022
M51,12a152_212,B,430.0,8.742e-12,0.021
M51,12a152_212,B,434.0,1.639e-10,0.018
M51,12a152_212,B,438.0,6.118e-10,0.013
M51,12a152_212,B,442.0,8.336e-12,0.011
M51,12a152_212,B,446.0,1.093e-12,0.012
M51,12a152_212,B,450.0,5.843e-12,0.009
M51,12a152_212,B,454.0,8.817e-13,0.004
M51,12a152_212,B,466.0,9.037e-13,0.002
M51,12a152_212,B,474.0,1.083e-13,0.000
M51,12a152_212,B,482.0,3.941e-13,0.009
M51,12a152_212,B,486.0,5.564e-12,0.013
M51,12a152_212,B,490.0,1.599e-11,0.009
M51,12a152_212,B,494.0,9.564e-11,0.010
M51,12a152_212,B,498.0,6.719e-13,0.010
M51,12a152_212,B,502.0,1.897e-13,0.009
M51,12a152_212,B,506.0,1.690e-12,0.011
M51,12a152_212,B,510.0,1.575e-11,0.017
M51,12a152_212,B,514.0,8.559e-13,0.016
M51,12a152_212,B,518.0,7.585e-11,0.017
M51,12a152_212,B,522.0,3.953e-10,0.017
M51,12a152_212,B,526.0,5.836e-12,0.015
M51,12a152_212,B,530.0,2.856e-13,0.016
M51,12a152_212,B,534.0,1.862e-13,0.011
M51,12a152_212,B,538.0,8.228e-14,0.002
M51,12a152_212,B,542.0,2.156e-11,0.002
M51,12a152_212,B,546.0,2.047e-12,0.001
M51,12a152_212,B,554.0,1.268e-13,0.000
M51,12a152_212,B,558.0,1.150e-12,0.002
M51,12a152_212,B,562.0,6.924e-13,0.002
M51,12a152_212,B,570.0,1.989e-12,0.000
M51,12a152_212,B,574.0,1.718e-11,0.001
M51,12a152_212,B,578.0,1.504e-13,0.001
M51,12a152_212,B,586.0,1.792e-13,0.001
M51,12a152_212,B,594.0,6.827e-14,0.000
M51,12a152_212,B,622.0,1.583e-13,0.002
M51,12a152_212,B,626.0,1.845e-14,0.005
M51,12a152_212,B,630.0,2.295e-13,0.010
M51,12a152_212,B,634.0,7.358e-12,0.013
M51,12a152_212,B,638.0,8.448e-11,0.019
M51,12a152_212,B,642.0,8.315e-11,0.021
M51,12a152_212,B,646.0,1.214e-11,0.019
M51,12a152_212,B,650.0,1.923e-11,0.020
M51,12a152_212,B,654.0,9.600e-13,0.011
M51,12a152_212,B,658.0,2.744e-11,0.015
M51,12a152_212,B,662.0,5.067e-10,0.013
M51,12a152_212,B,666.0,1.435e-10,0.015
M51,12a152_212,B,670.0,1.461e-12,0.008
M51,12a152_212,B,674.0,1.384e-12,0.007
M51,12a152_212,B,678.0,1.299e-13,0.006
M51,12a152_212,B,682.0,1.028e-14,0.006
M51,12a152_212,B,686.0,5.947e-12,0.006
M51,12a152_212,B,690.0,8.354e-11,0.008
M51,12a152_212,B,694.0,7.972e-12,0.006
M51,12a152_212,B,698.0,2.039e-12,0.005
M51,12a152_212,B,702.0,4.336e-12,0.004
M51,12a152_212,B,706.0,1.755e-17,0.001
M51,12a152_212,B,710.0,1.227e-14,0.000
M51,12a152_212,B,718.0,2.193e-11,0.002
M51,12a152_212,B,722.0,1.467e-13,0.000
M51,18a158_220,A,2.0,6.328e-8,1.000
M51,18a158_220,A,6.0,6.719e-8,1.000
M51,18a158_220,A,10.0,7.629e-8,1.000
M51,18a158_220,A,14.0,4.658e-8,1.000
M51,18a158_220,A,18.0,3.610e-8,1.000
M51,18a158_220,A,22.0,2.584e-8,1.000
M51,18a158_220,A,26.0,1.704e-8,1.000
M51,18a158_220,A,30.0,1.195e-8,0.980
M51,18a158_220,A,34.0,7.910e-9,1.000
M51,18a158_220,A,38.0,4.968e-9,0.945
M51,18a158_220,A,42.0,3.060e-9,0.959
M51,18a158_220,A,46.0,3.192e-9,0.983
M51,18a158_220,A,50.0,2.959e-9,0.992
M51,18a158_220,A,54.0,2.297e-9,0.954
M51,18a158_220,A,58.0,2.033e-9,0.945
M51,18a158_220,A,62.0,1.730e-9,0.901
M51,18a158_220,A,66.0,2.045e-9,0.884
M51,18a158_220,A,70.0,2.962e-9,0.828
M51,18a158_220,A,74.0,3.631e-9,0.770
M51,18a158_220,A,78.0,3.344e-9,0.780
M51,18a158_220,A,82.0,2.638e-9,0.748
M51,18a158_220,A,86.0,2.189e-9,0.727
M51,18a158_220,A,90.0,1.922e-9,0.787
M51,18a158_220,A,94.0,1.984e-9,0.800
M51,18a158_220,A,98.0,5.050e-9,0.821
M51,18a158_220,A,102.0,1.889e-9,0.833
M51,18a158_220,A,106.0,2.217e-9,0.830
M51,18a158_220,A,110.0,2.339e-9,0.822
M51,18a158_220,A,114.0,2.271e-9,0.826
M51,18a158_220,A,118.0,2.432e-9,0.855
M51,18a158_220,A,122.0,2.879e-9,0.878
M51,18a158_220,A,126.0,2.676e-9,0.894
M51,18a158_220,A,130.0,2.664e-9,0.913
M51,18a158_220,A,134.0,2.187e-9,0.926
M51,18a158_220,A,138.0,2.051e-9,0.959
M51,18a158_220,A,142.0,2.165e-9,0.983
M51,18a158_220,A,146.0,2.043e-9,0.962
M51,18a158_220,A,150.0,1.904e-9,0.909
M51,18a158_220,A,154.0,1.460e-9,0.836
M51,18a158_220,A,158.0,1.107e-9,0.772
M51,18a158_220,A,162.0,1.020e-9,0.711
M51,18a158_220,A,166.0,9.048e-10,0.655
M51,18a158_220,A,170.0,7.259e-10,0.624
M51,18a158_220,A,174.0,5.803e-10,0.603
M51,18a158_220,A,178.0,4.717e-10,0.593
M51,18a158_220,A,182.0,4.495e-10,0.568
M51,18a158_220,A,186.0,8.096e-10,0.505
M51,18a158_220,A,190.0,2.027e-10,0.422
M51,18a158_220,A,194.0,1.161e-10,0.375
M51,18a158_220,A,198.0,7.339e-11,0.294
M51,18a158_220,A,202.0,8.540e-11,0.224
M51,18a158_220,A,206.0,1.084e-10,0.211
M51,18a158_220,A,210.0,1.602e-10,0.208
M51,18a158_220,A,214.0,2.597e-10,0.210
M51,18a158_220,A,218.0,2.959e-10,0.216
M51,18a158_220,A,222.0,4.129e-10,0.232
M51,18a158_220,A,226.0,4.705e-10,0.251
M51,18a158_220,A,230.0,7.486e-10,0.266
M51,18a158_220,A,234.0,1.751e-9,0.280
M51,18a158_220,A,238.0,6.144e-10,0.275
M51,18a158_220,A,242.0,7.387e-10,0.283
M51,18a158_220,A,246.0,8.557e-10,0.277
M51,18a158_220,A,250.0,1.062e-9,0.248
M51,18a158_220,A,254.0,1.576e-9,0.238
M51,18a158_220,A,258.0,2.231e-9,0.212
M51,18a158_220,A,262.0,9.309e-10,0.205
M51,18a158_220,A,266.0,8.313e-10,0.198
M51,18a158_220,A,270.0,8.060e-10,0.185
M51,18a158_220,A,274.0,7.268e-10,0.183
M51,18a158_220,A,278.0,6.308e-10,0.189
M51,18a158_220,A,282.0,5.720e-10,0.193
M51,18a158_220,A,286.0,5.726e-10,0.194
M51,18a158_220,A,290.0,5.231e-10,0.193
M51,18a158_220,A,294.0,5.217e-10,0.176
M51,18a158_220,A,298.0,5.642e-10,0.154
M51,18a158_220,A,302.0,3.613e-10,0.143
M51,18a158_220,A,306.0,2.705e-10,0.138
M51,18a158_220,A,310.0,2.034e-10,0.127
M51,18a158_220,A,314.0,1.508e-10,0.123
M51,18a158_220,A,318.0,1.158e-10,0.125
M51,18a158_220,A,322.0,7.015e-11,0.108
M51,18a158_220,A,326.0,4.400e-11,0.099
M51,18a158_220,A,330.0,1.087e-10,0.109
M51,18a158_220,A,334.0,1.836e-10,0.105
M51,18a158_220,A,338.0,1.801e-11,0.096
M51,18a158_220,A,342.0,1.072e-11,0.070
M51,18a158_220,A,346.0,1.658e-11,0.066
M51,18a158_220,A,350.0,1.295e-11,0.058
M51,18a158_220,A,354.0,7.199e-12,0.051
M51,18a158_220,A,358.0,4.864e-12,0.046
M51,18a158_220,A,362.0,8.325e-12,0.034
M51,18a158_220,A,366.0,1.887e-12,0.028
M51,18a158_220,A,370.0,1.898e-12,0.017
M51,18a158_220,A,374.0,3.803e-13,0.009
M51,18a158_220,A,378.0,3.848e-13,0.010
M51,18a158_220,A,382.0,1.196e-12,0.011
M51,18a158_220,A,386.0,2.357e-12,0.008
M51,18a158_220,A,390.0,3.396e-12,0.004
M51,18a158_220,A,394.0,1.051e-13,0.003
M51,18a158_220,A,398.0,3.654e-12,0.005
M51,18a158_220,A,402.0,2.074e-12,0.008
M51,18a158_220,A,406.0,5.807e-13,0.012
M51,18a158_220,A,410.0,8.150e-13,0.017
M51,18a158_220,A,414.0,4.535e-11,0.021
M51,18a158_220,A,418.0,2.169e-10,0.026
M51,18a158_220,A,422.0,3.050e-11,0.032
M51,18a158_220,A,426.0,1.121e-12,0.037
M51,18a158_220,A,430.0,8.697e-12,0.033
M51,18a158_220,A,434.0,1.900e-10,0.023
M51,18a158_220,A,438.0,6.390e-10,0.022
M51,18a158_220,A,442.0,1.072e-11,0.016
M51,18a158_220,A,446.0,1.101e-12,0.015
M51,18a158_220,A,450.0,8.557e-12,0.012
M51,18a158_220,A,454.0,2.697e-12,0.008
M51,18a158_220,A,458.0,7.337e-14,0.001
M51,18a158_220,A,462.0,3.299e-13,0.003
M51,18a158_220,A,466.0,2.632e-12,0.003
M51,18a158_220,A,470.0,4.289e-13,0.005
M51,18a158_220,A,474.0,6.401e-13,0.004
M51,18a158_220,A,478.0,8.797e-14,0.005
M51,18a158_220,A,482.0,2.493e-12,0.014
M51,18a158_220,A,486.0,8.204e-12,0.016
M51,18a158_220,A,490.0,6.735e-12,0.015
M51,18a158_220,A,494.0,1.067e-10,0.014
M51,18a158_220,A,498.0,3.475e-12,0.016
M51,18a158_220,A,502.0,2.567e-13,0.020
M51,18a158_220,A,506.0,2.269e-12,0.026
M51,18a158_220,A,510.0,1.872e-11,0.029
M51,18a158_220,A,514.0,3.797e-12,0.027
M51,18a158_220,A,518.0,1.855e-10,0.031
M51,18a158_220,A,522.0,2.852e-10,0.021
M51,18a158_220,A,526.0,9.001e-12,0.019
M51,18a158_220,A,530.0,6.340e-13,0.021
M51,18a158_220,A,534.0,7.154e-13,0.024
M51,18a158_220,A,538.0,1.767e-12,0.017
M51,18a158_220,A,542.0,2.004e-11,0.009
M51,18a158_220,A,546.0,4.681e-12,0.008
M51,18a158_220,A,550.0,1.393e-14,0.001
M51,18a158_220,A,554.0,4.634e-16,0.000
M51,18a158_220,A,558.0,3.807e-12,0.006
M51,18a158_220,A,562.0,1.984e-12,0.003
M51,18a158_220,A,566.0,2.449e-13,0.003
M51,18a158_220,A,570.0,3.547e-13,0.007
M51,18a158_220,A,574.0,2.159e-11,0.011
M51,18a158_220,A,578.0,6.481e-13,0.007
M51,18a158_220,A,582.0,5.296e-15,0.004
M51,18a158_220,A,586.0,7.480e-13,0.004
M51,18a158_220,A,590.0,4.644e-13,0.004
M51,18a158_220,A,594.0,4.557e-13,0.002
M51,18a158_220,A,598.0,8.491e-14,0.000
M51,18a158_220,A,602.0,3.540e-14,0.000
M51,18a158_220,A,606.0,5.930e-14,0.001
M51,18a158_220,A,614.0,5.371e-14,0.000
M51,18a158_220,A,618.0,4.352e-14,0.001
M51,18a158_220,A,622.0,4.427e-13,0.006
M51,18a158_220,A,626.0,6.039e-13,0.010
M51,18a158_220,A,630.0,5.361e-13,0.013
M51,18a158_220,A,634.0,7.343e-12,0.017
M51,18a158_220,A,638.0,1.202e-10,0.023
M51,18a158_220,A,642.0,5.012e-11,0.024
M51,18a158_220,A,646.0,1.082e-11,0.024
M51,18a158_220,A,650.0,2.712e-11,0.020
M51,18a158_220,A,654.0,1.157e-12,0.012
M51,18a158_220,A,658.0,2.689e-11,0.015
M51,18a158_220,A,662.0,4.644e-10,0.014
M51,18a158_220,A,666.0,1.874e-10,0.016
M51,18a158_220,A,670.0,1.911e-12,0.010
M51,18a158_220,A,674.0,1.623e-12,0.009
M51,18a158_220,A,678.0,8.265e-13,0.007
M51,18a158_220,A,682.0,5.711e-14,0.005
M51,18a158_220,A,686.0,1.952e-12,0.009
M51,18a158_220,A,690.0,8.909e-11,0.011
M51,18a158_220,A,694.0,3.622e-12,0.010
M51,18a158_220,A,698.0,3.446e-12,0.010
M51,18a158_220,A,702.0,3.563e-12,0.007
M51,18a158_220,A,706.0,7.508e-15,0.006
M51,18a158_220,A,710.0,3.781e-14,0.008
M51,18a158_220,A,714.0,2.380e-13,0.006
M51,18a158_220,A,718.0,2.705e-11,0.008
M51,18a158_220,A,722.0,1.377e-12,0.006
M51,18a158_220,A,726.0,2.040e-14,0.004
M51,18a158_220,A,730.0,6.930e-15,0.003
M51,18a158_220,A,734.0,5.812e-15,0.001
M51,18a158_220,B,2.0,6.328e-8,1.000
M51,18a158_220,B,6.0,6.719e-8,1.000
M51,18a158_220,B,10.0,7.629e-8,1.000
M51,18a158_220,B,14.0,4.658e-8,1.000
M51,18a158_220,B,18.0,3.610e-8,1.000
M51,18a158_220,B,22.0,2.584e-8,1.000
M51,18a158_220,B,26.0,1.704e-8,1.000
M51,18a158_220,B,30.0,1.195e-8,0.980
M51,18a158_220,B,34.0,7.910e-9,1.000
M51,18a158_220,B,38.0,4.954e-9,0.945
M51,18a158_220,B,42.0,3.018e-9,0.959
M51,18a158_220,B,46.0,3.081e-9,0.983
M51,18a158_220,B,50.0,2.761e-9,0.992
M51,18a158_220,B,54.0,2.072e-9,0.954
M51,18a158_220,B,58.0,1.828e-9,0.945
M51,18a158_220,B,62.0,1.571e-9,0.901
M51,18a158_220,B,66.0,1.932e-9,0.884
M51,18a158_220,B,70.0,2.864e-9,0.828
M51,18a158_220,B,74.0,3.565e-9,0.752
M51,18a158_220,B,78.0,3.260e-9,0.740
M51,18a158_220,B,82.0,2.562e-9,0.724
M51,18a158_220,B,86.0,2.116e-9,0.709
M51,18a158_220,B,90.0,1.833e-9,0.785
M51,18a158_220,B,94.0,1.882e-9,0.798
M51,18a158_220,B,98.0,4.918e-9,0.821
M51,18a158_220,B,102.0,1.768e-9,0.823
M51,18a158_220,B,106.0,2.091e-9,0.787
M51,18a158_220,B,110.0,2.206e-9,0.776
M51,18a158_220,B,114.0,2.157e-9,0.788
M51,18a158_220,B,118.0,2.316e-9,0.824
M51,18a158_220,B,122.0,2.728e-9,0.853
M51,18a158_220,B,126.0,2.512e-9,0.871
M51,18a158_220,B,130.0,2.483e-9,0.885
M51,18a158_220,B,134.0,2.004e-9,0.923
M51,18a158_220,B,138.0,1.857e-9,0.955
M51,18a158_220,B,142.0,1.967e-9,0.982
M51,18a158_220,B,146.0,1.821e-9,0.953
M51,18a158_220,B,150.0,1.704e-9,0.882
M51,18a158_220,B,154.0,1.268e-9,0.819
M51,18a158_220,B,158.0,9.357e-10,0.746
M51,18a158_220,B,162.0,8.572e-10,0.687
M51,18a158_220,B,166.0,7.150e-10,0.610
M51,18a158_220,B,170.0,5.410e-10,0.582
M51,18a158_220,B,174.0,4.272e-10,0.558
M51,18a158_220,B,178.0,3.415e-10,0.533
M51,18a158_220,B,182.0,3.490e-10,0.491
M51,18a158_220,B,186.0,7.290e-10,0.422
M51,18a158_220,B,190.0,1.427e-10,0.377
M51,18a158_220,B,194.0,7.438e-11,0.276
M51,18a158_220,B,198.0,4.522e-11,0.198
M51,18a158_220,B,202.0,5.315e-11,0.181
M51,18a158_220,B,206.0,7.039e-11,0.162
M51,18a158_220,B,210.0,1.251e-10,0.163
M51,18a158_220,B,214.0,2.270e-10,0.175
M51,18a158_220,B,218.0,2.623e-10,0.172
M51,18a158_220,B,222.0,3.750e-10,0.180
M51,18a158_220,B,226.0,4.351e-10,0.200
M51,18a158_220,B,230.0,7.125e-10,0.212
M51,18a158_220,B,234.0,1.719e-9,0.229
M51,18a158_220,B,238.0,5.835e-10,0.230
M51,18a158_220,B,242.0,7.060e-10,0.245
M51,18a158_220,B,246.0,8.175e-10,0.243
M51,18a158_220,B,250.0,1.027e-9,0.220
M51,18a158_220,B,254.0,1.542e-9,0.209
M51,18a158_220,B,258.0,2.203e-9,0.189
M51,18a158_220,B,262.0,9.032e-10,0.173
M51,18a158_220,B,266.0,8.092e-10,0.158
M51,18a158_220,B,270.0,7.847e-10,0.157
M51,18a158_220,B,274.0,7.054e-10,0.162
M51,18a158_220,B,278.0,6.125e-10,0.165
M51,18a158_220,B,282.0,5.537e-10,0.161
M51,18a158_220,B,286.0,5.534e-10,0.149
M51,18a158_220,B,290.0,5.077e-10,0.131
M51,18a158_220,B,294.0,5.088e-10,0.127
M51,18a158_220,B,298.0,5.499e-10,0.121
M51,18a158_220,B,302.0,3.436e-10,0.122
M51,18a158_220,B,306.0,2.516e-10,0.123
M51,18a158_220,B,310.0,1.877e-10,0.109
M51,18a158_220,B,314.0,1.362e-10,0.097
M51,18a158_220,B,318.0,1.004e-10,0.093
M51,18a158_220,B,322.0,5.453e-11,0.079
M51,18a158_220,B,326.0,2.941e-11,0.078
M51,18a158_220,B,330.0,9.282e-11,0.089
M51,18a158_220,B,334.0,1.722e-10,0.081
M51,18a158_220,B,338.0,9.724e-12,0.065
M51,18a158_220,B,342.0,4.841e-12,0.048
M51,18a158_220,B,346.0,1.031e-11,0.048
M51,18a158_220,B,350.0,7.319e-12,0.037
M51,18a158_220,B,354.0,3.625e-12,0.019
M51,18a158_220,B,358.0,2.110e-12,0.011
M51,18a158_220,B,362.0,6.054e-12,0.009
M51,18a158_220,B,366.0,4.370e-13,0.009
M51,18a158_220,B,370.0,7.617e-13,0.004
M51,18a158_220,B,378.0,5.793e-14,0.001
M51,18a158_220,B,382.0,6.072e-13,0.002
M51,18a158_220,B,386.0,1.456e-12,0.002
M51,18a158_220,B,390.0,3.002e-12,0.002
M51,18a158_220,B,398.0,2.545e-12,0.002
M51,18a158_220,B,402.0,1.287e-12,0.006
M51,18a158_220,B,406.0,2.821e-13,0.009
M51,18a158_220,B,410.0,5.473e-13,0.013
M51,18a158_220,B,414.0,4.347e-11,0.016
M51,18a158_220,B,418.0,2.149e-10,0.020
M51,18a158_220,B,422.0,2.877e-11,0.024
M51,18a158_220,B,426.0,7.793e-13,0.022
M51,18a158_220,B,430.0,8.101e-12,0.020
M51,18a158_220,B,434.0,1.892e-10,0.017
M51,18a158_220,B,438.0,6.383e-10,0.015
M51,18a158_220,B,442.0,1.058e-11,0.012
M51,18a158_220,B,446.0,8.817e-13,0.013
M51,18a158_220,B,450.0,8.021e-12,0.012
M51,18a158_220,B,454.0,2.231e-12,0.006
M51,18a158_220,B,458.0,1.165e-14,0.000
M51,18a158_220,B,462.0,8.093e-14,0.002
M51,18a158_220,B,466.0,1.917e-12,0.002
M51,18a158_220,B,470.0,1.292e-13,0.002
M51,18a158_220,B,474.0,2.933e-13,0.002
M51,18a158_220,B,478.0,7.824e-15,0.004
M51,18a158_220,B,482.0,1.888e-12,0.011
M51,18a158_220,B,486.0,6.948e-12,0.014
M51,18a158_220,B,490.0,5.869e-12,0.012
M51,18a158_220,B,494.0,1.059e-10,0.011
M51,18a158_220,B,498.0,2.417e-12,0.011
M51,18a158_220,B,502.0,1.302e-13,0.011
M51,18a158_220,B,506.0,1.795e-12,0.016
M51,18a158_220,B,510.0,1.739e-11,0.021
M51,18a158_220,B,514.0,2.720e-12,0.018
M51,18a158_220,B,518.0,1.843e-10,0.021
M51,18a158_220,B,522.0,2.842e-10,0.018
M51,18a158_220,B,526.0,8.076e-12,0.017
M51,18a158_220,B,530.0,4.050e-13,0.019
M51,18a158_220,B,534.0,4.114e-13,0.019
M51,18a158_220,B,538.0,1.336e-12,0.012
M51,18a158_220,B,542.0,1.936e-11,0.009
M51,18a158_220,B,546.0,4.551e-12,0.006
M51,18a158_220,B,550.0,3.926e-17,0.000
M51,18a158_220,B,558.0,2.676e-12,0.004
M51,18a158_220,B,562.0,1.361e-12,0.003
M51,18a158_220,B,566.0,1.265e-13,0.003
M51,18a158_220,B,570.0,8.028e-14,0.004
M51,18a158_220,B,574.0,2.063e-11,0.008
M51,18a158_220,B,578.0,3.705e-13,0.007
M51,18a158_220,B,582.0,1.599e-15,0.004
M51,18a158_220,B,586.0,3.998e-13,0.003
M51,18a158_220,B,590.0,1.854e-13,0.001
M51,18a158_220,B,594.0,2.697e-13,0.001
M51,18a158_220,B,598.0,3.910e-14,0.000
M51,18a158_220,B,602.0,5.470e-15,0.000
M51,18a158_220,B,606.0,7.598e-15,0.000
M51,18a158_220,B,614.0,1.820e-14,0.000
M51,18a158_220,B,622.0,2.217e-13,0.005
M51,18a158_220,B,626.0,3.505e-13,0.008
M51,18a158_220,B,630.0,3.582e-13,0.013
M51,18a158_220,B,634.0,6.842e-12,0.017
M51,18a158_220,B,638.0,1.197e-10,0.022
M51,18a158_220,B,642.0,4.969e-11,0.024
M51,18a158_220,B,646.0,9.929e-12,0.023
M51,18a158_220,B,650.0,2.646e-11,0.019
M51,18a158_220,B,654.0,1.102e-12,0.011
M51,18a158_220,B,658.0,2.689e-11,0.015
M51,18a158_220,B,662.0,4.644e-10,0.014
M51,18a158_220,B,666.0,1.874e-10,0.015
M51,18a158_220,B,670.0,1.894e-12,0.009
M51,18a158_220,B,674.0,1.540e-12,0.008
M51,18a158_220,B,678.0,5.843e-13,0.006
M51,18a158_220,B,682.0,4.678e-14,0.005
M51,18a158_220,B,686.0,1.651e-12,0.007
M51,18a158_220,B,690.0,8.873e-11,0.007
M51,18a158_220,B,694.0,3.509e-12,0.005
M51,18a158_220,B,698.0,3.316e-12,0.005
M51,18a158_220,B,702.0,3.244e-12,0.003
M51,18a158_220,B,706.0,3.516e-15,0.002
M51,18a158_220,B,710.0,8.638e-15,0.005
M51,18a158_220,B,714.0,1.254e-13,0.006
M51,18a158_220,B,718.0,2.679e-11,0.008
M51,18a158_220,B,722.0,1.039e-12,0.006
M51,18a158_220,B,726.0,1.056e-14,0.004
M51,18a158_220,B,730.0,3.321e-15,0.003
M51,18a158_220,B,734.0,2.484e-15,0.001
M101,18a66_212,A,2.0,7.520e-8,1.000
M101,18a66_212,A,10.0,2.766e-8,1.000
M101,18a66_212,A,14.0,1.719e-8,1.000
M101,18a66_212,A,18.0,1.306e-8,1.000
M101,18a66_212,A,22.0,1.108e-8,1.000
M101,18a66_212,A,26.0,7.999e-9,1.000
M101,18a66_212,A,30.0,6.582e-9,1.000
M101,18a66_212,A,34.0,5.207e-9,1.000
M101,18a66_212,A,38.0,5.153e-9,1.000
M101,18a66_212,A,42.0,4.605e-9,1.000
M101,18a66_212,A,46.0,4.133e-9,1.000
M101,18a66_212,A,50.0,4.056e-9,1.000
M101,18a66_212,A,54.0,2.704e-9,1.000
M101,18a66_212,A,58.0,2.412e-9,0.977
M101,18a66_212,A,62.0,1.932e-9,0.971
M101,18a66_212,A,66.0,1.681e-9,0.922
M101,18a66_212,A,70.0,1.935e-9,0.885
M101,18a66_212,A,74.0,2.072e-9,0.778
M101,18a66_212,A,78.0,1.161e-8,0.765
M101,18a66_212,A,82.0,1.292e-9,0.819
M101,18a66_212,A,86.0,9.322e-10,0.738
M101,18a66_212,A,90.0,8.115e-10,0.639
M101,18a66_212,A,94.0,9.527e-10,0.643
M101,18a66_212,A,98.0,6.436e-10,0.656
M101,18a66_212,A,102.0,6.889e-10,0.587
M101,18a66_212,A,106.0,6.793e-10,0.575
M101,18a66_212,A,110.0,1.180e-9,0.560
M101,18a66_212,A,114.0,6.940e-10,0.545
M101,18a66_212,A,118.0,7.758e-10,0.543
M101,18a66_212,A,122.0,9.201e-10,0.611
M101,18a66_212,A,126.0,8.408e-10,0.640
M101,18a66_212,A,130.0,9.167e-10,0.648
M101,18a66_212,A,134.0,8.568e-10,0.667
M101,18a66_212,A,138.0,1.609e-9,0.716
M101,18a66_212,A,142.0,1.019e-9,0.750
M101,18a66_212,A,146.0,9.859e-10,0.727
M101,18a66_212,A,150.0,6.975e-10,0.711
M101,18a66_212,A,154.0,9.608e-10,0.677
M101,18a66_212,A,158.0,6.293e-10,0.681
M101,18a66_212,A,162.0,8.278e-10,0.649
M101,18a66_212,A,166.0,3.678e-10,0.669
M101,18a66_212,A,170.0,3.999e-10,0.621
M101,18a66_212,A,174.0,6.754e-10,0.589
M101,18a66_212,A,178.0,8.380e-10,0.610
M101,18a66_212,A,182.0,9.859e-10,0.594
M101,18a66_212,A,186.0,5.631e-10,0.604
M101,18a66_212,A,190.0,6.781e-10,0.574
M101,18a66_212,A,194.0,4.373e-10,0.580
M101,18a66_212,A,198.0,5.217e-10,0.543
M101,18a66_212,A,202.0,1.124e-9,0.483
M101,18a66_212,A,206.0,1.138e-9,0.472
M101,18a66_212,A,210.0,7.199e-10,0.465
M101,18a66_212,A,214.0,3.475e-10,0.469
M101,18a66_212,A,218.0,2.276e-10,0.458
M101,18a66_212,A,222.0,8.803e-10,0.475
M101,18a66_212,A,226.0,3.976e-10,0.477
M101,18a66_212,A,230.0,6.087e-10,0.500
M101,18a66_212,A,234.0,3.925e-10,0.470
M101,18a66_212,A,238.0,3.843e-10,0.459
M101,18a66_212,A,242.0,9.523e-10,0.413
M101,18a66_212,A,246.0,3.434e-10,0.394
M101,18a66_212,A,250.0,3.769e-10,0.412
M101,18a66_212,A,254.0,3.883e-10,0.392
M101,18a66_212,A,258.0,4.279e-10,0.360
M101,18a66_212,A,262.0,3.635e-10,0.379
M101,18a66_212,A,266.0,4.981e-10,0.373
M101,18a66_212,A,270.0,4.630e-10,0.354
M101,18a66_212,A,274.0,1.086e-9,0.333
M101,18a66_212,A,278.0,5.864e-10,0.355
M101,18a66_212,A,282.0,4.873e-10,0.353
M101,18a66_212,A,286.0,2.937e-10,0.328
M101,18a66_212,A,290.0,2.466e-10,0.306
M101,18a66_212,A,294.0,2.143e-10,0.279
M101,18a66_212,A,298.0,7.698e-11,0.246
M101,18a66_212,A,302.0,3.307e-10,0.240
M101,18a66_212,A,306.0,8.324e-11,0.243
M101,18a66_212,A,310.0,1.739e-10,0.264
M101,18a66_212,A,314.0,1.574e-9,0.205
M101,18a66_212,A,318.0,3.034e-10,0.196
M101,18a66_212,A,322.0,9.233e-11,0.167
M101,18a66_212,A,326.0,3.915e-11,0.165
M101,18a66_212,A,330.0,1.526e-11,0.132
M101,18a66_212,A,334.0,1.670e-10,0.116
M101,18a66_212,A,338.0,8.844e-11,0.155
M101,18a66_212,A,342.0,2.170e-10,0.149
M101,18a66_212,A,346.0,2.124e-10,0.163
M101,18a66_212,A,350.0,1.691e-10,0.149
M101,18a66_212,A,354.0,2.942e-10,0.125
M101,18a66_212,A,358.0,2.600e-10,0.146
M101,18a66_212,A,362.0,1.711e-10,0.104
M101,18a66_212,A,366.0,3.089e-10,0.137
M101,18a66_212,A,370.0,1.184e-9,0.143
M101,18a66_212,A,374.0,2.206e-10,0.146
M101,18a66_212,A,378.0,1.533e-10,0.145
M101,18a66_212,A,382.0,6.051e-11,0.143
M101,18a66_212,A,386.0,1.105e-10,0.164
M101,18a66_212,A,390.0,6.369e-10,0.147
M101,18a66_212,A,394.0,1.258e-10,0.137
M101,18a66_212,A,398.0,8.464e-10,0.125
M101,18a66_212,A,402.0,5.487e-10,0.121
M101,18a66_212,A,406.0,3.252e-10,0.117
M101,18a66_212,A,410.0,1.857e-10,0.124
M101,18a66_212,A,414.0,5.420e-11,0.110
M101,18a66_212,A,418.0,3.205e-11,0.105
M101,18a66_212,A,422.0,4.076e-11,0.103
M101,18a66_212,A,426.0,2.859e-11,0.096
M101,18a66_212,A,430.0,2.946e-10,0.095
M101,18a66_212,A,434.0,2.803e-10,0.086
M101,18a66_212,A,438.0,4.591e-11,0.101
M101,18a66_212,A,442.0,5.093e-11,0.099
M101,18a66_212,A,446.0,3.188e-10,0.097
M101,18a66_212,A,450.0,6.669e-11,0.100
M101,18a66_212,A,454.0,3.689e-11,0.138
M101,18a66_212,A,458.0,3.485e-10,0.139
M101,18a66_212,A,462.0,5.388e-10,0.142
M101,18a66_212,A,466.0,4.432e-10,0.147
M101,18a66_212,A,470.0,2.343e-10,0.167
M101,18a66_212,A,474.0,7.882e-10,0.159
M101,18a66_212,A,478.0,2.237e-10,0.152
M101,18a66_212,A,482.0,1.165e-10,0.142
M101,18a66_212,A,486.0,9.698e-11,0.125
M101,18a66_212,A,490.0,6.527e-11,0.100
M101,18a66_212,A,494.0,1.797e-10,0.096
M101,18a66_212,A,498.0,6.796e-11,0.075
M101,18a66_212,A,502.0,2.617e-11,0.075
M101,18a66_212,A,506.0,1.975e-11,0.063
M101,18a66_212,A,510.0,7.884e-11,0.064
M101,18a66_212,A,514.0,2.291e-10,0.048
M101,18a66_212,A,518.0,1.681e-11,0.032
M101,18a66_212,A,522.0,4.294e-11,0.041
M101,18a66_212,A,526.0,5.055e-11,0.051
M101,18a66_212,A,530.0,2.081e-11,0.049
M101,18a66_212,A,534.0,1.016e-10,0.052
M101,18a66_212,A,538.0,1.255e-11,0.041
M101,18a66_212,A,542.0,2.748e-11,0.050
M101,18a66_212,A,546.0,3.759e-11,0.065
M101,18a66_212,A,550.0,4.265e-11,0.055
M101,18a66_212,A,554.0,5.346e-10,0.076
M101,18a66_212,A,558.0,1.254e-10,0.065
M101,18a66_212,A,562.0,2.919e-11,0.067
M101,18a66_212,A,566.0,1.774e-11,0.072
M101,18a66_212,A,570.0,7.895e-11,0.066
M101,18a66_212,A,574.0,1.259e-10,0.083
M101,18a66_212,A,578.0,1.588e-10,0.097
M101,18a66_212,A,582.0,5.332e-11,0.086
M101,18a66_212,A,586.0,3.682e-11,0.087
M101,18a66_212,A,590.0,5.063e-10,0.072
M101,18a66_212,A,594.0,3.536e-11,0.071
M101,18a66_212,A,598.0,3.229e-11,0.064
M101,18a66_212,A,602.0,3.497e-11,0.057
M101,18a66_212,A,606.0,2.231e-10,0.031
M101,18a66_212,A,610.0,1.154e-11,0.038
M101,18a66_212,A,614.0,2.193e-11,0.035
M101,18a66_212,A,618.0,1.972e-11,0.050
M101,18a66_212,A,622.0,4.230e-11,0.045
M101,18a66_212,A,626.0,4.076e-10,0.055
M101,18a66_212,A,630.0,9.521e-11,0.038
M101,18a66_212,A,634.0,1.637e-10,0.037
M101,18a66_212,A,638.0,5.222e-11,0.020
M101,18a66_212,A,642.0,1.683e-11,0.015
M101,18a66_212,A,646.0,5.057e-12,0.008
M101,18a66_212,A,650.0,1.103e-12,0.005
M101,18a66_212,A,654.0,5.164e-12,0.009
M101,18a66_212,A,658.0,3.137e-12,0.013
M101,18a66_212,A,662.0,5.534e-13,0.010
M101,18a66_212,A,666.0,2.857e-12,0.011
M101,18a66_212,A,670.0,1.902e-12,0.010
M101,18a66_212,A,674.0,4.146e-12,0.010
M101,18a66_212,A,678.0,6.289e-12,0.013
M101,18a66_212,A,682.0,2.316e-12,0.010
M101,18a66_212,A,686.0,9.869e-12,0.006
M101,18a66_212,A,694.0,2.786e-11,0.002
M101,18a66_212,A,698.0,7.656e-13,0.002
M101,18a66_212,A,702.0,5.151e-13,0.003
M101,18a66_212,A,706.0,2.459e-11,0.002
M101,18a66_212,A,710.0,6.921e-12,0.005
M101,18a66_212,A,718.0,7.472e-15,0.002
M101,18a66_212,A,722.0,3.533e-14,0.003
M101,18a66_212,A,726.0,7.897e-13,0.005
M101,18a66_212,A,730.0,3.980e-13,0.009
M101,18a66_212,A,734.0,1.140e-12,0.009
M101,18a66_212,A,738.0,8.135e-11,0.008
M101,18a66_212,A,742.0,1.554e-12,0.008
M101,18a66_212,A,746.0,1.553e-13,0.006
M101,18a66_212,A,750.0,2.119e-13,0.006
M101,18a66_212,A,754.0,3.752e-18,0.001
M101,18a66_212,A,758.0,2.800e-12,0.005
M101,18a66_212,A,762.0,3.530e-15,0.003
M101,18a66_212,A,766.0,4.801e-15,0.004
M101,18a66_212,A,770.0,1.548e-14,0.006
M101,18a66_212,A,774.0,1.392e-11,0.008
M101,18a66_212,A,778.0,1.150e-11,0.008
M101,18a66_212,A,782.0,8.312e-15,0.006
M101,18a66_212,A,786.0,2.139e-15,0.003
M101,18a66_212,A,834.0,3.269e-13,0.001
M101,18a66_212,A,838.0,7.002e-13,0.001
M101,18a66_212,B,2.0,7.520e-8,1.000
M101,18a66_212,B,10.0,2.766e-8,1.000
M101,18a66_212,B,14.0,1.719e-8,1.000
M101,18a66_212,B,18.0,1.306e-8,1.000
M101,18a66_212,B,22.0,1.108e-8,1.000
M101,18a66_212,B,26.0,7.999e-9,1.000
M101,18a66_212,B,30.0,6.582e-9,1.000
M101,18a66_212,B,34.0,5.218e-9,1.000
M101,18a66_212,B,38.0,5.203e-9,1.000
M101,18a66_212,B,42.0,4.696e-9,1.000
M101,18a66_212,B,46.0,4.242e-9,1.000
M101,18a66_212,B,50.0,4.209e-9,1.000
M101,18a66_212,B,54.0,2.912e-9,1.000
M101,18a66_212,B,58.0,2.634e-9,0.977
M101,18a66_212,B,62.0,2.106e-9,0.971
M101,18a66_212,B,66.0,1.815e-9,0.922
M101,18a66_212,B,70.0,2.038e-9,0.885
M101,18a66_212,B,74.0,2.206e-9,0.792
M101,18a66_212,B,78.0,1.173e-8,0.765
M101,18a66_212,B,82.0,1.410e-9,0.819
M101,18a66_212,B,86.0,1.071e-9,0.750
M101,18a66_212,B,90.0,9.119e-10,0.667
M101,18a66_212,B,94.0,1.081e-9,0.690
M101,18a66_212,B,98.0,6.992e-10,0.698
M101,18a66_212,B,102.0,7.597e-10,0.652
M101,18a66_212,B,106.0,7.485e-10,0.675
M101,18a66_212,B,110.0,1.255e-9,0.660
M101,18a66_212,B,114.0,7.763e-10,0.625
M101,18a66_212,B,118.0,8.795e-10,0.587
M101,18a66_212,B,122.0,9.980e-10,0.667
M101,18a66_212,B,126.0,9.404e-10,0.699
M101,18a66_212,B,130.0,1.025e-9,0.694
M101,18a66_212,B,134.0,9.670e-10,0.700
M101,18a66_212,B,138.0,1.748e-9,0.716
M101,18a66_212,B,142.0,1.145e-9,0.757
M101,18a66_212,B,146.0,1.120e-9,0.765
M101,18a66_212,B,150.0,8.230e-10,0.750
M101,18a66_212,B,154.0,1.063e-9,0.742
M101,18a66_212,B,158.0,7.240e-10,0.715
M101,18a66_212,B,162.0,9.210e-10,0.716
M101,18a66_212,B,166.0,4.563e-10,0.706
M101,18a66_212,B,170.0,4.823e-10,0.694
M101,18a66_212,B,174.0,7.477e-10,0.673
M101,18a66_212,B,178.0,9.114e-10,0.634
M101,18a66_212,B,182.0,1.058e-9,0.644
M101,18a66_212,B,186.0,6.555e-10,0.639
M101,18a66_212,B,190.0,7.418e-10,0.628
M101,18a66_212,B,194.0,5.087e-10,0.631
M101,18a66_212,B,198.0,5.753e-10,0.616
M101,18a66_212,B,202.0,1.174e-9,0.545
M101,18a66_212,B,206.0,1.194e-9,0.506
M101,18a66_212,B,210.0,7.720e-10,0.505
M101,18a66_212,B,214.0,4.001e-10,0.510
M101,18a66_212,B,218.0,2.775e-10,0.494
M101,18a66_212,B,222.0,9.328e-10,0.529
M101,18a66_212,B,226.0,4.430e-10,0.551
M101,18a66_212,B,230.0,6.549e-10,0.541
M101,18a66_212,B,234.0,4.531e-10,0.536
M101,18a66_212,B,238.0,4.438e-10,0.527
M101,18a66_212,B,242.0,1.012e-9,0.488
M101,18a66_212,B,246.0,4.063e-10,0.431
M101,18a66_212,B,250.0,4.451e-10,0.446
M101,18a66_212,B,254.0,4.564e-10,0.421
M101,18a66_212,B,258.0,4.983e-10,0.386
M101,18a66_212,B,262.0,4.300e-10,0.397
M101,18a66_212,B,266.0,5.581e-10,0.415
M101,18a66_212,B,270.0,5.168e-10,0.417
M101,18a66_212,B,274.0,1.130e-9,0.365
M101,18a66_212,B,278.0,6.322e-10,0.395
M101,18a66_212,B,282.0,5.322e-10,0.405
M101,18a66_212,B,286.0,3.324e-10,0.401
M101,18a66_212,B,290.0,2.792e-10,0.377
M101,18a66_212,B,294.0,2.497e-10,0.364
M101,18a66_212,B,298.0,1.016e-10,0.305
M101,18a66_212,B,302.0,3.543e-10,0.312
M101,18a66_212,B,306.0,1.048e-10,0.316
M101,18a66_212,B,310.0,1.979e-10,0.330
M101,18a66_212,B,314.0,1.596e-9,0.281
M101,18a66_212,B,318.0,3.205e-10,0.279
M101,18a66_212,B,322.0,1.041e-10,0.247
M101,18a66_212,B,326.0,5.268e-11,0.232
M101,18a66_212,B,330.0,2.347e-11,0.209
M101,18a66_212,B,334.0,1.749e-10,0.188
M101,18a66_212,B,338.0,1.060e-10,0.178
M101,18a66_212,B,342.0,2.281e-10,0.184
M101,18a66_212,B,346.0,2.254e-10,0.176
M101,18a66_212,B,350.0,1.819e-10,0.167
M101,18a66_212,B,354.0,3.070e-10,0.159
M101,18a66_212,B,358.0,2.719e-10,0.162
M101,18a66_212,B,362.0,1.802e-10,0.110
M101,18a66_212,B,366.0,3.199e-10,0.151
M101,18a66_212,B,370.0,1.193e-9,0.163
M101,18a66_212,B,374.0,2.313e-10,0.162
M101,18a66_212,B,378.0,1.648e-10,0.166
M101,18a66_212,B,382.0,7.526e-11,0.180
M101,18a66_212,B,386.0,1.253e-10,0.194
M101,18a66_212,B,390.0,6.470e-10,0.203
M101,18a66_212,B,394.0,1.374e-10,0.167
M101,18a66_212,B,398.0,8.558e-10,0.167
M101,18a66_212,B,402.0,5.564e-10,0.160
M101,18a66_212,B,406.0,3.316e-10,0.154
M101,18a66_212,B,410.0,1.967e-10,0.146
M101,18a66_212,B,414.0,6.560e-11,0.155
M101,18a66_212,B,418.0,4.242e-11,0.129
M101,18a66_212,B,422.0,4.921e-11,0.124
M101,18a66_212,B,426.0,3.870e-11,0.109
M101,18a66_212,B,430.0,3.029e-10,0.124
M101,18a66_212,B,434.0,2.866e-10,0.123
M101,18a66_212,B,438.0,5.608e-11,0.129
M101,18a66_212,B,442.0,5.539e-11,0.122
M101,18a66_212,B,446.0,3.232e-10,0.132
M101,18a66_212,B,450.0,7.344e-11,0.133
M101,18a66_212,B,454.0,4.678e-11,0.167
M101,18a66_212,B,458.0,3.619e-10,0.163
M101,18a66_212,B,462.0,5.468e-10,0.161
M101,18a66_212,B,466.0,4.523e-10,0.192
M101,18a66_212,B,470.0,2.451e-10,0.203
M101,18a66_212,B,474.0,8.003e-10,0.186
M101,18a66_212,B,478.0,2.370e-10,0.199
M101,18a66_212,B,482.0,1.325e-10,0.162
M101,18a66_212,B,486.0,1.102e-10,0.156
M101,18a66_212,B,490.0,7.495e-11,0.124
M101,18a66_212,B,494.0,1.896e-10,0.116
M101,18a66_212,B,498.0,7.664e-11,0.104
M101,18a66_212,B,502.0,3.222e-11,0.091
M101,18a66_212,B,506.0,2.481e-11,0.070
M101,18a66_212,B,510.0,8.475e-11,0.075
M101,18a66_212,B,514.0,2.336e-10,0.055
M101,18a66_212,B,518.0,1.826e-11,0.038
M101,18a66_212,B,522.0,4.764e-11,0.058
M101,18a66_212,B,526.0,5.536e-11,0.064
M101,18a66_212,B,530.0,2.406e-11,0.061
M101,18a66_212,B,534.0,1.061e-10,0.079
M101,18a66_212,B,538.0,1.559e-11,0.067
M101,18a66_212,B,542.0,3.188e-11,0.068
M101,18a66_212,B,546.0,4.194e-11,0.067
M101,18a66_212,B,550.0,4.726e-11,0.071
M101,18a66_212,B,554.0,5.376e-10,0.094
M101,18a66_212,B,558.0,1.291e-10,0.087
M101,18a66_212,B,562.0,3.443e-11,0.077
M101,18a66_212,B,566.0,2.342e-11,0.086
M101,18a66_212,B,570.0,8.339e-11,0.089
M101,18a66_212,B,574.0,1.315e-10,0.106
M101,18a66_212,B,578.0,1.652e-10,0.106
M101,18a66_212,B,582.0,6.207e-11,0.106
M101,18a66_212,B,586.0,4.436e-11,0.104
M101,18a66_212,B,590.0,5.108e-10,0.096
M101,18a66_212,B,594.0,3.938e-11,0.094
M101,18a66_212,B,598.0,3.670e-11,0.097
M101,18a66_212,B,602.0,4.059e-11,0.079
M101,18a66_212,B,606.0,2.245e-10,0.049
M101,18a66_212,B,610.0,1.350e-11,0.047
M101,18a66_212,B,614.0,2.408e-11,0.057
M101,18a66_212,B,618.0,2.192e-11,0.061
M101,18a66_212,B,622.0,4.385e-11,0.065
M101,18a66_212,B,626.0,4.099e-10,0.069
M101,18a66_212,B,630.0,9.675e-11,0.043
M101,18a66_212,B,634.0,1.642e-10,0.043
M101,18a66_212,B,638.0,5.258e-11,0.025
M101,18a66_212,B,642.0,1.687e-11,0.015
M101,18a66_212,B,646.0,6.069e-12,0.008
M101,18a66_212,B,650.0,1.537e-12,0.009
M101,18a66_212,B,654.0,6.760e-12,0.012
M101,18a66_212,B,658.0,4.423e-12,0.014
M101,18a66_212,B,662.0,9.830e-13,0.011
M101,18a66_212,B,666.0,3.795e-12,0.016
M101,18a66_212,B,670.0,2.714e-12,0.014
M101,18a66_212,B,674.0,5.527e-12,0.019
M101,18a66_212,B,678.0,7.388e-12,0.017
M101,18a66_212,B,682.0,3.111e-12,0.012
M101,18a66_212,B,686.0,1.025e-11,0.008
M101,18a66_212,B,694.0,2.786e-11,0.003
M101,18a66_212,B,698.0,1.115e-12,0.005
M101,18a66_212,B,702.0,8.456e-13,0.007
M101,18a66_212,B,706.0,2.459e-11,0.008
M101,18a66_212,B,710.0,7.938e-12,0.013
M101,18a66_212,B,714.0,1.551e-15,0.005
M101,18a66_212,B,718.0,9.941e-14,0.003
M101,18a66_212,B,722.0,1.406e-13,0.005
M101,18a66_212,B,726.0,1.082e-12,0.006
M101,18a66_212,B,730.0,7.665e-13,0.009
M101,18a66_212,B,734.0,1.524e-12,0.009
M101,18a66_212,B,738.0,8.139e-11,0.008
M101,18a66_212,B,742.0,1.994e-12,0.008
M101,18a66_212,B,746.0,2.347e-13,0.007
M101,18a66_212,B,750.0,3.721e-13,0.006
M101,18a66_212,B,754.0,7.825e-17,0.001
M101,18a66_212,B,758.0,3.636e-12,0.005
M101,18a66_212,B,762.0,9.230e-15,0.003
M101,18a66_212,B,766.0,1.327e-14,0.004
M101,18a66_212,B,770.0,3.875e-14,0.006
M101,18a66_212,B,774.0,1.392e-11,0.008
M101,18a66_212,B,778.0,1.221e-11,0.010
M101,18a66_212,B,782.0,2.245e-14,0.006
M101,18a66_212,B,786.0,6.191e-15,0.003
M101,18a66_212,B,834.0,4.914e-13,0.001
M101,18a66_212,B,838.0,9.411e-13,0.003
M101,18a66_212,B,842.0,1.340e-14,0.001
M101,18a158_212,A,2.0,1.062e-7,1.000
M101,18a158_212,A,6.0,4.101e-8,1.000
M101,18a158_212,A,10.0,2.444e-8,1.000
M101,18a158_212,A,14.0,1.762e-8,1.000
M101,18a158_212,A,18.0,1.357e-8,1.000
M101,18a158_212,A,22.0,1.016e-8,1.000
M101,18a158_212,A,26.0,7.781e-9,1.000
M101,18a158_212,A,30.0,6.169e-9,1.000
M101,18a158_212,A,34.0,5.414e-9,1.000
M101,18a158_212,A,38.0,5.001e-9,1.000
M101,18a158_212,A,42.0,4.381e-9,1.000
M101,18a158_212,A,46.0,4.300e-9,1.000
M101,18a158_212,A,50.0,4.271e-9,1.000
M101,18a158_212,A,54.0,3.352e-9,0.996
M101,18a158_212,A,58.0,2.462e-9,0.990
M101,18a158_212,A,62.0,1.915e-9,0.957
M101,18a158_212,A,66.0,1.698e-9,0.919
M101,18a158_212,A,70.0,1.959e-9,0.839
M101,18a158_212,A,74.0,2.290e-9,0.800
M101,18a158_212,A,78.0,5.568e-9,0.807
M101,18a158_212,A,82.0,3.187e-9,0.785
M101,18a158_212,A,86.0,1.233e-9,0.752
M101,18a158_212,A,90.0,1.008e-9,0.717
M101,18a158_212,A,94.0,9.585e-10,0.715
M101,18a158_212,A,98.0,8.131e-10,0.710
M101,18a158_212,A,102.0,7.432e-10,0.707
M101,18a158_212,A,106.0,9.831e-10,0.681
M101,18a158_212,A,110.0,9.413e-10,0.607
M101,18a158_212,A,114.0,9.303e-10,0.614
M101,18a158_212,A,118.0,8.602e-10,0.600
M101,18a158_212,A,122.0,8.403e-10,0.660
M101,18a158_212,A,126.0,8.707e-10,0.680
M101,18a158_212,A,130.0,9.252e-10,0.663
M101,18a158_212,A,134.0,1.060e-9,0.691
M101,18a158_212,A,138.0,1.170e-9,0.712
M101,18a158_212,A,142.0,1.244e-9,0.715
M101,18a158_212,A,146.0,9.885e-10,0.726
M101,18a158_212,A,150.0,8.276e-10,0.730
M101,18a158_212,A,154.0,7.585e-10,0.718
M101,18a158_212,A,158.0,1.038e-9,0.706
M101,18a158_212,A,162.0,6.537e-10,0.724
M101,18a158_212,A,166.0,6.718e-10,0.713
M101,18a158_212,A,170.0,4.276e-10,0.684
M101,18a158_212,A,174.0,6.246e-10,0.678
M101,18a158_212,A,178.0,8.684e-10,0.666
M101,18a158_212,A,182.0,1.155e-9,0.630
M101,18a158_212,A,186.0,9.332e-10,0.633
M101,18a158_212,A,190.0,6.732e-10,0.646
M101,18a158_212,A,194.0,5.247e-10,0.630
M101,18a158_212,A,198.0,6.835e-10,0.587
M101,18a158_212,A,202.0,1.102e-9,0.557
M101,18a158_212,A,206.0,1.243e-9,0.521
M101,18a158_212,A,210.0,9.805e-10,0.510
M101,18a158_212,A,214.0,3.374e-10,0.490
M101,18a158_212,A,218.0,5.403e-10,0.517
M101,18a158_212,A,222.0,4.125e-10,0.528
M101,18a158_212,A,226.0,9.811e-10,0.540
M101,18a158_212,A,230.0,7.412e-10,0.543
M101,18a158_212,A,234.0,5.524e-10,0.536
M101,18a158_212,A,238.0,5.571e-10,0.491
M101,18a158_212,A,242.0,7.363e-10,0.456
M101,18a158_212,A,246.0,4.673e-10,0.435
M101,18a158_212,A,250.0,4.605e-10,0.431
M101,18a158_212,A,254.0,4.285e-10,0.414
M101,18a158_212,A,258.0,4.221e-10,0.399
M101,18a158_212,A,262.0,3.899e-10,0.392
M101,18a158_212,A,266.0,4.798e-10,0.386
M101,18a158_212,A,270.0,5.376e-10,0.379
M101,18a158_212,A,274.0,8.808e-10,0.386
M101,18a158_212,A,278.0,7.481e-10,0.381
M101,18a158_212,A,282.0,3.944e-10,0.384
M101,18a158_212,A,286.0,4.029e-10,0.386
M101,18a158_212,A,290.0,4.126e-10,0.382
M101,18a158_212,A,294.0,2.278e-10,0.355
M101,18a158_212,A,298.0,1.871e-10,0.309
M101,18a158_212,A,302.0,1.383e-10,0.303
M101,18a158_212,A,306.0,1.970e-10,0.309
M101,18a158_212,A,310.0,1.037e-9,0.297
M101,18a158_212,A,314.0,1.285e-9,0.271
M101,18a158_212,A,318.0,1.826e-10,0.244
M101,18a158_212,A,322.0,1.359e-10,0.240
M101,18a158_212,A,326.0,9.118e-11,0.225
M101,18a158_212,A,330.0,1.795e-10,0.205
M101,18a158_212,A,334.0,5.330e-11,0.170
M101,18a158_212,A,338.0,1.058e-10,0.182
M101,18a158_212,A,342.0,2.436e-10,0.181
M101,18a158_212,A,346.0,1.322e-10,0.169
M101,18a158_212,A,350.0,2.644e-10,0.166
M101,18a158_212,A,354.0,2.256e-10,0.156
M101,18a158_212,A,358.0,3.053e-10,0.142
M101,18a158_212,A,362.0,2.172e-10,0.134
M101,18a158_212,A,366.0,1.974e-10,0.139
M101,18a158_212,A,370.0,2.286e-10,0.159
M101,18a158_212,A,374.0,8.026e-10,0.159
M101,18a158_212,A,378.0,1.581e-10,0.169
M101,18a158_212,A,382.0,1.209e-10,0.178
M101,18a158_212,A,386.0,8.987e-11,0.176
M101,18a158_212,A,390.0,1.788e-10,0.180
M101,18a158_212,A,394.0,4.814e-10,0.157
M101,18a158_212,A,398.0,1.196e-9,0.162
M101,18a158_212,A,402.0,6.560e-10,0.150
M101,18a158_212,A,406.0,2.138e-10,0.154
M101,18a158_212,A,410.0,1.396e-10,0.155
M101,18a158_212,A,414.0,5.970e-11,0.129
M101,18a158_212,A,418.0,2.823e-11,0.129
M101,18a158_212,A,422.0,6.726e-11,0.131
M101,18a158_212,A,426.0,7.327e-11,0.110
M101,18a158_212,A,430.0,1.368e-10,0.118
M101,18a158_212,A,434.0,2.135e-10,0.118
M101,18a158_212,A,438.0,5.495e-11,0.118
M101,18a158_212,A,442.0,4.067e-11,0.123
M101,18a158_212,A,446.0,3.329e-10,0.128
M101,18a158_212,A,450.0,9.667e-11,0.129
M101,18a158_212,A,454.0,9.605e-11,0.149
M101,18a158_212,A,458.0,2.832e-10,0.168
M101,18a158_212,A,462.0,2.885e-10,0.160
M101,18a158_212,A,466.0,1.275e-9,0.178
M101,18a158_212,A,470.0,5.074e-10,0.191
M101,18a158_212,A,474.0,4.926e-10,0.187
M101,18a158_212,A,478.0,2.852e-10,0.174
M101,18a158_212,A,482.0,1.429e-10,0.158
M101,18a158_212,A,486.0,9.468e-11,0.143
M101,18a158_212,A,490.0,9.108e-11,0.124
M101,18a158_212,A,494.0,9.697e-11,0.099
M101,18a158_212,A,498.0,7.893e-11,0.084
M101,18a158_212,A,502.0,2.013e-11,0.076
M101,18a158_212,A,506.0,2.158e-11,0.072
M101,18a158_212,A,510.0,2.445e-10,0.060
M101,18a158_212,A,514.0,3.840e-10,0.048
M101,18a158_212,A,518.0,6.476e-11,0.043
M101,18a158_212,A,522.0,6.302e-11,0.051
M101,18a158_212,A,526.0,6.982e-11,0.053
M101,18a158_212,A,530.0,2.794e-11,0.064
M101,18a158_212,A,534.0,4.679e-11,0.068
M101,18a158_212,A,538.0,2.012e-11,0.066
M101,18a158_212,A,542.0,2.350e-11,0.068
M101,18a158_212,A,546.0,8.955e-11,0.075
M101,18a158_212,A,550.0,4.306e-10,0.083
M101,18a158_212,A,554.0,6.230e-11,0.085
M101,18a158_212,A,558.0,5.511e-11,0.082
M101,18a158_212,A,562.0,6.358e-11,0.081
M101,18a158_212,A,566.0,2.409e-11,0.082
M101,18a158_212,A,570.0,5.850e-11,0.083
M101,18a158_212,A,574.0,1.922e-10,0.092
M101,18a158_212,A,578.0,1.380e-10,0.098
M101,18a158_212,A,582.0,1.006e-10,0.105
M101,18a158_212,A,586.0,6.555e-11,0.108
M101,18a158_212,A,590.0,1.739e-10,0.097
M101,18a158_212,A,594.0,7.834e-11,0.091
M101,18a158_212,A,598.0,2.760e-11,0.084
M101,18a158_212,A,602.0,3.082e-11,0.072
M101,18a158_212,A,606.0,4.596e-11,0.057
M101,18a158_212,A,610.0,4.767e-10,0.043
M101,18a158_212,A,614.0,8.825e-11,0.046
M101,18a158_212,A,618.0,4.122e-11,0.061
M101,18a158_212,A,622.0,1.704e-10,0.065
M101,18a158_212,A,626.0,5.135e-10,0.057
M101,18a158_212,A,630.0,8.943e-11,0.048
M101,18a158_212,A,634.0,4.549e-10,0.040
M101,18a158_212,A,638.0,1.066e-10,0.027
M101,18a158_212,A,642.0,5.443e-12,0.017
M101,18a158_212,A,646.0,4.242e-12,0.010
M101,18a158_212,A,650.0,9.055e-12,0.009
M101,18a158_212,A,654.0,1.793e-12,0.007
M101,18a158_212,A,658.0,1.997e-12,0.007
M101,18a158_212,A,662.0,8.071e-13,0.008
M101,18a158_212,A,666.0,1.380e-12,0.011
M101,18a158_212,A,670.0,1.864e-11,0.015
M101,18a158_212,A,674.0,2.838e-11,0.015
M101,18a158_212,A,678.0,4.559e-12,0.011
M101,18a158_212,A,682.0,8.078e-12,0.012
M101,18a158_212,A,686.0,1.451e-12,0.008
M101,18a158_212,A,690.0,4.989e-12,0.005
M101,18a158_212,A,694.0,7.140e-12,0.002
M101,18a158_212,A,698.0,1.432e-12,0.002
M101,18a158_212,A,702.0,3.674e-13,0.003
M101,18a158_212,A,706.0,4.926e-12,0.002
M101,18a158_212,A,710.0,1.210e-11,0.004
M101,18a158_212,A,714.0,3.278e-13,0.002
M101,18a158_212,A,718.0,2.394e-13,0.002
M101,18a158_212,A,722.0,1.910e-13,0.003
M101,18a158_212,A,726.0,6.585e-13,0.005
M101,18a158_212,A,730.0,3.546e-13,0.007
M101,18a158_212,A,734.0,1.259e-12,0.009
M101,18a158_212,A,738.0,2.695e-11,0.009
M101,18a158_212,A,742.0,2.829e-11,0.009
M101,18a158_212,A,746.0,5.429e-13,0.007
M101,18a158_212,A,750.0,2.209e-13,0.006
M101,18a158_212,A,754.0,1.496e-13,0.004
M101,18a158_212,A,758.0,1.264e-12,0.005
M101,18a158_212,A,762.0,3.321e-14,0.003
M101,18a158_212,A,766.0,1.578e-13,0.007
M101,18a158_212,A,770.0,4.041e-13,0.006
M101,18a158_212,A,774.0,2.207e-11,0.010
M101,18a158_212,A,778.0,4.884e-12,0.007
M101,18a158_212,A,782.0,9.076e-13,0.005
M101,18a158_212,A,786.0,1.248e-14,0.003
M101,18a158_212,A,790.0,1.774e-13,0.002
M101,18a158_212,A,798.0,3.421e-15,0.000
M101,18a158_212,B,2.0,1.062e-7,1.000
M101,18a158_212,B,6.0,4.101e-8,1.000
M101,18a158_212,B,10.0,2.444e-8,1.000
M101,18a158_212,B,14.0,1.762e-8,1.000
M101,18a158_212,B,18.0,1.357e-8,1.000
M101,18a158_212,B,22.0,1.016e-8,1.000
M101,18a158_212,B,26.0,7.781e-9,1.000
M101,18a158_212,B,30.0,6.150e-9,1.000
M101,18a158_212,B,34.0,5.267e-9,1.000
M101,18a158_212,B,38.0,4.755e-9,1.000
M101,18a158_212,B,42.0,4.079e-9,1.000
M101,18a158_212,B,46.0,3.995e-9,1.000
M101,18a158_212,B,50.0,3.878e-9,1.000
M101,18a158_212,B,54.0,2.867e-9,0.996
M101,18a158_212,B,58.0,2.042e-9,0.990
M101,18a158_212,B,62.0,1.568e-9,0.951
M101,18a158_212,B,66.0,1.414e-9,0.884
M101,18a158_212,B,70.0,1.719e-9,0.813
M101,18a158_212,B,74.0,2.059e-9,0.767
M101,18a158_212,B,78.0,5.337e-9,0.787
M101,18a158_212,B,82.0,2.957e-9,0.764
M101,18a158_212,B,86.0,9.861e-10,0.725
M101,18a158_212,B,90.0,8.141e-10,0.643
M101,18a158_212,B,94.0,7.719e-10,0.632
M101,18a158_212,B,98.0,6.797e-10,0.595
M101,18a158_212,B,102.0,6.302e-10,0.568
M101,18a158_212,B,106.0,8.521e-10,0.509
M101,18a158_212,B,110.0,8.182e-10,0.496
M101,18a158_212,B,114.0,7.986e-10,0.514
M101,18a158_212,B,118.0,7.050e-10,0.531
M101,18a158_212,B,122.0,6.647e-10,0.572
M101,18a158_212,B,126.0,6.895e-10,0.587
M101,18a158_212,B,130.0,7.407e-10,0.594
M101,18a158_212,B,134.0,8.550e-10,0.615
M101,18a158_212,B,138.0,9.633e-10,0.668
M101,18a158_212,B,142.0,1.036e-9,0.676
M101,18a158_212,B,146.0,7.743e-10,0.647
M101,18a158_212,B,150.0,6.169e-10,0.649
M101,18a158_212,B,154.0,5.771e-10,0.662
M101,18a158_212,B,158.0,8.759e-10,0.626
M101,18a158_212,B,162.0,4.995e-10,0.572
M101,18a158_212,B,166.0,5.217e-10,0.554
M101,18a158_212,B,170.0,3.023e-10,0.535
M101,18a158_212,B,174.0,5.051e-10,0.571
M101,18a158_212,B,178.0,7.321e-10,0.571
M101,18a158_212,B,182.0,1.015e-9,0.564
M101,18a158_212,B,186.0,7.930e-10,0.553
M101,18a158_212,B,190.0,5.530e-10,0.563
M101,18a158_212,B,194.0,4.031e-10,0.542
M101,18a158_212,B,198.0,5.732e-10,0.511
M101,18a158_212,B,202.0,9.965e-10,0.473
M101,18a158_212,B,206.0,1.145e-9,0.431
M101,18a158_212,B,210.0,8.863e-10,0.430
M101,18a158_212,B,214.0,2.619e-10,0.400
M101,18a158_212,B,218.0,4.565e-10,0.412
M101,18a158_212,B,222.0,3.280e-10,0.383
M101,18a158_212,B,226.0,8.874e-10,0.398
M101,18a158_212,B,230.0,6.480e-10,0.418
M101,18a158_212,B,234.0,4.520e-10,0.428
M101,18a158_212,B,238.0,4.627e-10,0.399
M101,18a158_212,B,242.0,6.334e-10,0.377
M101,18a158_212,B,246.0,3.656e-10,0.377
M101,18a158_212,B,250.0,3.492e-10,0.370
M101,18a158_212,B,254.0,3.137e-10,0.366
M101,18a158_212,B,258.0,3.148e-10,0.351
M101,18a158_212,B,262.0,2.920e-10,0.331
M101,18a158_212,B,266.0,3.893e-10,0.302
M101,18a158_212,B,270.0,4.470e-10,0.294
M101,18a158_212,B,274.0,8.005e-10,0.310
M101,18a158_212,B,278.0,6.737e-10,0.314
M101,18a158_212,B,282.0,3.236e-10,0.303
M101,18a158_212,B,286.0,3.456e-10,0.282
M101,18a158_212,B,290.0,3.548e-10,0.255
M101,18a158_212,B,294.0,1.725e-10,0.235
M101,18a158_212,B,298.0,1.442e-10,0.217
M101,18a158_212,B,302.0,1.051e-10,0.203
M101,18a158_212,B,306.0,1.647e-10,0.200
M101,18a158_212,B,310.0,9.966e-10,0.214
M101,18a158_212,B,314.0,1.251e-9,0.192
M101,18a158_212,B,318.0,1.565e-10,0.167
M101,18a158_212,B,322.0,1.174e-10,0.144
M101,18a158_212,B,326.0,7.190e-11,0.123
M101,18a158_212,B,330.0,1.644e-10,0.105
M101,18a158_212,B,334.0,4.064e-11,0.099
M101,18a158_212,B,338.0,8.202e-11,0.120
M101,18a158_212,B,342.0,2.202e-10,0.129
M101,18a158_212,B,346.0,1.125e-10,0.124
M101,18a158_212,B,350.0,2.443e-10,0.124
M101,18a158_212,B,354.0,2.059e-10,0.116
M101,18a158_212,B,358.0,2.880e-10,0.104
M101,18a158_212,B,362.0,1.970e-10,0.107
M101,18a158_212,B,366.0,1.806e-10,0.111
M101,18a158_212,B,370.0,2.089e-10,0.122
M101,18a158_212,B,374.0,7.865e-10,0.112
M101,18a158_212,B,378.0,1.363e-10,0.127
M101,18a158_212,B,382.0,9.556e-11,0.128
M101,18a158_212,B,386.0,6.933e-11,0.127
M101,18a158_212,B,390.0,1.595e-10,0.119
M101,18a158_212,B,394.0,4.637e-10,0.114
M101,18a158_212,B,398.0,1.178e-9,0.113
M101,18a158_212,B,402.0,6.395e-10,0.112
M101,18a158_212,B,406.0,2.014e-10,0.109
M101,18a158_212,B,410.0,1.205e-10,0.112
M101,18a158_212,B,414.0,4.188e-11,0.092
M101,18a158_212,B,418.0,1.646e-11,0.085
M101,18a158_212,B,422.0,5.295e-11,0.085
M101,18a158_212,B,426.0,5.697e-11,0.076
M101,18a158_212,B,430.0,1.214e-10,0.079
M101,18a158_212,B,434.0,1.998e-10,0.082
M101,18a158_212,B,438.0,4.408e-11,0.080
M101,18a158_212,B,442.0,3.208e-11,0.074
M101,18a158_212,B,446.0,3.229e-10,0.067
M101,18a158_212,B,450.0,8.554e-11,0.082
M101,18a158_212,B,454.0,8.143e-11,0.098
M101,18a158_212,B,458.0,2.654e-10,0.112
M101,18a158_212,B,462.0,2.742e-10,0.108
M101,18a158_212,B,466.0,1.260e-9,0.119
M101,18a158_212,B,470.0,4.926e-10,0.142
M101,18a158_212,B,474.0,4.713e-10,0.147
M101,18a158_212,B,478.0,2.605e-10,0.137
M101,18a158_212,B,482.0,1.181e-10,0.122
M101,18a158_212,B,486.0,7.421e-11,0.105
M101,18a158_212,B,490.0,7.829e-11,0.087
M101,18a158_212,B,494.0,8.412e-11,0.068
M101,18a158_212,B,498.0,6.587e-11,0.057
M101,18a158_212,B,502.0,1.212e-11,0.049
M101,18a158_212,B,506.0,1.487e-11,0.050
M101,18a158_212,B,510.0,2.385e-10,0.042
M101,18a158_212,B,514.0,3.792e-10,0.036
M101,18a158_212,B,518.0,6.046e-11,0.034
M101,18a158_212,B,522.0,5.920e-11,0.039
M101,18a158_212,B,526.0,6.421e-11,0.034
M101,18a158_212,B,530.0,2.088e-11,0.044
M101,18a158_212,B,534.0,4.008e-11,0.038
M101,18a158_212,B,538.0,1.459e-11,0.034
M101,18a158_212,B,542.0,1.806e-11,0.036
M101,18a158_212,B,546.0,8.327e-11,0.047
M101,18a158_212,B,550.0,4.240e-10,0.054
M101,18a158_212,B,554.0,5.679e-11,0.055
M101,18a158_212,B,558.0,4.830e-11,0.054
M101,18a158_212,B,562.0,5.534e-11,0.063
M101,18a158_212,B,566.0,1.852e-11,0.061
M101,18a158_212,B,570.0,5.003e-11,0.059
M101,18a158_212,B,574.0,1.832e-10,0.070
M101,18a158_212,B,578.0,1.261e-10,0.080
M101,18a158_212,B,582.0,8.563e-11,0.078
M101,18a158_212,B,586.0,5.164e-11,0.077
M101,18a158_212,B,590.0,1.660e-10,0.062
M101,18a158_212,B,594.0,7.082e-11,0.058
M101,18a158_212,B,598.0,2.006e-11,0.049
M101,18a158_212,B,602.0,2.439e-11,0.044
M101,18a158_212,B,606.0,4.153e-11,0.035
M101,18a158_212,B,610.0,4.738e-10,0.029
M101,18a158_212,B,614.0,8.549e-11,0.034
M101,18a158_212,B,618.0,3.867e-11,0.045
M101,18a158_212,B,622.0,1.673e-10,0.049
M101,18a158_212,B,626.0,5.106e-10,0.044
M101,18a158_212,B,630.0,8.779e-11,0.041
M101,18a158_212,B,634.0,4.535e-10,0.036
M101,18a158_212,B,638.0,1.057e-10,0.024
M101,18a158_212,B,642.0,4.683e-12,0.015
M101,18a158_212,B,646.0,3.704e-12,0.008
M101,18a158_212,B,650.0,8.305e-12,0.007
M101,18a158_212,B,654.0,1.034e-12,0.004
M101,18a158_212,B,658.0,1.143e-12,0.005
M101,18a158_212,B,662.0,3.804e-13,0.006
M101,18a158_212,B,666.0,6.596e-13,0.009
M101,18a158_212,B,670.0,1.690e-11,0.011
M101,18a158_212,B,674.0,2.711e-11,0.011
M101,18a158_212,B,678.0,3.858e-12,0.007
M101,18a158_212,B,682.0,6.362e-12,0.009
M101,18a158_212,B,686.0,8.231e-13,0.005
M101,18a158_212,B,690.0,4.011e-12,0.003
M101,18a158_212,B,694.0,6.706e-12,0.001
M101,18a158_212,B,698.0,9.073e-13,0.002
M101,18a158_212,B,702.0,1.164e-13,0.001
M101,18a158_212,B,706.0,4.449e-12,0.002
M101,18a158_212,B,710.0,1.106e-11,0.003
M101,18a158_212,B,714.0,1.071e-13,0.001
M101,18a158_212,B,718.0,8.688e-14,0.001
M101,18a158_212,B,722.0,3.865e-14,0.002
M101,18a158_212,B,726.0,3.625e-13,0.003
M101,18a158_212,B,730.0,1.789e-13,0.005
M101,18a158_212,B,734.0,7.303e-13,0.007
M101,18a158_212,B,738.0,2.651e-11,0.007
M101,18a158_212,B,742.0,2.804e-11,0.007
M101,18a158_212,B,746.0,3.446e-13,0.005
M101,18a158_212,B,750.0,1.056e-13,0.004
M101,18a158_212,B,754.0,4.319e-14,0.002
M101,18a158_212,B,758.0,7.653e-13,0.001
M101,18a158_212,B,766.0,4.646e-14,0.000
M101,18a158_212,B,770.0,1.745e-13,0.001
M101,18a158_212,B,774.0,2.112e-11,0.003
M101,18a158_212,B,778.0,4.273e-12,0.002
M101,18a158_212,B,782.0,5.932e-13,0.001
M101,18a158_212,B,790.0,8.343e-14,0.000
M101,12a152_212,A,2.0,1.029e-7,1.000
M101,12a152_212,A,6.0,4.485e-8,1.000
M101,12a152_212,A,10.0,2.508e-8,1.000
M101,12a152_212,A,14.0,1.749e-8,1.000
M101,12a152_212,A,18.0,1.358e-8,1.000
M101,12a152_212,A,22.0,1.035e-8,1.000
M101,12a152_212,A,26.0,7.836e-9,1.000
M101,12a152_212,A,30.0,6.187e-9,1.000
M101,12a152_212,A,34.0,5.317e-9,1.000
M101,12a152_212,A,38.0,5.019e-9,1.000
M101,12a152_212,A,42.0,4.250e-9,1.000
M101,12a152_212,A,46.0,4.089e-9,1.000
M101,12a152_212,A,50.0,4.447e-9,1.000
M101,12a152_212,A,54.0,2.880e-9,1.000
M101,12a152_212,A,58.0,2.260e-9,0.993
M101,12a152_212,A,62.0,1.761e-9,0.961
M101,12a152_212,A,66.0,1.536e-9,0.900
M101,12a152_212,A,70.0,1.963e-9,0.832
M101,12a152_212,A,74.0,2.166e-9,0.775
M101,12a152_212,A,78.0,5.774e-9,0.800
M101,12a152_212,A,82.0,2.857e-9,0.777
M101,12a152_212,A,86.0,1.120e-9,0.750
M101,12a152_212,A,90.0,9.307e-10,0.688
M101,12a152_212,A,94.0,8.493e-10,0.666
M101,12a152_212,A,98.0,7.084e-10,0.638
M101,12a152_212,A,102.0,7.189e-10,0.674
M101,12a152_212,A,106.0,8.739e-10,0.585
M101,12a152_212,A,110.0,8.801e-10,0.555
M101,12a152_212,A,114.0,8.660e-10,0.539
M101,12a152_212,A,118.0,7.752e-10,0.550
M101,12a152_212,A,122.0,7.560e-10,0.597
M101,12a152_212,A,126.0,7.814e-10,0.629
M101,12a152_212,A,130.0,8.692e-10,0.625
M101,12a152_212,A,134.0,8.901e-10,0.651
M101,12a152_212,A,138.0,1.141e-9,0.694
M101,12a152_212,A,142.0,1.081e-9,0.695
M101,12a152_212,A,146.0,8.618e-10,0.684
M101,12a152_212,A,150.0,7.126e-10,0.688
M101,12a152_212,A,154.0,6.476e-10,0.696
M101,12a152_212,A,158.0,9.411e-10,0.673
M101,12a152_212,A,162.0,6.333e-10,0.662
M101,12a152_212,A,166.0,5.099e-10,0.631
M101,12a152_212,A,170.0,3.728e-10,0.614
M101,12a152_212,A,174.0,5.835e-10,0.634
M101,12a152_212,A,178.0,8.177e-10,0.613
M101,12a152_212,A,182.0,1.076e-9,0.596
M101,12a152_212,A,186.0,8.611e-10,0.596
M101,12a152_212,A,190.0,5.739e-10,0.606
M101,12a152_212,A,194.0,5.104e-10,0.584
M101,12a152_212,A,198.0,6.041e-10,0.539
M101,12a152_212,A,202.0,1.118e-9,0.496
M101,12a152_212,A,206.0,1.406e-9,0.460
M101,12a152_212,A,210.0,7.636e-10,0.458
M101,12a152_212,A,214.0,3.040e-10,0.442
M101,12a152_212,A,218.0,4.458e-10,0.450
M101,12a152_212,A,222.0,4.023e-10,0.465
M101,12a152_212,A,226.0,1.130e-9,0.456
M101,12a152_212,A,230.0,5.309e-10,0.486
M101,12a152_212,A,234.0,4.989e-10,0.480
M101,12a152_212,A,238.0,5.443e-10,0.435
M101,12a152_212,A,242.0,6.439e-10,0.412
M101,12a152_212,A,246.0,3.770e-10,0.400
M101,12a152_212,A,250.0,4.496e-10,0.409
M101,12a152_212,A,254.0,3.521e-10,0.378
M101,12a152_212,A,258.0,3.440e-10,0.362
M101,12a152_212,A,262.0,3.370e-10,0.363
M101,12a152_212,A,266.0,4.359e-10,0.344
M101,12a152_212,A,270.0,4.873e-10,0.324
M101,12a152_212,A,274.0,7.544e-10,0.336
M101,12a152_212,A,278.0,7.696e-10,0.338
M101,12a152_212,A,282.0,3.566e-10,0.346
M101,12a152_212,A,286.0,3.721e-10,0.316
M101,12a152_212,A,290.0,4.000e-10,0.299
M101,12a152_212,A,294.0,1.881e-10,0.279
M101,12a152_212,A,298.0,1.527e-10,0.258
M101,12a152_212,A,302.0,1.225e-10,0.234
M101,12a152_212,A,306.0,1.810e-10,0.249
M101,12a152_212,A,310.0,5.765e-10,0.244
M101,12a152_212,A,314.0,1.971e-9,0.212
M101,12a152_212,A,318.0,1.672e-10,0.197
M101,12a152_212,A,322.0,1.245e-10,0.167
M101,12a152_212,A,326.0,8.679e-11,0.155
M101,12a152_212,A,330.0,1.582e-10,0.142
M101,12a152_212,A,334.0,4.456e-11,0.117
M101,12a152_212,A,338.0,9.133e-11,0.142
M101,12a152_212,A,342.0,2.255e-10,0.151
M101,12a152_212,A,346.0,1.320e-10,0.157
M101,12a152_212,A,350.0,2.434e-10,0.137
M101,12a152_212,A,354.0,1.987e-10,0.130
M101,12a152_212,A,358.0,3.022e-10,0.124
M101,12a152_212,A,362.0,2.027e-10,0.125
M101,12a152_212,A,366.0,1.915e-10,0.130
M101,12a152_212,A,370.0,2.234e-10,0.140
M101,12a152_212,A,374.0,7.509e-10,0.145
M101,12a152_212,A,378.0,1.809e-10,0.148
M101,12a152_212,A,382.0,9.762e-11,0.158
M101,12a152_212,A,386.0,7.509e-11,0.153
M101,12a152_212,A,390.0,1.206e-10,0.137
M101,12a152_212,A,394.0,5.885e-10,0.134
M101,12a152_212,A,398.0,1.081e-9,0.124
M101,12a152_212,A,402.0,7.081e-10,0.117
M101,12a152_212,A,406.0,1.948e-10,0.122
M101,12a152_212,A,410.0,1.238e-10,0.126
M101,12a152_212,A,414.0,5.732e-11,0.105
M101,12a152_212,A,418.0,2.099e-11,0.096
M101,12a152_212,A,422.0,6.212e-11,0.096
M101,12a152_212,A,426.0,5.631e-11,0.090
M101,12a152_212,A,430.0,1.465e-10,0.090
M101,12a152_212,A,434.0,1.670e-10,0.100
M101,12a152_212,A,438.0,6.807e-11,0.098
M101,12a152_212,A,442.0,3.460e-11,0.093
M101,12a152_212,A,446.0,2.809e-10,0.093
M101,12a152_212,A,450.0,1.442e-10,0.111
M101,12a152_212,A,454.0,8.553e-11,0.122
M101,12a152_212,A,458.0,2.758e-10,0.132
M101,12a152_212,A,462.0,2.410e-10,0.128
M101,12a152_212,A,466.0,1.497e-9,0.158
M101,12a152_212,A,470.0,5.035e-10,0.158
M101,12a152_212,A,474.0,5.131e-10,0.168
M101,12a152_212,A,478.0,2.890e-10,0.152
M101,12a152_212,A,482.0,1.145e-10,0.138
M101,12a152_212,A,486.0,8.129e-11,0.114
M101,12a152_212,A,490.0,8.393e-11,0.099
M101,12a152_212,A,494.0,9.240e-11,0.081
M101,12a152_212,A,498.0,6.873e-11,0.068
M101,12a152_212,A,502.0,1.427e-11,0.062
M101,12a152_212,A,506.0,1.699e-11,0.059
M101,12a152_212,A,510.0,1.724e-10,0.049
M101,12a152_212,A,514.0,4.780e-10,0.042
M101,12a152_212,A,518.0,5.913e-11,0.039
M101,12a152_212,A,522.0,6.131e-11,0.043
M101,12a152_212,A,526.0,6.418e-11,0.042
M101,12a152_212,A,530.0,2.441e-11,0.054
M101,12a152_212,A,534.0,3.419e-11,0.053
M101,12a152_212,A,538.0,2.526e-11,0.048
M101,12a152_212,A,542.0,1.647e-11,0.046
M101,12a152_212,A,546.0,1.071e-10,0.056
M101,12a152_212,A,550.0,3.726e-10,0.066
M101,12a152_212,A,554.0,1.005e-10,0.070
M101,12a152_212,A,558.0,5.811e-11,0.064
M101,12a152_212,A,562.0,4.481e-11,0.070
M101,12a152_212,A,566.0,2.408e-11,0.062
M101,12a152_212,A,570.0,5.759e-11,0.064
M101,12a152_212,A,574.0,1.760e-10,0.082
M101,12a152_212,A,578.0,1.585e-10,0.089
M101,12a152_212,A,582.0,8.200e-11,0.092
M101,12a152_212,A,586.0,5.570e-11,0.088
M101,12a152_212,A,590.0,1.756e-10,0.074
M101,12a152_212,A,594.0,7.995e-11,0.070
M101,12a152_212,A,598.0,2.387e-11,0.062
M101,12a152_212,A,602.0,2.920e-11,0.052
M101,12a152_212,A,606.0,4.290e-11,0.036
M101,12a152_212,A,610.0,4.995e-10,0.033
M101,12a152_212,A,614.0,1.059e-10,0.040
M101,12a152_212,A,618.0,3.292e-11,0.049
M101,12a152_212,A,622.0,1.252e-10,0.053
M101,12a152_212,A,626.0,5.300e-10,0.049
M101,12a152_212,A,630.0,1.150e-10,0.043
M101,12a152_212,A,634.0,6.542e-10,0.037
M101,12a152_212,A,638.0,5.536e-11,0.024
M101,12a152_212,A,642.0,4.398e-12,0.016
M101,12a152_212,A,646.0,2.137e-12,0.007
M101,12a152_212,A,650.0,8.336e-12,0.007
M101,12a152_212,A,654.0,1.954e-12,0.005
M101,12a152_212,A,658.0,1.833e-12,0.006
M101,12a152_212,A,662.0,3.047e-13,0.006
M101,12a152_212,A,666.0,1.188e-12,0.010
M101,12a152_212,A,670.0,2.065e-11,0.012
M101,12a152_212,A,674.0,2.642e-11,0.013
M101,12a152_212,A,678.0,2.793e-12,0.009
M101,12a152_212,A,682.0,7.747e-12,0.010
M101,12a152_212,A,686.0,1.152e-12,0.006
M101,12a152_212,A,690.0,7.976e-12,0.003
M101,12a152_212,A,694.0,4.279e-12,0.002
M101,12a152_212,A,698.0,9.659e-13,0.002
M101,12a152_212,A,702.0,9.351e-13,0.001
M101,12a152_212,A,706.0,4.434e-12,0.002
M101,12a152_212,A,710.0,1.237e-11,0.003
M101,12a152_212,A,714.0,2.692e-14,0.001
M101,12a152_212,A,718.0,1.528e-13,0.001
M101,12a152_212,A,722.0,1.638e-13,0.001
M101,12a152_212,A,726.0,3.370e-13,0.003
M101,12a152_212,A,730.0,1.090e-13,0.005
M101,12a152_212,A,734.0,2.392e-12,0.007
M101,12a152_212,A,738.0,2.785e-11,0.008
M101,12a152_212,A,742.0,2.927e-11,0.007
M101,12a152_212,A,746.0,2.877e-13,0.006
M101,12a152_212,A,750.0,1.077e-13,0.005
M101,12a152_212,A,754.0,8.174e-14,0.004
M101,12a152_212,A,758.0,8.112e-13,0.003
M101,12a152_212,A,762.0,1.328e-13,0.004
M101,12a152_212,A,766.0,6.072e-15,0.004
M101,12a152_212,A,770.0,3.378e-12,0.007
M101,12a152_212,A,774.0,1.321e-11,0.008
M101,12a152_212,A,778.0,6.652e-12,0.007
M101,12a152_212,A,782.0,2.089e-13,0.004
M101,12a152_212,A,786.0,6.961e-16,0.001
M101,12a152_212,A,790.0,1.217e-13,0.000
M101,12a152_212,B,2.0,1.029e-7,1.000
M101,12a152_212,B,6.0,4.485e-8,1.000
M101,12a152_212,B,10.0,2.508e-8,1.000
M101,12a152_212,B,14.0,1.749e-8,1.000
M101,12a152_212,B,18.0,1.358e-8,1.000
M101,12a152_212,B,22.0,1.035e-8,1.000
M101,12a152_212,B,26.0,7.814e-9,1.000
M101,12a152_212,B,30.0,5.951e-9,1.000
M101,12a152_212,B,34.0,4.849e-9,1.000
M101,12a152_212,B,38.0,4.459e-9,1.000
M101,12a152_212,B,42.0,3.659e-9,1.000
M101,12a152_212,B,46.0,3.492e-9,1.000
M101,12a152_212,B,50.0,3.840e-9,1.000
M101,12a152_212,B,54.0,2.202e-9,1.000
M101,12a152_212,B,58.0,1.724e-9,0.993
M101,12a152_212,B,62.0,1.329e-9,0.947
M101,12a152_212,B,66.0,1.188e-9,0.867
M101,12a152_212,B,70.0,1.634e-9,0.788
M101,12a152_212,B,74.0,1.864e-9,0.758
M101,12a152_212,B,78.0,5.478e-9,0.778
M101,12a152_212,B,82.0,2.584e-9,0.745
M101,12a152_212,B,86.0,8.524e-10,0.677
M101,12a152_212,B,90.0,7.118e-10,0.595
M101,12a152_212,B,94.0,6.313e-10,0.582
M101,12a152_212,B,98.0,5.511e-10,0.528
M101,12a152_212,B,102.0,5.879e-10,0.504
M101,12a152_212,B,106.0,7.288e-10,0.426
M101,12a152_212,B,110.0,7.241e-10,0.441
M101,12a152_212,B,114.0,6.951e-10,0.446
M101,12a152_212,B,118.0,5.973e-10,0.465
M101,12a152_212,B,122.0,5.475e-10,0.509
M101,12a152_212,B,126.0,5.757e-10,0.549
M101,12a152_212,B,130.0,6.601e-10,0.551
M101,12a152_212,B,134.0,6.585e-10,0.583
M101,12a152_212,B,138.0,9.142e-10,0.612
M101,12a152_212,B,142.0,8.554e-10,0.598
M101,12a152_212,B,146.0,6.292e-10,0.597
M101,12a152_212,B,150.0,5.078e-10,0.611
M101,12a152_212,B,154.0,4.591e-10,0.609
M101,12a152_212,B,158.0,7.754e-10,0.543
M101,12a152_212,B,162.0,4.834e-10,0.468
M101,12a152_212,B,166.0,3.718e-10,0.485
M101,12a152_212,B,170.0,2.513e-10,0.456
M101,12a152_212,B,174.0,4.701e-10,0.474
M101,12a152_212,B,178.0,6.754e-10,0.516
M101,12a152_212,B,182.0,9.196e-10,0.505
M101,12a152_212,B,186.0,7.042e-10,0.487
M101,12a152_212,B,190.0,4.470e-10,0.493
M101,12a152_212,B,194.0,3.789e-10,0.474
M101,12a152_212,B,198.0,4.810e-10,0.457
M101,12a152_212,B,202.0,1.002e-9,0.414
M101,12a152_212,B,206.0,1.299e-9,0.389
M101,12a152_212,B,210.0,6.612e-10,0.376
M101,12a152_212,B,214.0,2.226e-10,0.350
M101,12a152_212,B,218.0,3.673e-10,0.345
M101,12a152_212,B,222.0,3.142e-10,0.324
M101,12a152_212,B,226.0,1.031e-9,0.304
M101,12a152_212,B,230.0,4.283e-10,0.323
M101,12a152_212,B,234.0,3.841e-10,0.360
M101,12a152_212,B,238.0,4.440e-10,0.334
M101,12a152_212,B,242.0,5.370e-10,0.340
M101,12a152_212,B,246.0,2.773e-10,0.335
M101,12a152_212,B,250.0,3.371e-10,0.345
M101,12a152_212,B,254.0,2.399e-10,0.330
M101,12a152_212,B,258.0,2.431e-10,0.308
M101,12a152_212,B,262.0,2.379e-10,0.279
M101,12a152_212,B,266.0,3.380e-10,0.268
M101,12a152_212,B,270.0,3.955e-10,0.252
M101,12a152_212,B,274.0,6.759e-10,0.265
M101,12a152_212,B,278.0,6.931e-10,0.280
M101,12a152_212,B,282.0,2.839e-10,0.270
M101,12a152_212,B,286.0,3.125e-10,0.226
M101,12a152_212,B,290.0,3.411e-10,0.204
M101,12a152_212,B,294.0,1.385e-10,0.186
M101,12a152_212,B,298.0,1.150e-10,0.159
M101,12a152_212,B,302.0,9.056e-11,0.147
M101,12a152_212,B,306.0,1.532e-10,0.148
M101,12a152_212,B,310.0,5.404e-10,0.167
M101,12a152_212,B,314.0,1.940e-9,0.151
M101,12a152_212,B,318.0,1.464e-10,0.141
M101,12a152_212,B,322.0,1.073e-10,0.113
M101,12a152_212,B,326.0,7.019e-11,0.087
M101,12a152_212,B,330.0,1.465e-10,0.075
M101,12a152_212,B,334.0,3.440e-11,0.075
M101,12a152_212,B,338.0,6.998e-11,0.097
M101,12a152_212,B,342.0,1.988e-10,0.091
M101,12a152_212,B,346.0,1.114e-10,0.087
M101,12a152_212,B,350.0,2.222e-10,0.093
M101,12a152_212,B,354.0,1.787e-10,0.089
M101,12a152_212,B,358.0,2.814e-10,0.082
M101,12a152_212,B,362.0,1.810e-10,0.093
M101,12a152_212,B,366.0,1.729e-10,0.096
M101,12a152_212,B,370.0,2.038e-10,0.102
M101,12a152_212,B,374.0,7.274e-10,0.100
M101,12a152_212,B,378.0,1.592e-10,0.110
M101,12a152_212,B,382.0,7.357e-11,0.104
M101,12a152_212,B,386.0,5.510e-11,0.106
M101,12a152_212,B,390.0,9.974e-11,0.096
M101,12a152_212,B,394.0,5.679e-10,0.106
M101,12a152_212,B,398.0,1.060e-9,0.095
M101,12a152_212,B,402.0,6.915e-10,0.094
M101,12a152_212,B,406.0,1.813e-10,0.094
M101,12a152_212,B,410.0,1.049e-10,0.088
M101,12a152_212,B,414.0,4.241e-11,0.077
M101,12a152_212,B,418.0,1.153e-11,0.061
M101,12a152_212,B,422.0,4.773e-11,0.064
M101,12a152_212,B,426.0,3.901e-11,0.061
M101,12a152_212,B,430.0,1.288e-10,0.066
M101,12a152_212,B,434.0,1.538e-10,0.069
M101,12a152_212,B,438.0,5.753e-11,0.061
M101,12a152_212,B,442.0,2.645e-11,0.056
M101,12a152_212,B,446.0,2.706e-10,0.046
M101,12a152_212,B,450.0,1.334e-10,0.063
M101,12a152_212,B,454.0,7.269e-11,0.075
M101,12a152_212,B,458.0,2.569e-10,0.088
M101,12a152_212,B,462.0,2.257e-10,0.089
M101,12a152_212,B,466.0,1.482e-9,0.098
M101,12a152_212,B,470.0,4.901e-10,0.112
M101,12a152_212,B,474.0,4.899e-10,0.124
M101,12a152_212,B,478.0,2.616e-10,0.111
M101,12a152_212,B,482.0,8.649e-11,0.103
M101,12a152_212,B,486.0,6.049e-11,0.089
M101,12a152_212,B,490.0,7.268e-11,0.066
M101,12a152_212,B,494.0,7.789e-11,0.053
M101,12a152_212,B,498.0,5.656e-11,0.036
M101,12a152_212,B,502.0,7.917e-12,0.031
M101,12a152_212,B,506.0,1.123e-11,0.035
M101,12a152_212,B,510.0,1.675e-10,0.033
M101,12a152_212,B,514.0,4.745e-10,0.029
M101,12a152_212,B,518.0,5.581e-11,0.030
M101,12a152_212,B,522.0,5.672e-11,0.035
M101,12a152_212,B,526.0,5.766e-11,0.030
M101,12a152_212,B,530.0,1.763e-11,0.030
M101,12a152_212,B,534.0,2.875e-11,0.024
M101,12a152_212,B,538.0,1.931e-11,0.019
M101,12a152_212,B,542.0,1.077e-11,0.022
M101,12a152_212,B,546.0,1.001e-10,0.033
M101,12a152_212,B,550.0,3.664e-10,0.035
M101,12a152_212,B,554.0,9.450e-11,0.034
M101,12a152_212,B,558.0,5.159e-11,0.037
M101,12a152_212,B,562.0,3.547e-11,0.044
M101,12a152_212,B,566.0,1.749e-11,0.045
M101,12a152_212,B,570.0,4.888e-11,0.044
M101,12a152_212,B,574.0,1.645e-10,0.057
M101,12a152_212,B,578.0,1.462e-10,0.064
M101,12a152_212,B,582.0,6.509e-11,0.071
M101,12a152_212,B,586.0,4.203e-11,0.063
M101,12a152_212,B,590.0,1.685e-10,0.049
M101,12a152_212,B,594.0,7.269e-11,0.045
M101,12a152_212,B,598.0,1.672e-11,0.041
M101,12a152_212,B,602.0,2.261e-11,0.038
M101,12a152_212,B,606.0,3.870e-11,0.026
M101,12a152_212,B,610.0,4.966e-10,0.027
M101,12a152_212,B,614.0,1.033e-10,0.031
M101,12a152_212,B,618.0,3.021e-11,0.038
M101,12a152_212,B,622.0,1.215e-10,0.043
M101,12a152_212,B,626.0,5.266e-10,0.042
M101,12a152_212,B,630.0,1.134e-10,0.038
M101,12a152_212,B,634.0,6.530e-10,0.033
M101,12a152_212,B,638.0,5.447e-11,0.021
M101,12a152_212,B,642.0,3.763e-12,0.013
M101,12a152_212,B,646.0,1.409e-12,0.006
M101,12a152_212,B,650.0,7.782e-12,0.006
M101,12a152_212,B,654.0,1.146e-12,0.003
M101,12a152_212,B,658.0,1.041e-12,0.004
M101,12a152_212,B,662.0,9.425e-14,0.004
M101,12a152_212,B,666.0,6.087e-13,0.007
M101,12a152_212,B,670.0,1.862e-11,0.010
M101,12a152_212,B,674.0,2.511e-11,0.009
M101,12a152_212,B,678.0,2.221e-12,0.006
M101,12a152_212,B,682.0,6.076e-12,0.008
M101,12a152_212,B,686.0,5.967e-13,0.004
M101,12a152_212,B,690.0,7.371e-12,0.002
M101,12a152_212,B,694.0,3.958e-12,0.001
M101,12a152_212,B,698.0,5.187e-13,0.001
M101,12a152_212,B,702.0,6.214e-13,0.001
M101,12a152_212,B,706.0,3.733e-12,0.002
M101,12a152_212,B,710.0,1.149e-11,0.003
M101,12a152_212,B,718.0,7.658e-14,0.000
M101,12a152_212,B,722.0,2.681e-14,0.001
M101,12a152_212,B,726.0,1.708e-13,0.003
M101,12a152_212,B,730.0,5.260e-14,0.003
M101,12a152_212,B,734.0,1.624e-12,0.006
M101,12a152_212,B,738.0,2.751e-11,0.007
M101,12a152_212,B,742.0,2.892e-11,0.007
M101,12a152_212,B,746.0,1.735e-13,0.005
M101,12a152_212,B,750.0,6.020e-14,0.004
M101,12a152_212,B,754.0,1.310e-14,0.002
M101,12a152_212,B,758.0,4.269e-13,0.001
M101,12a152_212,B,762.0,5.209e-14,0.000
M101,12a152_212,B,770.0,3.184e-12,0.001
M101,12a152_212,B,774.0,1.272e-11,0.002
M101,12a152_212,B,778.0,5.499e-12,0.002
M101,12a152_212,B,782.0,1.211e-13,0.000
M101,12a152_212,B,790.0,6.007e-14,0.000
M101,18a158_220,A,2.0,1.062e-7,1.000
M101,18a158_220,A,6.0,4.101e-8,1.000
M101,18a158_220,A,10.0,2.444e-8,1.000
M101,18a158_220,A,14.0,1.762e-8,1.000
M101,18a158_220,A,18.0,1.357e-8,1.000
M101,18a158_220,A,22.0,1.016e-8,1.000
M101,18a158_220,A,26.0,7.781e-9,1.000
M101,18a158_220,A,30.0,6.169e-9,1.000
M101,18a158_220,A,34.0,5.414e-9,1.000
M101,18a158_220,A,38.0,5.013e-9,1.000
M101,18a158_220,A,42.0,4.409e-9,1.000
M101,18a158_220,A,46.0,4.346e-9,1.000
M101,18a158_220,A,50.0,4.329e-9,1.000
M101,18a158_220,A,54.0,3.428e-9,0.996
M101,18a158_220,A,58.0,2.558e-9,0.990
M101,18a158_220,A,62.0,2.026e-9,0.957
M101,18a158_220,A,66.0,1.793e-9,0.928
M101,18a158_220,A,70.0,2.031e-9,0.842
M101,18a158_220,A,74.0,2.364e-9,0.817
M101,18a158_220,A,78.0,5.662e-9,0.815
M101,18a158_220,A,82.0,3.282e-9,0.797
M101,18a158_220,A,86.0,1.330e-9,0.782
M101,18a158_220,A,90.0,1.113e-9,0.778
M101,18a158_220,A,94.0,1.060e-9,0.763
M101,18a158_220,A,98.0,8.967e-10,0.746
M101,18a158_220,A,102.0,8.088e-10,0.752
M101,18a158_220,A,106.0,1.050e-9,0.733
M101,18a158_220,A,110.0,1.006e-9,0.682
M101,18a158_220,A,114.0,1.001e-9,0.695
M101,18a158_220,A,118.0,9.325e-10,0.702
M101,18a158_220,A,122.0,9.252e-10,0.748
M101,18a158_220,A,126.0,9.678e-10,0.742
M101,18a158_220,A,130.0,1.029e-9,0.734
M101,18a158_220,A,134.0,1.160e-9,0.732
M101,18a158_220,A,138.0,1.276e-9,0.740
M101,18a158_220,A,142.0,1.361e-9,0.765
M101,18a158_220,A,146.0,1.115e-9,0.763
M101,18a158_220,A,150.0,9.456e-10,0.769
M101,18a158_220,A,154.0,8.617e-10,0.785
M101,18a158_220,A,158.0,1.132e-9,0.772
M101,18a158_220,A,162.0,7.494e-10,0.790
M101,18a158_220,A,166.0,7.769e-10,0.788
M101,18a158_220,A,170.0,5.185e-10,0.784
M101,18a158_220,A,174.0,7.049e-10,0.735
M101,18a158_220,A,178.0,9.529e-10,0.728
M101,18a158_220,A,182.0,1.238e-9,0.704
M101,18a158_220,A,186.0,1.014e-9,0.696
M101,18a158_220,A,190.0,7.503e-10,0.702
M101,18a158_220,A,194.0,5.993e-10,0.705
M101,18a158_220,A,198.0,7.465e-10,0.686
M101,18a158_220,A,202.0,1.161e-9,0.644
M101,18a158_220,A,206.0,1.310e-9,0.606
M101,18a158_220,A,210.0,1.042e-9,0.575
M101,18a158_220,A,214.0,3.870e-10,0.557
M101,18a158_220,A,218.0,5.945e-10,0.599
M101,18a158_220,A,222.0,4.653e-10,0.590
M101,18a158_220,A,226.0,1.035e-9,0.602
M101,18a158_220,A,230.0,7.940e-10,0.587
M101,18a158_220,A,234.0,6.082e-10,0.584
M101,18a158_220,A,238.0,6.122e-10,0.569
M101,18a158_220,A,242.0,7.980e-10,0.529
M101,18a158_220,A,246.0,5.357e-10,0.499
M101,18a158_220,A,250.0,5.331e-10,0.477
M101,18a158_220,A,254.0,5.043e-10,0.461
M101,18a158_220,A,258.0,4.866e-10,0.450
M101,18a158_220,A,262.0,4.465e-10,0.444
M101,18a158_220,A,266.0,5.298e-10,0.441
M101,18a158_220,A,270.0,5.921e-10,0.442
M101,18a158_220,A,274.0,9.318e-10,0.460
M101,18a158_220,A,278.0,7.900e-10,0.444
M101,18a158_220,A,282.0,4.366e-10,0.450
M101,18a158_220,A,286.0,4.407e-10,0.440
M101,18a158_220,A,290.0,4.487e-10,0.436
M101,18a158_220,A,294.0,2.651e-10,0.444
M101,18a158_220,A,298.0,2.215e-10,0.427
M101,18a158_220,A,302.0,1.693e-10,0.416
M101,18a158_220,A,306.0,2.260e-10,0.407
M101,18a158_220,A,310.0,1.074e-9,0.409
M101,18a158_220,A,314.0,1.317e-9,0.390
M101,18a158_220,A,318.0,2.072e-10,0.375
M101,18a158_220,A,322.0,1.550e-10,0.344
M101,18a158_220,A,326.0,1.094e-10,0.319
M101,18a158_220,A,330.0,1.943e-10,0.298
M101,18a158_220,A,334.0,6.645e-11,0.260
M101,18a158_220,A,338.0,1.245e-10,0.241
M101,18a158_220,A,342.0,2.588e-10,0.234
M101,18a158_220,A,346.0,1.472e-10,0.210
M101,18a158_220,A,350.0,2.789e-10,0.194
M101,18a158_220,A,354.0,2.401e-10,0.190
M101,18a158_220,A,358.0,3.169e-10,0.178
M101,18a158_220,A,362.0,2.292e-10,0.160
M101,18a158_220,A,366.0,2.080e-10,0.170
M101,18a158_220,A,370.0,2.406e-10,0.193
M101,18a158_220,A,374.0,8.153e-10,0.194
M101,18a158_220,A,378.0,1.741e-10,0.199
M101,18a158_220,A,382.0,1.375e-10,0.214
M101,18a158_220,A,386.0,1.043e-10,0.217
M101,18a158_220,A,390.0,1.923e-10,0.214
M101,18a158_220,A,394.0,4.935e-10,0.211
M101,18a158_220,A,398.0,1.205e-9,0.205
M101,18a158_220,A,402.0,6.642e-10,0.191
M101,18a158_220,A,406.0,2.231e-10,0.200
M101,18a158_220,A,410.0,1.526e-10,0.193
M101,18a158_220,A,414.0,7.318e-11,0.173
M101,18a158_220,A,418.0,3.934e-11,0.176
M101,18a158_220,A,422.0,7.991e-11,0.183
M101,18a158_220,A,426.0,8.494e-11,0.178
M101,18a158_220,A,430.0,1.479e-10,0.184
M101,18a158_220,A,434.0,2.248e-10,0.175
M101,18a158_220,A,438.0,6.502e-11,0.167
M101,18a158_220,A,442.0,4.845e-11,0.171
M101,18a158_220,A,446.0,3.413e-10,0.169
M101,18a158_220,A,450.0,1.073e-10,0.174
M101,18a158_220,A,454.0,1.083e-10,0.188
M101,18a158_220,A,458.0,2.957e-10,0.211
M101,18a158_220,A,462.0,2.998e-10,0.212
M101,18a158_220,A,466.0,1.287e-9,0.224
M101,18a158_220,A,470.0,5.196e-10,0.230
M101,18a158_220,A,474.0,5.075e-10,0.226
M101,18a158_220,A,478.0,3.018e-10,0.212
M101,18a158_220,A,482.0,1.599e-10,0.194
M101,18a158_220,A,486.0,1.091e-10,0.178
M101,18a158_220,A,490.0,1.023e-10,0.162
M101,18a158_220,A,494.0,1.061e-10,0.137
M101,18a158_220,A,498.0,8.754e-11,0.121
M101,18a158_220,A,502.0,2.742e-11,0.108
M101,18a158_220,A,506.0,2.788e-11,0.102
M101,18a158_220,A,510.0,2.503e-10,0.085
M101,18a158_220,A,514.0,3.885e-10,0.071
M101,18a158_220,A,518.0,6.853e-11,0.066
M101,18a158_220,A,522.0,6.641e-11,0.080
M101,18a158_220,A,526.0,7.445e-11,0.078
M101,18a158_220,A,530.0,3.402e-11,0.097
M101,18a158_220,A,534.0,5.257e-11,0.100
M101,18a158_220,A,538.0,2.559e-11,0.100
M101,18a158_220,A,542.0,2.828e-11,0.103
M101,18a158_220,A,546.0,9.472e-11,0.107
M101,18a158_220,A,550.0,4.356e-10,0.115
M101,18a158_220,A,554.0,6.688e-11,0.112
M101,18a158_220,A,558.0,6.021e-11,0.107
M101,18a158_220,A,562.0,6.891e-11,0.100
M101,18a158_220,A,566.0,2.834e-11,0.106
M101,18a158_220,A,570.0,6.358e-11,0.113
M101,18a158_220,A,574.0,1.984e-10,0.121
M101,18a158_220,A,578.0,1.460e-10,0.124
M101,18a158_220,A,582.0,1.102e-10,0.134
M101,18a158_220,A,586.0,7.502e-11,0.139
M101,18a158_220,A,590.0,1.808e-10,0.129
M101,18a158_220,A,594.0,8.490e-11,0.116
M101,18a158_220,A,598.0,3.428e-11,0.107
M101,18a158_220,A,602.0,3.670e-11,0.100
M101,18a158_220,A,606.0,4.940e-11,0.083
M101,18a158_220,A,610.0,4.789e-10,0.064
M101,18a158_220,A,614.0,9.062e-11,0.070
M101,18a158_220,A,618.0,4.332e-11,0.084
M101,18a158_220,A,622.0,1.726e-10,0.085
M101,18a158_220,A,626.0,5.156e-10,0.072
M101,18a158_220,A,630.0,9.121e-11,0.063
M101,18a158_220,A,634.0,4.565e-10,0.051
M101,18a158_220,A,638.0,1.076e-10,0.036
M101,18a158_220,A,642.0,5.955e-12,0.027
M101,18a158_220,A,646.0,4.739e-12,0.019
M101,18a158_220,A,650.0,9.969e-12,0.021
M101,18a158_220,A,654.0,2.673e-12,0.019
M101,18a158_220,A,658.0,2.924e-12,0.017
M101,18a158_220,A,662.0,1.361e-12,0.015
M101,18a158_220,A,666.0,2.076e-12,0.014
M101,18a158_220,A,670.0,1.975e-11,0.020
M101,18a158_220,A,674.0,2.977e-11,0.022
M101,18a158_220,A,678.0,5.234e-12,0.020
M101,18a158_220,A,682.0,9.530e-12,0.023
M101,18a158_220,A,686.0,2.206e-12,0.021
M101,18a158_220,A,690.0,5.647e-12,0.017
M101,18a158_220,A,694.0,7.431e-12,0.010
M101,18a158_220,A,698.0,1.874e-12,0.011
M101,18a158_220,A,702.0,7.245e-13,0.012
M101,18a158_220,A,706.0,5.407e-12,0.010
M101,18a158_220,A,710.0,1.305e-11,0.009
M101,18a158_220,A,714.0,6.635e-13,0.009
M101,18a158_220,A,718.0,4.855e-13,0.006
M101,18a158_220,A,722.0,4.493e-13,0.006
M101,18a158_220,A,726.0,1.072e-12,0.008
M101,18a158_220,A,730.0,6.697e-13,0.010
M101,18a158_220,A,734.0,1.864e-12,0.011
M101,18a158_220,A,738.0,2.750e-11,0.012
M101,18a158_220,A,742.0,2.861e-11,0.011
M101,18a158_220,A,746.0,7.645e-13,0.007
M101,18a158_220,A,750.0,3.830e-13,0.007
M101,18a158_220,A,754.0,3.375e-13,0.006
M101,18a158_220,A,758.0,1.682e-12,0.008
M101,18a158_220,A,762.0,9.684e-14,0.004
M101,18a158_220,A,766.0,3.013e-13,0.008
M101,18a158_220,A,770.0,6.376e-13,0.007
M101,18a158_220,A,774.0,2.252e-11,0.011
M101,18a158_220,A,778.0,5.396e-12,0.007
M101,18a158_220,A,782.0,1.041e-12,0.006
M101,18a158_220,A,786.0,4.201e-14,0.004
M101,18a158_220,A,790.0,2.741e-13,0.003
M101,18a158_220,A,798.0,2.116e-14,0.000
M101,18a158_220,B,2.0,1.062e-7,1.000
M101,18a158_220,B,6.0,4.101e-8,1.000
M101,18a158_220,B,10.0,2.444e-8,1.000
M101,18a158_220,B,14.0,1.762e-8,1.000
M101,18a158_220,B,18.0,1.357e-8,1.000
M101,18a158_220,B,22.0,1.016e-8,1.000
M101,18a158_220,B,26.0,7.781e-9,1.000
M101,18a158_220,B,30.0,6.169e-9,1.000
M101,18a158_220,B,34.0,5.414e-9,1.000
M101,18a158_220,B,38.0,4.991e-9,1.000
M101,18a158_220,B,42.0,4.368e-9,1.000
M101,18a158_220,B,46.0,4.282e-9,1.000
M101,18a158_220,B,50.0,4.246e-9,1.000
M101,18a158_220,B,54.0,3.319e-9,0.996
M101,18a158_220,B,58.0,2.427e-9,0.990
M101,18a158_220,B,62.0,1.884e-9,0.957
M101,18a158_220,B,66.0,1.671e-9,0.912
M101,18a158_220,B,70.0,1.938e-9,0.836
M101,18a158_220,B,74.0,2.268e-9,0.797
M101,18a158_220,B,78.0,5.541e-9,0.807
M101,18a158_220,B,82.0,3.162e-9,0.785
M101,18a158_220,B,86.0,1.205e-9,0.752
M101,18a158_220,B,90.0,9.809e-10,0.711
M101,18a158_220,B,94.0,9.325e-10,0.704
M101,18a158_220,B,98.0,7.934e-10,0.708
M101,18a158_220,B,102.0,7.282e-10,0.699
M101,18a158_220,B,106.0,9.658e-10,0.670
M101,18a158_220,B,110.0,9.245e-10,0.601
M101,18a158_220,B,114.0,9.125e-10,0.605
M101,18a158_220,B,118.0,8.405e-10,0.598
M101,18a158_220,B,122.0,8.182e-10,0.654
M101,18a158_220,B,126.0,8.460e-10,0.679
M101,18a158_220,B,130.0,8.991e-10,0.654
M101,18a158_220,B,134.0,1.034e-9,0.686
M101,18a158_220,B,138.0,1.140e-9,0.710
M101,18a158_220,B,142.0,1.214e-9,0.712
M101,18a158_220,B,146.0,9.562e-10,0.725
M101,18a158_220,B,150.0,7.965e-10,0.726
M101,18a158_220,B,154.0,7.318e-10,0.713
M101,18a158_220,B,158.0,1.014e-9,0.702
M101,18a158_220,B,162.0,6.295e-10,0.719
M101,18a158_220,B,166.0,6.464e-10,0.701
M101,18a158_220,B,170.0,4.070e-10,0.678
M101,18a158_220,B,174.0,6.061e-10,0.673
M101,18a158_220,B,178.0,8.481e-10,0.657
M101,18a158_220,B,182.0,1.135e-9,0.627
M101,18a158_220,B,186.0,9.135e-10,0.628
M101,18a158_220,B,190.0,6.556e-10,0.642
M101,18a158_220,B,194.0,5.067e-10,0.629
M101,18a158_220,B,198.0,6.691e-10,0.582
M101,18a158_220,B,202.0,1.088e-9,0.546
M101,18a158_220,B,206.0,1.228e-9,0.520
M101,18a158_220,B,210.0,9.663e-10,0.506
M101,18a158_220,B,214.0,3.263e-10,0.482
M101,18a158_220,B,218.0,5.277e-10,0.508
M101,18a158_220,B,222.0,4.001e-10,0.521
M101,18a158_220,B,226.0,9.685e-10,0.528
M101,18a158_220,B,230.0,7.288e-10,0.531
M101,18a158_220,B,234.0,5.393e-10,0.526
M101,18a158_220,B,238.0,5.446e-10,0.486
M101,18a158_220,B,242.0,7.213e-10,0.450
M101,18a158_220,B,246.0,4.506e-10,0.433
M101,18a158_220,B,250.0,4.418e-10,0.428
M101,18a158_220,B,254.0,4.096e-10,0.409
M101,18a158_220,B,258.0,4.058e-10,0.396
M101,18a158_220,B,262.0,3.757e-10,0.389
M101,18a158_220,B,266.0,4.676e-10,0.377
M101,18a158_220,B,270.0,5.240e-10,0.372
M101,18a158_220,B,274.0,8.687e-10,0.376
M101,18a158_220,B,278.0,7.380e-10,0.373
M101,18a158_220,B,282.0,3.846e-10,0.375
M101,18a158_220,B,286.0,3.944e-10,0.382
M101,18a158_220,B,290.0,4.045e-10,0.374
M101,18a158_220,B,294.0,2.191e-10,0.344
M101,18a158_220,B,298.0,1.800e-10,0.298
M101,18a158_220,B,302.0,1.322e-10,0.287
M101,18a158_220,B,306.0,1.915e-10,0.298
M101,18a158_220,B,310.0,1.029e-9,0.289
M101,18a158_220,B,314.0,1.279e-9,0.263
M101,18a158_220,B,318.0,1.778e-10,0.237
M101,18a158_220,B,322.0,1.327e-10,0.233
M101,18a158_220,B,326.0,8.791e-11,0.218
M101,18a158_220,B,330.0,1.770e-10,0.199
M101,18a158_220,B,334.0,5.108e-11,0.166
M101,18a158_220,B,338.0,1.019e-10,0.178
M101,18a158_220,B,342.0,2.405e-10,0.177
M101,18a158_220,B,346.0,1.292e-10,0.167
M101,18a158_220,B,350.0,2.615e-10,0.164
M101,18a158_220,B,354.0,2.225e-10,0.153
M101,18a158_220,B,358.0,3.028e-10,0.140
M101,18a158_220,B,362.0,2.145e-10,0.133
M101,18a158_220,B,366.0,1.952e-10,0.138
M101,18a158_220,B,370.0,2.258e-10,0.159
M101,18a158_220,B,374.0,7.999e-10,0.158
M101,18a158_220,B,378.0,1.547e-10,0.168
M101,18a158_220,B,382.0,1.174e-10,0.175
M101,18a158_220,B,386.0,8.687e-11,0.173
M101,18a158_220,B,390.0,1.760e-10,0.176
M101,18a158_220,B,394.0,4.788e-10,0.155
M101,18a158_220,B,398.0,1.194e-9,0.157
M101,18a158_220,B,402.0,6.542e-10,0.148
M101,18a158_220,B,406.0,2.119e-10,0.153
M101,18a158_220,B,410.0,1.368e-10,0.151
M101,18a158_220,B,414.0,5.676e-11,0.129
M101,18a158_220,B,418.0,2.608e-11,0.126
M101,18a158_220,B,422.0,6.482e-11,0.129
M101,18a158_220,B,426.0,7.088e-11,0.107
M101,18a158_220,B,430.0,1.346e-10,0.113
M101,18a158_220,B,434.0,2.112e-10,0.114
M101,18a158_220,B,438.0,5.304e-11,0.116
M101,18a158_220,B,442.0,3.925e-11,0.121
M101,18a158_220,B,446.0,3.313e-10,0.124
M101,18a158_220,B,450.0,9.474e-11,0.125
M101,18a158_220,B,454.0,9.367e-11,0.147
M101,18a158_220,B,458.0,2.805e-10,0.166
M101,18a158_220,B,462.0,2.863e-10,0.157
M101,18a158_220,B,466.0,1.272e-9,0.175
M101,18a158_220,B,470.0,5.051e-10,0.188
M101,18a158_220,B,474.0,4.894e-10,0.185
M101,18a158_220,B,478.0,2.817e-10,0.171
M101,18a158_220,B,482.0,1.391e-10,0.156
M101,18a158_220,B,486.0,9.159e-11,0.138
M101,18a158_220,B,490.0,8.891e-11,0.121
M101,18a158_220,B,494.0,9.506e-11,0.098
M101,18a158_220,B,498.0,7.713e-11,0.082
M101,18a158_220,B,502.0,1.867e-11,0.075
M101,18a158_220,B,506.0,2.042e-11,0.069
M101,18a158_220,B,510.0,2.434e-10,0.059
M101,18a158_220,B,514.0,3.831e-10,0.047
M101,18a158_220,B,518.0,6.397e-11,0.043
M101,18a158_220,B,522.0,6.244e-11,0.049
M101,18a158_220,B,526.0,6.897e-11,0.053
M101,18a158_220,B,530.0,2.676e-11,0.063
M101,18a158_220,B,534.0,4.573e-11,0.066
M101,18a158_220,B,538.0,1.909e-11,0.064
M101,18a158_220,B,542.0,2.262e-11,0.067
M101,18a158_220,B,546.0,8.856e-11,0.073
M101,18a158_220,B,550.0,4.296e-10,0.081
M101,18a158_220,B,554.0,6.148e-11,0.083
M101,18a158_220,B,558.0,5.415e-11,0.080
M101,18a158_220,B,562.0,6.245e-11,0.079
M101,18a158_220,B,566.0,2.327e-11,0.080
M101,18a158_220,B,570.0,5.741e-11,0.079
M101,18a158_220,B,574.0,1.910e-10,0.091
M101,18a158_220,B,578.0,1.362e-10,0.098
M101,18a158_220,B,582.0,9.842e-11,0.104
M101,18a158_220,B,586.0,6.340e-11,0.107
M101,18a158_220,B,590.0,1.725e-10,0.093
M101,18a158_220,B,594.0,7.708e-11,0.089
M101,18a158_220,B,598.0,2.624e-11,0.082
M101,18a158_220,B,602.0,2.967e-11,0.069
M101,18a158_220,B,606.0,4.530e-11,0.054
M101,18a158_220,B,610.0,4.763e-10,0.042
M101,18a158_220,B,614.0,8.776e-11,0.046
M101,18a158_220,B,618.0,4.081e-11,0.059
M101,18a158_220,B,622.0,1.699e-10,0.064
M101,18a158_220,B,626.0,5.131e-10,0.057
M101,18a158_220,B,630.0,8.913e-11,0.047
M101,18a158_220,B,634.0,4.547e-10,0.040
M101,18a158_220,B,638.0,1.064e-10,0.027
M101,18a158_220,B,642.0,5.353e-12,0.017
M101,18a158_220,B,646.0,4.165e-12,0.010
M101,18a158_220,B,650.0,8.897e-12,0.008
M101,18a158_220,B,654.0,1.635e-12,0.007
M101,18a158_220,B,658.0,1.826e-12,0.007
M101,18a158_220,B,662.0,7.243e-13,0.007
M101,18a158_220,B,666.0,1.247e-12,0.011
M101,18a158_220,B,670.0,1.842e-11,0.015
M101,18a158_220,B,674.0,2.812e-11,0.015
M101,18a158_220,B,678.0,4.475e-12,0.011
M101,18a158_220,B,682.0,7.773e-12,0.012
M101,18a158_220,B,686.0,1.315e-12,0.008
M101,18a158_220,B,690.0,4.857e-12,0.005
M101,18a158_220,B,694.0,7.091e-12,0.002
M101,18a158_220,B,698.0,1.338e-12,0.002
M101,18a158_220,B,702.0,3.206e-13,0.003
M101,18a158_220,B,706.0,4.828e-12,0.002
M101,18a158_220,B,710.0,1.190e-11,0.004
M101,18a158_220,B,714.0,2.866e-13,0.002
M101,18a158_220,B,718.0,2.061e-13,0.002
M101,18a158_220,B,722.0,1.634e-13,0.003
M101,18a158_220,B,726.0,5.933e-13,0.005
M101,18a158_220,B,730.0,3.218e-13,0.007
M101,18a158_220,B,734.0,1.158e-12,0.009
M101,18a158_220,B,738.0,2.686e-11,0.009
M101,18a158_220,B,742.0,2.824e-11,0.009
M101,18a158_220,B,746.0,5.084e-13,0.007
M101,18a158_220,B,750.0,2.066e-13,0.006
M101,18a158_220,B,754.0,1.323e-13,0.004
M101,18a158_220,B,758.0,1.183e-12,0.005
M101,18a158_220,B,762.0,2.768e-14,0.003
M101,18a158_220,B,766.0,1.386e-13,0.007
M101,18a158_220,B,770.0,3.622e-13,0.006
M101,18a158_220,B,774.0,2.198e-11,0.010
M101,18a158_220,B,778.0,4.765e-12,0.007
M101,18a158_220,B,782.0,8.618e-13,0.005
M101,18a158_220,B,786.0,9.965e-15,0.003
M101,18a158_220,B,790.0,1.592e-13,0.002
M101,18a158_220,B,798.0,1.828e-15,0.000
NGC205,18a66_212,A,2.0,1.305e-8,1.000
NGC205,18a66_212,A,10.0,1.480e-8,1.000
NGC205,18a66_212,A,14.0,1.135e-8,1.000
NGC205,18a66_212,A,18.0,9.205e-9,1.000
NGC205,18a66_212,A,22.0,8.624e-9,1.000
NGC205,18a66_212,A,26.0,7.473e-9,1.000
NGC205,18a66_212,A,30.0,6.062e-9,1.000
NGC205,18a66_212,A,34.0,5.090e-9,1.000
NGC205,18a66_212,A,38.0,4.213e-9,1.000
NGC205,18a66_212,A,42.0,3.630e-9,1.000
NGC205,18a66_212,A,46.0,3.042e-9,1.000
NGC205,18a66_212,A,50.0,2.507e-9,1.000
NGC205,18a66_212,A,54.0,2.178e-9,1.000
NGC205,18a66_212,A,58.0,1.671e-9,1.000
NGC205,18a66_212,A,62.0,1.902e-9,1.000
NGC205,18a66_212,A,66.0,1.140e-9,1.000
NGC205,18a66_212,A,70.0,9.361e-10,1.000
NGC205,18a66_212,A,74.0,8.620e-10,1.000
NGC205,18a66_212,A,78.0,9.601e-10,1.000
NGC205,18a66_212,A,82.0,6.381e-10,1.000
NGC205,18a66_212,A,86.0,5.592e-10,0.952
NGC205,18a66_212,A,90.0,4.952e-10,0.958
NGC205,18a66_212,A,94.0,4.117e-10,0.845
NGC205,18a66_212,A,98.0,3.866e-10,0.833
NGC205,18a66_212,A,102.0,3.395e-10,0.815
NGC205,18a66_212,A,106.0,2.755e-10,0.813
NGC205,18a66_212,A,110.0,2.302e-10,0.680
NGC205,18a66_212,A,114.0,2.730e-10,0.643
NGC205,18a66_212,A,118.0,1.609e-10,0.587
NGC205,18a66_212,A,122.0,1.445e-10,0.556
NGC205,18a66_212,A,126.0,1.246e-10,0.493
NGC205,18a66_212,A,130.0,1.500e-10,0.481
NGC205,18a66_212,A,134.0,1.047e-10,0.492
NGC205,18a66_212,A,138.0,1.243e-10,0.457
NGC205,18a66_212,A,142.0,1.094e-10,0.419
NGC205,18a66_212,A,146.0,4.568e-10,0.439
NGC205,18a66_212,A,150.0,1.329e-9,0.375
NGC205,18a66_212,A,154.0,1.197e-10,0.363
NGC205,18a66_212,A,158.0,9.116e-11,0.333
NGC205,18a66_212,A,162.0,3.679e-11,0.311
NGC205,18a66_212,A,166.0,1.113e-10,0.231
NGC205,18a66_212,A,170.0,1.785e-11,0.202
NGC205,18a66_212,A,174.0,3.737e-11,0.208
NGC205,18a66_212,A,178.0,6.917e-11,0.195
NGC205,18a66_212,A,182.0,3.106e-11,0.144
NGC205,18a66_212,A,186.0,8.086e-12,0.146
NGC205,18a66_212,A,190.0,1.363e-11,0.112
NGC205,18a66_212,A,194.0,8.933e-11,0.114
NGC205,18a66_212,A,198.0,7.879e-12,0.122
NGC205,18a66_212,A,202.0,5.025e-12,0.080
NGC205,18a66_212,A,206.0,5.543e-12,0.078
NGC205,18a66_212,A,210.0,7.679e-12,0.100
NGC205,18a66_212,A,214.0,8.997e-12,0.102
NGC205,18a66_212,A,218.0,6.649e-12,0.095
NGC205,18a66_212,A,222.0,9.326e-11,0.118
NGC205,18a66_212,A,226.0,1.885e-11,0.120
NGC205,18a66_212,A,230.0,2.936e-11,0.109
NGC205,18a66_212,A,234.0,1.317e-10,0.131
NGC205,18a66_212,A,238.0,2.715e-11,0.118
NGC205,18a66_212,A,242.0,2.300e-10,0.095
NGC205,18a66_212,A,246.0,1.044e-9,0.079
NGC205,18a66_212,A,250.0,8.512e-11,0.103
NGC205,18a66_212,A,254.0,1.419e-10,0.075
NGC205,18a66_212,A,258.0,5.294e-11,0.055
NGC205,18a66_212,A,262.0,5.568e-11,0.116
NGC205,18a66_212,A,266.0,1.309e-11,0.106
NGC205,18a66_212,A,270.0,4.583e-11,0.083
NGC205,18a66_212,A,274.0,6.955e-10,0.091
NGC205,18a66_212,A,278.0,6.550e-11,0.109
NGC205,18a66_212,A,282.0,7.067e-11,0.099
NGC205,18a66_212,A,286.0,5.701e-11,0.103
NGC205,18a66_212,A,290.0,2.531e-10,0.101
NGC205,18a66_212,A,294.0,1.390e-10,0.075
NGC205,18a66_212,A,298.0,6.102e-11,0.085
NGC205,18a66_212,A,302.0,3.201e-11,0.075
NGC205,18a66_212,A,306.0,1.270e-10,0.077
NGC205,18a66_212,A,310.0,1.879e-10,0.062
NGC205,18a66_212,A,314.0,1.110e-11,0.073
NGC205,18a66_212,A,318.0,1.560e-11,0.065
NGC205,18a66_212,A,322.0,1.151e-10,0.103
NGC205,18a66_212,A,326.0,1.322e-9,0.067
NGC205,18a66_212,A,330.0,8.758e-10,0.091
NGC205,18a66_212,A,334.0,1.556e-9,0.116
NGC205,18a66_212,A,338.0,3.060e-10,0.095
NGC205,18a66_212,A,342.0,3.017e-11,0.104
NGC205,18a66_212,A,346.0,3.171e-10,0.135
NGC205,18a66_212,A,350.0,5.652e-10,0.138
NGC205,18a66_212,A,354.0,7.205e-10,0.116
NGC205,18a66_212,A,358.0,5.350e-10,0.117
NGC205,18a66_212,A,362.0,2.982e-10,0.114
NGC205,18a66_212,A,366.0,3.194e-11,0.093
NGC205,18a66_212,A,370.0,2.913e-11,0.079
NGC205,18a66_212,A,374.0,1.140e-10,0.079
NGC205,18a66_212,A,378.0,7.346e-11,0.063
NGC205,18a66_212,A,382.0,5.941e-10,0.052
NGC205,18a66_212,A,386.0,4.765e-13,0.048
NGC205,18a66_212,A,390.0,1.837e-10,0.056
NGC205,18a66_212,A,394.0,8.886e-11,0.046
NGC205,18a66_212,A,398.0,2.561e-10,0.039
NGC205,18a66_212,A,402.0,2.876e-11,0.065
NGC205,18a66_212,A,406.0,3.104e-11,0.069
NGC205,18a66_212,A,410.0,5.345e-11,0.087
NGC205,18a66_212,A,414.0,1.102e-10,0.104
NGC205,18a66_212,A,418.0,4.141e-10,0.098
NGC205,18a66_212,A,422.0,7.377e-10,0.093
NGC205,18a66_212,A,426.0,3.975e-10,0.081
NGC205,18a66_212,A,430.0,3.548e-10,0.098
NGC205,18a66_212,A,434.0,2.528e-10,0.098
NGC205,18a66_212,A,438.0,7.846e-11,0.062
NGC205,18a66_212,A,442.0,1.302e-10,0.079
NGC205,18a66_212,A,446.0,1.521e-11,0.079
NGC205,18a66_212,A,450.0,2.087e-11,0.060
NGC205,18a66_212,A,454.0,8.548e-10,0.048
NGC205,18a66_212,A,458.0,2.069e-11,0.041
NGC205,18a66_212,A,462.0,1.156e-11,0.051
NGC205,18a66_212,A,466.0,4.891e-12,0.026
NGC205,18a66_212,A,470.0,2.409e-14,0.016
NGC205,18a66_212,A,474.0,6.870e-11,0.023
NGC205,18a66_212,A,478.0,6.870e-12,0.023
NGC205,18a66_212,A,482.0,4.819e-11,0.054
NGC205,18a66_212,A,486.0,2.824e-10,0.058
NGC205,18a66_212,A,490.0,1.242e-10,0.060
NGC205,18a66_212,A,494.0,8.130e-10,0.067
NGC205,18a66_212,A,498.0,9.611e-11,0.071
NGC205,18a66_212,A,502.0,3.083e-11,0.073
NGC205,18a66_212,A,506.0,6.785e-11,0.065
NGC205,18a66_212,A,510.0,3.118e-11,0.066
NGC205,18a66_212,A,514.0,5.766e-11,0.087
NGC205,18a66_212,A,518.0,1.275e-10,0.087
NGC205,18a66_212,A,522.0,1.079e-9,0.087
NGC205,18a66_212,A,526.0,3.775e-10,0.102
NGC205,18a66_212,A,530.0,3.743e-11,0.103
NGC205,18a66_212,A,534.0,4.475e-10,0.125
NGC205,18a66_212,A,538.0,8.035e-11,0.108
NGC205,18a66_212,A,542.0,1.322e-9,0.112
NGC205,18a66_212,A,546.0,3.362e-10,0.112
NGC205,18a66_212,A,550.0,1.347e-10,0.110
NGC205,18a66_212,A,554.0,3.608e-10,0.113
NGC205,18a66_212,A,558.0,1.565e-10,0.098
NGC205,18a66_212,A,562.0,2.810e-11,0.090
NGC205,18a66_212,A,566.0,4.986e-11,0.090
NGC205,18a66_212,A,570.0,2.078e-10,0.112
NGC205,18a66_212,A,574.0,1.408e-9,0.107
NGC205,18a66_212,A,578.0,1.628e-10,0.103
NGC205,18a66_212,A,582.0,7.338e-11,0.097
NGC205,18a66_212,A,586.0,3.707e-10,0.106
NGC205,18a66_212,A,590.0,8.156e-11,0.116
NGC205,18a66_212,A,594.0,1.614e-10,0.090
NGC205,18a66_212,A,598.0,1.095e-9,0.086
NGC205,18a66_212,A,602.0,8.376e-11,0.083
NGC205,18a66_212,A,606.0,8.460e-10,0.080
NGC205,18a66_212,A,610.0,3.008e-10,0.077
NGC205,18a66_212,A,614.0,8.968e-10,0.061
NGC205,18a66_212,A,618.0,8.865e-12,0.063
NGC205,18a66_212,A,622.0,4.201e-10,0.078
NGC205,18a66_212,A,626.0,2.848e-11,0.066
NGC205,18a66_212,A,630.0,1.036e-10,0.065
NGC205,18a66_212,A,634.0,8.410e-11,0.066
NGC205,18a66_212,A,638.0,3.170e-11,0.059
NGC205,18a66_212,A,642.0,5.608e-12,0.057
NGC205,18a66_212,A,646.0,2.348e-11,0.057
NGC205,18a66_212,A,650.0,1.088e-10,0.058
NGC205,18a66_212,A,654.0,6.279e-10,0.057
NGC205,18a66_212,A,658.0,5.731e-11,0.050
NGC205,18a66_212,A,662.0,1.630e-11,0.049
NGC205,18a66_212,A,666.0,1.386e-11,0.041
NGC205,18a66_212,A,670.0,2.761e-11,0.033
NGC205,18a66_212,A,674.0,4.520e-11,0.035
NGC205,18a66_212,A,678.0,1.329e-11,0.024
NGC205,18a66_212,A,682.0,5.444e-11,0.027
NGC205,18a66_212,A,686.0,1.127e-12,0.019
NGC205,18a66_212,A,690.0,3.877e-12,0.023
NGC205,18a66_212,A,694.0,2.119e-11,0.024
NGC205,18a66_212,A,698.0,7.843e-12,0.020
NGC205,18a66_212,A,702.0,1.053e-11,0.012
NGC205,18a66_212,A,706.0,3.303e-17,0.005
NGC205,18a66_212,A,710.0,2.741e-15,0.005
NGC205,18a66_212,A,718.0,1.416e-11,0.005
NGC205,18a66_212,A,722.0,3.466e-13,0.003
NGC205,18a66_212,A,726.0,1.080e-13,0.003
NGC205,18a66_212,A,730.0,2.204e-12,0.001
NGC205,18a66_212,A,734.0,2.390e-12,0.002
NGC205,18a66_212,A,738.0,2.539e-13,0.003
NGC205,18a66_212,A,742.0,8.694e-12,0.005
NGC205,18a66_212,A,746.0,9.775e-14,0.004
NGC205,18a66_212,A,750.0,2.336e-13,0.003
NGC205,18a66_212,A,754.0,5.321e-12,0.010
NGC205,18a66_212,A,758.0,6.376e-13,0.011
NGC205,18a66_212,A,762.0,8.574e-14,0.004
NGC205,18a66_212,A,766.0,9.359e-11,0.010
NGC205,18a66_212,A,770.0,4.863e-14,0.007
NGC205,18a66_212,A,774.0,9.358e-15,0.006
NGC205,18a66_212,A,778.0,6.631e-12,0.012
NGC205,18a66_212,A,782.0,8.717e-12,0.008
NGC205,18a66_212,A,786.0,2.403e-12,0.009
NGC205,18a66_212,A,790.0,6.835e-12,0.012
NGC205,18a66_212,A,794.0,1.417e-11,0.014
NGC205,18a66_212,A,798.0,4.457e-12,0.017
NGC205,18a66_212,A,802.0,2.478e-12,0.011
NGC205,18a66_212,A,806.0,4.158e-11,0.014
NGC205,18a66_212,A,810.0,4.772e-10,0.010
NGC205,18a66_212,A,814.0,2.338e-12,0.007
NGC205,18a66_212,A,818.0,2.433e-12,0.007
NGC205,18a66_212,A,822.0,9.953e-13,0.005
NGC205,18a66_212,A,826.0,5.655e-12,0.004
NGC205,18a66_212,A,842.0,2.477e-13,0.001
NGC205,18a66_212,B,2.0,1.305e-8,1.000
NGC205,18a66_212,B,10.0,1.480e-8,1.000
NGC205,18a66_212,B,14.0,1.135e-8,1.000
NGC205,18a66_212,B,18.0,9.205e-9,1.000
NGC205,18a66_212,B,22.0,8.624e-9,1.000
NGC205,18a66_212,B,26.0,7.479e-9,1.000
NGC205,18a66_212,B,30.0,6.149e-9,1.000
NGC205,18a66_212,B,34.0,5.192e-9,1.000
NGC205,18a66_212,B,38.0,4.312e-9,1.000
NGC205,18a66_212,B,42.0,3.723e-9,1.000
NGC205,18a66_212,B,46.0,3.201e-9,1.000
NGC205,18a66_212,B,50.0,2.689e-9,1.000
NGC205,18a66_212,B,54.0,2.378e-9,1.000
NGC205,18a66_212,B,58.0,1.856e-9,1.000
NGC205,18a66_212,B,62.0,2.077e-9,1.000
NGC205,18a66_212,B,66.0,1.292e-9,1.000
NGC205,18a66_212,B,70.0,1.075e-9,1.000
NGC205,18a66_212,B,74.0,9.862e-10,1.000
NGC205,18a66_212,B,78.0,1.082e-9,1.000
NGC205,18a66_212,B,82.0,7.565e-10,1.000
NGC205,18a66_212,B,86.0,6.658e-10,1.000
NGC205,18a66_212,B,90.0,5.947e-10,0.972
NGC205,18a66_212,B,94.0,4.954e-10,0.881
NGC205,18a66_212,B,98.0,4.676e-10,0.896
NGC205,18a66_212,B,102.0,4.144e-10,0.848
NGC205,18a66_212,B,106.0,3.408e-10,0.838
NGC205,18a66_212,B,110.0,2.873e-10,0.800
NGC205,18a66_212,B,114.0,3.235e-10,0.714
NGC205,18a66_212,B,118.0,2.034e-10,0.652
NGC205,18a66_212,B,122.0,1.839e-10,0.630
NGC205,18a66_212,B,126.0,1.591e-10,0.574
NGC205,18a66_212,B,130.0,1.845e-10,0.509
NGC205,18a66_212,B,134.0,1.347e-10,0.542
NGC205,18a66_212,B,138.0,1.461e-10,0.509
NGC205,18a66_212,B,142.0,1.311e-10,0.463
NGC205,18a66_212,B,146.0,4.774e-10,0.477
NGC205,18a66_212,B,150.0,1.344e-9,0.461
NGC205,18a66_212,B,154.0,1.339e-10,0.395
NGC205,18a66_212,B,158.0,1.082e-10,0.361
NGC205,18a66_212,B,162.0,4.793e-11,0.345
NGC205,18a66_212,B,166.0,1.216e-10,0.281
NGC205,18a66_212,B,170.0,2.740e-11,0.250
NGC205,18a66_212,B,174.0,4.977e-11,0.250
NGC205,18a66_212,B,178.0,7.960e-11,0.250
NGC205,18a66_212,B,182.0,4.043e-11,0.206
NGC205,18a66_212,B,186.0,1.391e-11,0.208
NGC205,18a66_212,B,190.0,1.987e-11,0.186
NGC205,18a66_212,B,194.0,9.488e-11,0.165
NGC205,18a66_212,B,198.0,1.363e-11,0.146
NGC205,18a66_212,B,202.0,9.410e-12,0.114
NGC205,18a66_212,B,206.0,9.752e-12,0.117
NGC205,18a66_212,B,210.0,1.243e-11,0.145
NGC205,18a66_212,B,214.0,1.341e-11,0.117
NGC205,18a66_212,B,218.0,1.054e-11,0.131
NGC205,18a66_212,B,222.0,9.786e-11,0.142
NGC205,18a66_212,B,226.0,2.430e-11,0.134
NGC205,18a66_212,B,230.0,3.190e-11,0.132
NGC205,18a66_212,B,234.0,1.366e-10,0.149
NGC205,18a66_212,B,238.0,3.086e-11,0.141
NGC205,18a66_212,B,242.0,2.335e-10,0.103
NGC205,18a66_212,B,246.0,1.046e-9,0.102
NGC205,18a66_212,B,250.0,8.680e-11,0.118
NGC205,18a66_212,B,254.0,1.426e-10,0.092
NGC205,18a66_212,B,258.0,5.424e-11,0.076
NGC205,18a66_212,B,262.0,5.842e-11,0.125
NGC205,18a66_212,B,266.0,1.543e-11,0.114
NGC205,18a66_212,B,270.0,4.860e-11,0.113
NGC205,18a66_212,B,274.0,6.972e-10,0.123
NGC205,18a66_212,B,278.0,7.083e-11,0.145
NGC205,18a66_212,B,282.0,7.211e-11,0.111
NGC205,18a66_212,B,286.0,6.084e-11,0.116
NGC205,18a66_212,B,290.0,2.557e-10,0.119
NGC205,18a66_212,B,294.0,1.406e-10,0.086
NGC205,18a66_212,B,298.0,6.234e-11,0.085
NGC205,18a66_212,B,302.0,3.224e-11,0.079
NGC205,18a66_212,B,306.0,1.270e-10,0.077
NGC205,18a66_212,B,310.0,1.889e-10,0.062
NGC205,18a66_212,B,314.0,1.297e-11,0.073
NGC205,18a66_212,B,318.0,1.676e-11,0.076
NGC205,18a66_212,B,322.0,1.158e-10,0.112
NGC205,18a66_212,B,326.0,1.325e-9,0.088
NGC205,18a66_212,B,330.0,8.777e-10,0.115
NGC205,18a66_212,B,334.0,1.557e-9,0.120
NGC205,18a66_212,B,338.0,3.071e-10,0.115
NGC205,18a66_212,B,342.0,3.036e-11,0.123
NGC205,18a66_212,B,346.0,3.176e-10,0.138
NGC205,18a66_212,B,350.0,5.672e-10,0.138
NGC205,18a66_212,B,354.0,7.219e-10,0.116
NGC205,18a66_212,B,358.0,5.370e-10,0.120
NGC205,18a66_212,B,362.0,3.006e-10,0.117
NGC205,18a66_212,B,366.0,3.355e-11,0.096
NGC205,18a66_212,B,370.0,3.052e-11,0.079
NGC205,18a66_212,B,374.0,1.148e-10,0.082
NGC205,18a66_212,B,378.0,7.649e-11,0.066
NGC205,18a66_212,B,382.0,5.944e-10,0.052
NGC205,18a66_212,B,386.0,5.669e-13,0.048
NGC205,18a66_212,B,390.0,1.849e-10,0.063
NGC205,18a66_212,B,394.0,8.963e-11,0.056
NGC205,18a66_212,B,398.0,2.567e-10,0.054
NGC205,18a66_212,B,402.0,2.978e-11,0.076
NGC205,18a66_212,B,406.0,3.262e-11,0.074
NGC205,18a66_212,B,410.0,5.414e-11,0.093
NGC205,18a66_212,B,414.0,1.107e-10,0.107
NGC205,18a66_212,B,418.0,4.145e-10,0.107
NGC205,18a66_212,B,422.0,7.389e-10,0.101
NGC205,18a66_212,B,426.0,3.996e-10,0.089
NGC205,18a66_212,B,430.0,3.560e-10,0.109
NGC205,18a66_212,B,434.0,2.553e-10,0.113
NGC205,18a66_212,B,438.0,7.964e-11,0.072
NGC205,18a66_212,B,442.0,1.330e-10,0.087
NGC205,18a66_212,B,446.0,1.727e-11,0.092
NGC205,18a66_212,B,450.0,2.380e-11,0.070
NGC205,18a66_212,B,454.0,8.555e-10,0.060
NGC205,18a66_212,B,458.0,2.180e-11,0.041
NGC205,18a66_212,B,462.0,1.370e-11,0.054
NGC205,18a66_212,B,466.0,5.693e-12,0.026
NGC205,18a66_212,B,470.0,2.958e-14,0.018
NGC205,18a66_212,B,474.0,6.933e-11,0.030
NGC205,18a66_212,B,478.0,8.053e-12,0.038
NGC205,18a66_212,B,482.0,4.881e-11,0.072
NGC205,18a66_212,B,486.0,2.835e-10,0.071
NGC205,18a66_212,B,490.0,1.249e-10,0.083
NGC205,18a66_212,B,494.0,8.145e-10,0.092
NGC205,18a66_212,B,498.0,9.724e-11,0.086
NGC205,18a66_212,B,502.0,3.180e-11,0.091
NGC205,18a66_212,B,506.0,6.958e-11,0.081
NGC205,18a66_212,B,510.0,3.216e-11,0.077
NGC205,18a66_212,B,514.0,5.908e-11,0.089
NGC205,18a66_212,B,518.0,1.284e-10,0.089
NGC205,18a66_212,B,522.0,1.080e-9,0.091
NGC205,18a66_212,B,526.0,3.792e-10,0.110
NGC205,18a66_212,B,530.0,3.868e-11,0.110
NGC205,18a66_212,B,534.0,4.498e-10,0.127
NGC205,18a66_212,B,538.0,8.176e-11,0.116
NGC205,18a66_212,B,542.0,1.323e-9,0.132
NGC205,18a66_212,B,546.0,3.389e-10,0.129
NGC205,18a66_212,B,550.0,1.370e-10,0.118
NGC205,18a66_212,B,554.0,3.627e-10,0.121
NGC205,18a66_212,B,558.0,1.597e-10,0.118
NGC205,18a66_212,B,562.0,2.983e-11,0.100
NGC205,18a66_212,B,566.0,5.211e-11,0.100
NGC205,18a66_212,B,570.0,2.107e-10,0.119
NGC205,18a66_212,B,574.0,1.409e-9,0.111
NGC205,18a66_212,B,578.0,1.660e-10,0.114
NGC205,18a66_212,B,582.0,7.441e-11,0.103
NGC205,18a66_212,B,586.0,3.713e-10,0.119
NGC205,18a66_212,B,590.0,8.291e-11,0.128
NGC205,18a66_212,B,594.0,1.624e-10,0.102
NGC205,18a66_212,B,598.0,1.097e-9,0.100
NGC205,18a66_212,B,602.0,8.534e-11,0.093
NGC205,18a66_212,B,606.0,8.468e-10,0.084
NGC205,18a66_212,B,610.0,3.014e-10,0.081
NGC205,18a66_212,B,614.0,8.983e-10,0.073
NGC205,18a66_212,B,618.0,9.221e-12,0.074
NGC205,18a66_212,B,622.0,4.217e-10,0.085
NGC205,18a66_212,B,626.0,2.878e-11,0.073
NGC205,18a66_212,B,630.0,1.041e-10,0.071
NGC205,18a66_212,B,634.0,8.525e-11,0.070
NGC205,18a66_212,B,638.0,3.307e-11,0.061
NGC205,18a66_212,B,642.0,6.083e-12,0.061
NGC205,18a66_212,B,646.0,2.361e-11,0.057
NGC205,18a66_212,B,650.0,1.096e-10,0.059
NGC205,18a66_212,B,654.0,6.292e-10,0.062
NGC205,18a66_212,B,658.0,5.835e-11,0.052
NGC205,18a66_212,B,662.0,1.706e-11,0.056
NGC205,18a66_212,B,666.0,1.410e-11,0.056
NGC205,18a66_212,B,670.0,2.766e-11,0.047
NGC205,18a66_212,B,674.0,4.592e-11,0.046
NGC205,18a66_212,B,678.0,1.395e-11,0.038
NGC205,18a66_212,B,682.0,5.514e-11,0.035
NGC205,18a66_212,B,686.0,1.412e-12,0.027
NGC205,18a66_212,B,690.0,4.580e-12,0.027
NGC205,18a66_212,B,694.0,2.278e-11,0.024
NGC205,18a66_212,B,698.0,9.155e-12,0.021
NGC205,18a66_212,B,702.0,1.063e-11,0.012
NGC205,18a66_212,B,706.0,5.228e-17,0.005
NGC205,18a66_212,B,710.0,5.488e-15,0.005
NGC205,18a66_212,B,718.0,1.479e-11,0.005
NGC205,18a66_212,B,722.0,5.219e-13,0.003
NGC205,18a66_212,B,726.0,2.363e-13,0.003
NGC205,18a66_212,B,730.0,2.537e-12,0.001
NGC205,18a66_212,B,734.0,2.854e-12,0.005
NGC205,18a66_212,B,738.0,4.046e-13,0.003
NGC205,18a66_212,B,742.0,8.783e-12,0.005
NGC205,18a66_212,B,746.0,1.748e-13,0.004
NGC205,18a66_212,B,750.0,3.132e-13,0.003
NGC205,18a66_212,B,754.0,6.231e-12,0.012
NGC205,18a66_212,B,758.0,9.426e-13,0.012
NGC205,18a66_212,B,762.0,1.129e-13,0.004
NGC205,18a66_212,B,766.0,9.367e-11,0.010
NGC205,18a66_212,B,770.0,6.397e-14,0.007
NGC205,18a66_212,B,774.0,3.279e-14,0.008
NGC205,18a66_212,B,778.0,7.043e-12,0.012
NGC205,18a66_212,B,782.0,8.924e-12,0.008
NGC205,18a66_212,B,786.0,2.776e-12,0.009
NGC205,18a66_212,B,790.0,6.976e-12,0.012
NGC205,18a66_212,B,794.0,1.432e-11,0.014
NGC205,18a66_212,B,798.0,5.156e-12,0.017
NGC205,18a66_212,B,802.0,2.485e-12,0.011
NGC205,18a66_212,B,806.0,4.177e-11,0.014
NGC205,18a66_212,B,810.0,4.772e-10,0.012
NGC205,18a66_212,B,814.0,2.341e-12,0.011
NGC205,18a66_212,B,818.0,2.750e-12,0.011
NGC205,18a66_212,B,822.0,1.169e-12,0.008
NGC205,18a66_212,B,826.0,5.712e-12,0.005
NGC205,18a66_212,B,830.0,2.683e-16,0.001
NGC205,18a66_212,B,842.0,3.320e-13,0.001
NGC205,18a158_212,A,2.0,1.473e-8,1.000
NGC205,18a158_212,A,6.0,1.774e-8,1.000
NGC205,18a158_212,A,10.0,1.471e-8,1.000
NGC205,18a158_212,A,14.0,1.157e-8,1.000
NGC205,18a158_212,A,18.0,9.809e-9,1.000
NGC205,18a158_212,A,22.0,8.454e-9,1.000
NGC205,18a158_212,A,26.0,7.165e-9,1.000
NGC205,18a158_212,A,30.0,6.094e-9,1.000
NGC205,18a158_212,A,34.0,5.269e-9,1.000
NGC205,18a158_212,A,38.0,4.469e-9,1.000
NGC205,18a158_212,A,42.0,3.701e-9,1.000
NGC205,18a158_212,A,46.0,3.229e-9,1.000
NGC205,18a158_212,A,50.0,2.697e-9,1.000
NGC205,18a158_212,A,54.0,2.272e-9,1.000
NGC205,18a158_212,A,58.0,1.833e-9,1.000
NGC205,18a158_212,A,62.0,2.330e-9,1.000
NGC205,18a158_212,A,66.0,1.601e-9,1.000
NGC205,18a158_212,A,70.0,1.179e-9,1.000
NGC205,18a158_212,A,74.0,9.878e-10,1.000
NGC205,18a158_212,A,78.0,8.952e-10,1.000
NGC205,18a158_212,A,82.0,8.773e-10,1.000
NGC205,18a158_212,A,86.0,7.058e-10,1.000
NGC205,18a158_212,A,90.0,6.335e-10,0.989
NGC205,18a158_212,A,94.0,5.095e-10,0.950
NGC205,18a158_212,A,98.0,4.771e-10,0.914
NGC205,18a158_212,A,102.0,4.142e-10,0.891
NGC205,18a158_212,A,106.0,4.249e-10,0.859
NGC205,18a158_212,A,110.0,3.300e-10,0.805
NGC205,18a158_212,A,114.0,3.135e-10,0.755
NGC205,18a158_212,A,118.0,2.266e-10,0.660
NGC205,18a158_212,A,122.0,1.931e-10,0.604
NGC205,18a158_212,A,126.0,1.915e-10,0.551
NGC205,18a158_212,A,130.0,2.647e-10,0.530
NGC205,18a158_212,A,134.0,1.483e-10,0.529
NGC205,18a158_212,A,138.0,1.276e-10,0.519
NGC205,18a158_212,A,142.0,2.442e-10,0.508
NGC205,18a158_212,A,146.0,1.725e-9,0.475
NGC205,18a158_212,A,150.0,1.388e-9,0.469
NGC205,18a158_212,A,154.0,4.225e-10,0.435
NGC205,18a158_212,A,158.0,9.563e-11,0.395
NGC205,18a158_212,A,162.0,5.161e-11,0.326
NGC205,18a158_212,A,166.0,4.892e-11,0.295
NGC205,18a158_212,A,170.0,5.151e-11,0.269
NGC205,18a158_212,A,174.0,8.397e-11,0.242
NGC205,18a158_212,A,178.0,1.505e-10,0.244
NGC205,18a158_212,A,182.0,7.267e-11,0.229
NGC205,18a158_212,A,186.0,2.149e-11,0.229
NGC205,18a158_212,A,190.0,2.577e-11,0.212
NGC205,18a158_212,A,194.0,6.979e-11,0.187
NGC205,18a158_212,A,198.0,1.401e-11,0.161
NGC205,18a158_212,A,202.0,1.262e-11,0.137
NGC205,18a158_212,A,206.0,1.166e-11,0.125
NGC205,18a158_212,A,210.0,1.393e-11,0.136
NGC205,18a158_212,A,214.0,1.695e-11,0.146
NGC205,18a158_212,A,218.0,3.985e-11,0.139
NGC205,18a158_212,A,222.0,1.581e-10,0.135
NGC205,18a158_212,A,226.0,1.903e-10,0.125
NGC205,18a158_212,A,230.0,1.345e-11,0.131
NGC205,18a158_212,A,234.0,3.636e-11,0.143
NGC205,18a158_212,A,238.0,1.259e-10,0.127
NGC205,18a158_212,A,242.0,6.275e-10,0.112
NGC205,18a158_212,A,246.0,3.506e-10,0.111
NGC205,18a158_212,A,250.0,4.791e-11,0.107
NGC205,18a158_212,A,254.0,1.955e-10,0.087
NGC205,18a158_212,A,258.0,8.827e-11,0.116
NGC205,18a158_212,A,262.0,1.270e-10,0.126
NGC205,18a158_212,A,266.0,3.047e-11,0.117
NGC205,18a158_212,A,270.0,2.582e-10,0.125
NGC205,18a158_212,A,274.0,1.028e-10,0.125
NGC205,18a158_212,A,278.0,1.339e-10,0.129
NGC205,18a158_212,A,282.0,8.539e-11,0.117
NGC205,18a158_212,A,286.0,9.606e-11,0.108
NGC205,18a158_212,A,290.0,1.938e-10,0.111
NGC205,18a158_212,A,294.0,1.395e-10,0.088
NGC205,18a158_212,A,298.0,7.202e-11,0.079
NGC205,18a158_212,A,302.0,3.436e-11,0.073
NGC205,18a158_212,A,306.0,4.452e-10,0.072
NGC205,18a158_212,A,310.0,5.247e-10,0.071
NGC205,18a158_212,A,314.0,2.962e-11,0.072
NGC205,18a158_212,A,318.0,2.972e-11,0.084
NGC205,18a158_212,A,322.0,4.407e-10,0.117
NGC205,18a158_212,A,326.0,5.265e-10,0.115
NGC205,18a158_212,A,330.0,4.658e-10,0.110
NGC205,18a158_212,A,334.0,1.499e-9,0.121
NGC205,18a158_212,A,338.0,9.297e-11,0.121
NGC205,18a158_212,A,342.0,9.645e-11,0.118
NGC205,18a158_212,A,346.0,4.223e-10,0.123
NGC205,18a158_212,A,350.0,9.741e-10,0.130
NGC205,18a158_212,A,354.0,5.033e-10,0.125
NGC205,18a158_212,A,358.0,7.221e-10,0.121
NGC205,18a158_212,A,362.0,9.058e-11,0.112
NGC205,18a158_212,A,366.0,1.638e-10,0.106
NGC205,18a158_212,A,370.0,3.156e-11,0.092
NGC205,18a158_212,A,374.0,9.602e-11,0.073
NGC205,18a158_212,A,378.0,6.006e-11,0.076
NGC205,18a158_212,A,382.0,2.871e-10,0.063
NGC205,18a158_212,A,386.0,4.701e-11,0.057
NGC205,18a158_212,A,390.0,7.328e-11,0.058
NGC205,18a158_212,A,394.0,3.622e-11,0.060
NGC205,18a158_212,A,398.0,4.748e-11,0.059
NGC205,18a158_212,A,402.0,1.171e-10,0.073
NGC205,18a158_212,A,406.0,1.524e-10,0.074
NGC205,18a158_212,A,410.0,3.177e-11,0.094
NGC205,18a158_212,A,414.0,1.208e-10,0.103
NGC205,18a158_212,A,418.0,6.816e-10,0.096
NGC205,18a158_212,A,422.0,4.977e-10,0.095
NGC205,18a158_212,A,426.0,5.665e-10,0.100
NGC205,18a158_212,A,430.0,6.073e-10,0.106
NGC205,18a158_212,A,434.0,4.171e-10,0.101
NGC205,18a158_212,A,438.0,1.748e-10,0.095
NGC205,18a158_212,A,442.0,7.260e-11,0.094
NGC205,18a158_212,A,446.0,4.132e-11,0.098
NGC205,18a158_212,A,450.0,2.144e-10,0.083
NGC205,18a158_212,A,454.0,2.959e-10,0.054
NGC205,18a158_212,A,458.0,5.870e-11,0.041
NGC205,18a158_212,A,462.0,4.936e-12,0.041
NGC205,18a158_212,A,466.0,7.090e-12,0.034
NGC205,18a158_212,A,470.0,1.357e-11,0.025
NGC205,18a158_212,A,474.0,1.986e-11,0.034
NGC205,18a158_212,A,478.0,1.816e-11,0.046
NGC205,18a158_212,A,482.0,6.740e-11,0.062
NGC205,18a158_212,A,486.0,8.735e-11,0.076
NGC205,18a158_212,A,490.0,1.097e-10,0.081
NGC205,18a158_212,A,494.0,5.993e-10,0.086
NGC205,18a158_212,A,498.0,1.710e-10,0.082
NGC205,18a158_212,A,502.0,3.629e-11,0.087
NGC205,18a158_212,A,506.0,8.431e-11,0.094
NGC205,18a158_212,A,510.0,7.110e-11,0.085
NGC205,18a158_212,A,514.0,9.694e-11,0.090
NGC205,18a158_212,A,518.0,2.943e-10,0.094
NGC205,18a158_212,A,522.0,3.947e-10,0.094
NGC205,18a158_212,A,526.0,6.122e-10,0.107
NGC205,18a158_212,A,530.0,2.663e-10,0.116
NGC205,18a158_212,A,534.0,1.256e-10,0.133
NGC205,18a158_212,A,538.0,1.243e-10,0.127
NGC205,18a158_212,A,542.0,6.149e-10,0.122
NGC205,18a158_212,A,546.0,1.865e-10,0.123
NGC205,18a158_212,A,550.0,3.605e-10,0.123
NGC205,18a158_212,A,554.0,3.019e-10,0.113
NGC205,18a158_212,A,558.0,4.921e-10,0.105
NGC205,18a158_212,A,562.0,1.013e-10,0.102
NGC205,18a158_212,A,566.0,4.104e-11,0.105
NGC205,18a158_212,A,570.0,1.316e-10,0.105
NGC205,18a158_212,A,574.0,7.430e-10,0.116
NGC205,18a158_212,A,578.0,4.570e-10,0.108
NGC205,18a158_212,A,582.0,1.429e-10,0.122
NGC205,18a158_212,A,586.0,1.811e-10,0.129
NGC205,18a158_212,A,590.0,6.309e-10,0.130
NGC205,18a158_212,A,594.0,2.409e-10,0.118
NGC205,18a158_212,A,598.0,4.447e-10,0.110
NGC205,18a158_212,A,602.0,2.016e-10,0.094
NGC205,18a158_212,A,606.0,4.395e-10,0.084
NGC205,18a158_212,A,610.0,3.913e-10,0.073
NGC205,18a158_212,A,614.0,3.774e-10,0.064
NGC205,18a158_212,A,618.0,2.662e-10,0.064
NGC205,18a158_212,A,622.0,6.748e-11,0.073
NGC205,18a158_212,A,626.0,7.808e-11,0.075
NGC205,18a158_212,A,630.0,5.819e-11,0.075
NGC205,18a158_212,A,634.0,2.951e-10,0.066
NGC205,18a158_212,A,638.0,7.615e-11,0.062
NGC205,18a158_212,A,642.0,3.524e-11,0.055
NGC205,18a158_212,A,646.0,4.967e-11,0.055
NGC205,18a158_212,A,650.0,3.226e-10,0.056
NGC205,18a158_212,A,654.0,2.338e-10,0.054
NGC205,18a158_212,A,658.0,8.456e-11,0.053
NGC205,18a158_212,A,662.0,6.640e-11,0.052
NGC205,18a158_212,A,666.0,4.658e-11,0.050
NGC205,18a158_212,A,670.0,1.830e-11,0.043
NGC205,18a158_212,A,674.0,4.027e-11,0.044
NGC205,18a158_212,A,678.0,2.553e-11,0.038
NGC205,18a158_212,A,682.0,2.634e-11,0.037
NGC205,18a158_212,A,686.0,1.197e-11,0.035
NGC205,18a158_212,A,690.0,1.865e-11,0.027
NGC205,18a158_212,A,694.0,6.143e-11,0.027
NGC205,18a158_212,A,698.0,1.861e-11,0.022
NGC205,18a158_212,A,702.0,3.240e-12,0.014
NGC205,18a158_212,A,706.0,2.256e-13,0.008
NGC205,18a158_212,A,710.0,3.849e-15,0.004
NGC205,18a158_212,A,714.0,3.266e-12,0.002
NGC205,18a158_212,A,718.0,4.439e-12,0.003
NGC205,18a158_212,A,722.0,6.505e-13,0.001
NGC205,18a158_212,A,726.0,5.777e-12,0.003
NGC205,18a158_212,A,730.0,5.585e-12,0.004
NGC205,18a158_212,A,734.0,7.076e-12,0.005
NGC205,18a158_212,A,738.0,4.312e-12,0.004
NGC205,18a158_212,A,742.0,3.401e-13,0.005
NGC205,18a158_212,A,746.0,3.049e-12,0.007
NGC205,18a158_212,A,750.0,5.511e-12,0.006
NGC205,18a158_212,A,754.0,1.073e-11,0.010
NGC205,18a158_212,A,758.0,1.088e-11,0.010
NGC205,18a158_212,A,762.0,3.836e-11,0.007
NGC205,18a158_212,A,766.0,9.123e-13,0.008
NGC205,18a158_212,A,770.0,1.861e-14,0.005
NGC205,18a158_212,A,774.0,1.737e-12,0.005
NGC205,18a158_212,A,778.0,4.598e-12,0.005
NGC205,18a158_212,A,782.0,7.830e-12,0.008
NGC205,18a158_212,A,786.0,3.862e-12,0.011
NGC205,18a158_212,A,790.0,1.638e-11,0.010
NGC205,18a158_212,A,794.0,4.431e-11,0.018
NGC205,18a158_212,A,798.0,7.137e-12,0.014
NGC205,18a158_212,B,2.0,1.473e-8,1.000
NGC205,18a158_212,B,6.0,1.774e-8,1.000
NGC205,18a158_212,B,10.0,1.471e-8,1.000
NGC205,18a158_212,B,14.0,1.157e-8,1.000
NGC205,18a158_212,B,18.0,9.808e-9,1.000
NGC205,18a158_212,B,22.0,8.411e-9,1.000
NGC205,18a158_212,B,26.0,7.018e-9,1.000
NGC205,18a158_212,B,30.0,5.826e-9,1.000
NGC205,18a158_212,B,34.0,4.911e-9,1.000
NGC205,18a158_212,B,38.0,4.007e-9,1.000
NGC205,18a158_212,B,42.0,3.093e-9,1.000
NGC205,18a158_212,B,46.0,2.534e-9,1.000
NGC205,18a158_212,B,50.0,2.029e-9,1.000
NGC205,18a158_212,B,54.0,1.645e-9,1.000
NGC205,18a158_212,B,58.0,1.288e-9,1.000
NGC205,18a158_212,B,62.0,1.842e-9,1.000
NGC205,18a158_212,B,66.0,1.161e-9,1.000
NGC205,18a158_212,B,70.0,7.696e-10,1.000
NGC205,18a158_212,B,74.0,6.210e-10,1.000
NGC205,18a158_212,B,78.0,5.351e-10,0.998
NGC205,18a158_212,B,82.0,5.489e-10,0.921
NGC205,18a158_212,B,86.0,4.006e-10,0.890
NGC205,18a158_212,B,90.0,3.542e-10,0.876
NGC205,18a158_212,B,94.0,2.724e-10,0.809
NGC205,18a158_212,B,98.0,2.531e-10,0.746
NGC205,18a158_212,B,102.0,2.172e-10,0.633
NGC205,18a158_212,B,106.0,2.485e-10,0.598
NGC205,18a158_212,B,110.0,1.734e-10,0.542
NGC205,18a158_212,B,114.0,1.737e-10,0.510
NGC205,18a158_212,B,118.0,1.067e-10,0.476
NGC205,18a158_212,B,122.0,8.807e-11,0.441
NGC205,18a158_212,B,126.0,9.868e-11,0.394
NGC205,18a158_212,B,130.0,1.788e-10,0.392
NGC205,18a158_212,B,134.0,7.135e-11,0.373
NGC205,18a158_212,B,138.0,6.499e-11,0.370
NGC205,18a158_212,B,142.0,1.853e-10,0.367
NGC205,18a158_212,B,146.0,1.675e-9,0.347
NGC205,18a158_212,B,150.0,1.340e-9,0.323
NGC205,18a158_212,B,154.0,3.809e-10,0.269
NGC205,18a158_212,B,158.0,5.869e-11,0.240
NGC205,18a158_212,B,162.0,2.212e-11,0.185
NGC205,18a158_212,B,166.0,2.092e-11,0.145
NGC205,18a158_212,B,170.0,2.399e-11,0.123
NGC205,18a158_212,B,174.0,5.840e-11,0.087
NGC205,18a158_212,B,178.0,1.242e-10,0.091
NGC205,18a158_212,B,182.0,5.348e-11,0.073
NGC205,18a158_212,B,186.0,5.293e-12,0.067
NGC205,18a158_212,B,190.0,1.013e-11,0.060
NGC205,18a158_212,B,194.0,5.246e-11,0.054
NGC205,18a158_212,B,198.0,1.430e-12,0.041
NGC205,18a158_212,B,202.0,1.219e-12,0.033
NGC205,18a158_212,B,206.0,1.155e-12,0.022
NGC205,18a158_212,B,210.0,3.406e-12,0.042
NGC205,18a158_212,B,214.0,5.007e-12,0.061
NGC205,18a158_212,B,218.0,2.518e-11,0.061
NGC205,18a158_212,B,222.0,1.467e-10,0.062
NGC205,18a158_212,B,226.0,1.808e-10,0.060
NGC205,18a158_212,B,230.0,6.247e-12,0.066
NGC205,18a158_212,B,234.0,2.774e-11,0.082
NGC205,18a158_212,B,238.0,1.155e-10,0.070
NGC205,18a158_212,B,242.0,6.212e-10,0.067
NGC205,18a158_212,B,246.0,3.443e-10,0.068
NGC205,18a158_212,B,250.0,4.215e-11,0.072
NGC205,18a158_212,B,254.0,1.921e-10,0.064
NGC205,18a158_212,B,258.0,8.208e-11,0.072
NGC205,18a158_212,B,262.0,1.200e-10,0.087
NGC205,18a158_212,B,266.0,2.398e-11,0.085
NGC205,18a158_212,B,270.0,2.496e-10,0.086
NGC205,18a158_212,B,274.0,9.469e-11,0.077
NGC205,18a158_212,B,278.0,1.266e-10,0.092
NGC205,18a158_212,B,282.0,7.796e-11,0.102
NGC205,18a158_212,B,286.0,8.828e-11,0.093
NGC205,18a158_212,B,290.0,1.862e-10,0.089
NGC205,18a158_212,B,294.0,1.308e-10,0.078
NGC205,18a158_212,B,298.0,6.923e-11,0.075
NGC205,18a158_212,B,302.0,3.281e-11,0.056
NGC205,18a158_212,B,306.0,4.440e-10,0.052
NGC205,18a158_212,B,310.0,5.212e-10,0.054
NGC205,18a158_212,B,314.0,2.329e-11,0.055
NGC205,18a158_212,B,318.0,2.726e-11,0.062
NGC205,18a158_212,B,322.0,4.374e-10,0.072
NGC205,18a158_212,B,326.0,5.208e-10,0.077
NGC205,18a158_212,B,330.0,4.600e-10,0.081
NGC205,18a158_212,B,334.0,1.495e-9,0.087
NGC205,18a158_212,B,338.0,9.047e-11,0.092
NGC205,18a158_212,B,342.0,9.525e-11,0.093
NGC205,18a158_212,B,346.0,4.192e-10,0.110
NGC205,18a158_212,B,350.0,9.705e-10,0.112
NGC205,18a158_212,B,354.0,4.990e-10,0.116
NGC205,18a158_212,B,358.0,7.140e-10,0.112
NGC205,18a158_212,B,362.0,8.547e-11,0.091
NGC205,18a158_212,B,366.0,1.583e-10,0.087
NGC205,18a158_212,B,370.0,2.600e-11,0.069
NGC205,18a158_212,B,374.0,9.044e-11,0.053
NGC205,18a158_212,B,378.0,5.286e-11,0.049
NGC205,18a158_212,B,382.0,2.849e-10,0.031
NGC205,18a158_212,B,386.0,4.280e-11,0.029
NGC205,18a158_212,B,390.0,6.794e-11,0.035
NGC205,18a158_212,B,394.0,3.248e-11,0.041
NGC205,18a158_212,B,398.0,4.445e-11,0.041
NGC205,18a158_212,B,402.0,1.107e-10,0.053
NGC205,18a158_212,B,406.0,1.484e-10,0.062
NGC205,18a158_212,B,410.0,2.718e-11,0.079
NGC205,18a158_212,B,414.0,1.173e-10,0.088
NGC205,18a158_212,B,418.0,6.777e-10,0.087
NGC205,18a158_212,B,422.0,4.914e-10,0.084
NGC205,18a158_212,B,426.0,5.600e-10,0.079
NGC205,18a158_212,B,430.0,6.038e-10,0.076
NGC205,18a158_212,B,434.0,4.122e-10,0.072
NGC205,18a158_212,B,438.0,1.679e-10,0.073
NGC205,18a158_212,B,442.0,6.638e-11,0.071
NGC205,18a158_212,B,446.0,3.483e-11,0.070
NGC205,18a158_212,B,450.0,2.078e-10,0.057
NGC205,18a158_212,B,454.0,2.918e-10,0.039
NGC205,18a158_212,B,458.0,5.587e-11,0.034
NGC205,18a158_212,B,462.0,2.787e-12,0.032
NGC205,18a158_212,B,466.0,4.280e-12,0.022
NGC205,18a158_212,B,470.0,1.146e-11,0.012
NGC205,18a158_212,B,474.0,1.776e-11,0.017
NGC205,18a158_212,B,478.0,1.583e-11,0.024
NGC205,18a158_212,B,482.0,6.332e-11,0.035
NGC205,18a158_212,B,486.0,8.292e-11,0.049
NGC205,18a158_212,B,490.0,1.050e-10,0.054
NGC205,18a158_212,B,494.0,5.936e-10,0.062
NGC205,18a158_212,B,498.0,1.661e-10,0.061
NGC205,18a158_212,B,502.0,3.028e-11,0.057
NGC205,18a158_212,B,506.0,7.980e-11,0.062
NGC205,18a158_212,B,510.0,6.685e-11,0.067
NGC205,18a158_212,B,514.0,9.193e-11,0.076
NGC205,18a158_212,B,518.0,2.905e-10,0.075
NGC205,18a158_212,B,522.0,3.895e-10,0.076
NGC205,18a158_212,B,526.0,6.053e-10,0.088
NGC205,18a158_212,B,530.0,2.585e-10,0.096
NGC205,18a158_212,B,534.0,1.205e-10,0.106
NGC205,18a158_212,B,538.0,1.197e-10,0.097
NGC205,18a158_212,B,542.0,6.106e-10,0.087
NGC205,18a158_212,B,546.0,1.813e-10,0.092
NGC205,18a158_212,B,550.0,3.550e-10,0.096
NGC205,18a158_212,B,554.0,2.962e-10,0.088
NGC205,18a158_212,B,558.0,4.871e-10,0.075
NGC205,18a158_212,B,562.0,9.533e-11,0.076
NGC205,18a158_212,B,566.0,3.694e-11,0.083
NGC205,18a158_212,B,570.0,1.259e-10,0.087
NGC205,18a158_212,B,574.0,7.381e-10,0.081
NGC205,18a158_212,B,578.0,4.524e-10,0.082
NGC205,18a158_212,B,582.0,1.373e-10,0.092
NGC205,18a158_212,B,586.0,1.770e-10,0.097
NGC205,18a158_212,B,590.0,6.246e-10,0.092
NGC205,18a158_212,B,594.0,2.348e-10,0.081
NGC205,18a158_212,B,598.0,4.409e-10,0.076
NGC205,18a158_212,B,602.0,1.988e-10,0.079
NGC205,18a158_212,B,606.0,4.369e-10,0.073
NGC205,18a158_212,B,610.0,3.876e-10,0.065
NGC205,18a158_212,B,614.0,3.748e-10,0.055
NGC205,18a158_212,B,618.0,2.652e-10,0.052
NGC205,18a158_212,B,622.0,6.480e-11,0.059
NGC205,18a158_212,B,626.0,7.595e-11,0.061
NGC205,18a158_212,B,630.0,5.436e-11,0.060
NGC205,18a158_212,B,634.0,2.912e-10,0.054
NGC205,18a158_212,B,638.0,7.244e-11,0.051
NGC205,18a158_212,B,642.0,3.310e-11,0.049
NGC205,18a158_212,B,646.0,4.897e-11,0.045
NGC205,18a158_212,B,650.0,3.200e-10,0.045
NGC205,18a158_212,B,654.0,2.310e-10,0.041
NGC205,18a158_212,B,658.0,8.165e-11,0.039
NGC205,18a158_212,B,662.0,6.394e-11,0.036
NGC205,18a158_212,B,666.0,4.486e-11,0.029
NGC205,18a158_212,B,670.0,1.633e-11,0.028
NGC205,18a158_212,B,674.0,3.763e-11,0.024
NGC205,18a158_212,B,678.0,2.380e-11,0.022
NGC205,18a158_212,B,682.0,2.496e-11,0.018
NGC205,18a158_212,B,686.0,1.058e-11,0.020
NGC205,18a158_212,B,690.0,1.739e-11,0.019
NGC205,18a158_212,B,694.0,5.972e-11,0.020
NGC205,18a158_212,B,698.0,1.633e-11,0.016
NGC205,18a158_212,B,702.0,2.114e-12,0.011
NGC205,18a158_212,B,706.0,9.476e-14,0.007
NGC205,18a158_212,B,710.0,4.933e-16,0.003
NGC205,18a158_212,B,714.0,2.561e-12,0.002
NGC205,18a158_212,B,718.0,2.982e-12,0.002
NGC205,18a158_212,B,722.0,3.940e-13,0.001
NGC205,18a158_212,B,726.0,4.974e-12,0.002
NGC205,18a158_212,B,730.0,3.799e-12,0.003
NGC205,18a158_212,B,734.0,5.527e-12,0.003
NGC205,18a158_212,B,738.0,3.034e-12,0.002
NGC205,18a158_212,B,742.0,1.475e-13,0.001
NGC205,18a158_212,B,746.0,2.582e-12,0.004
NGC205,18a158_212,B,750.0,5.094e-12,0.004
NGC205,18a158_212,B,754.0,9.356e-12,0.008
NGC205,18a158_212,B,758.0,9.126e-12,0.009
NGC205,18a158_212,B,762.0,3.756e-11,0.007
NGC205,18a158_212,B,766.0,4.739e-13,0.006
NGC205,18a158_212,B,770.0,4.190e-15,0.003
NGC205,18a158_212,B,774.0,1.033e-12,0.003
NGC205,18a158_212,B,778.0,3.256e-12,0.003
NGC205,18a158_212,B,782.0,6.717e-12,0.007
NGC205,18a158_212,B,786.0,3.517e-12,0.008
NGC205,18a158_212,B,790.0,1.593e-11,0.009
NGC205,18a158_212,B,794.0,4.329e-11,0.016
NGC205,18a158_212,B,798.0,6.227e-12,0.012
NGC205,12a152_212,A,2.0,1.472e-8,1.000
NGC205,12a152_212,A,6.0,1.819e-8,1.000
NGC205,12a152_212,A,10.0,1.491e-8,1.000
NGC205,12a152_212,A,14.0,1.145e-8,1.000
NGC205,12a152_212,A,18.0,9.892e-9,1.000
NGC205,12a152_212,A,22.0,8.500e-9,1.000
NGC205,12a152_212,A,26.0,7.227e-9,1.000
NGC205,12a152_212,A,30.0,5.990e-9,1.000
NGC205,12a152_212,A,34.0,5.092e-9,1.000
NGC205,12a152_212,A,38.0,4.334e-9,1.000
NGC205,12a152_212,A,42.0,3.525e-9,1.000
NGC205,12a152_212,A,46.0,2.945e-9,1.000
NGC205,12a152_212,A,50.0,2.432e-9,1.000
NGC205,12a152_212,A,54.0,1.981e-9,1.000
NGC205,12a152_212,A,58.0,1.562e-9,1.000
NGC205,12a152_212,A,62.0,2.141e-9,1.000
NGC205,12a152_212,A,66.0,1.352e-9,1.000
NGC205,12a152_212,A,70.0,9.657e-10,1.000
NGC205,12a152_212,A,74.0,8.095e-10,1.000
NGC205,12a152_212,A,78.0,7.151e-10,1.000
NGC205,12a152_212,A,82.0,7.135e-10,1.000
NGC205,12a152_212,A,86.0,5.532e-10,0.983
NGC205,12a152_212,A,90.0,4.838e-10,0.931
NGC205,12a152_212,A,94.0,3.921e-10,0.881
NGC205,12a152_212,A,98.0,3.528e-10,0.854
NGC205,12a152_212,A,102.0,3.209e-10,0.804
NGC205,12a152_212,A,106.0,3.338e-10,0.744
NGC205,12a152_212,A,110.0,2.433e-10,0.657
NGC205,12a152_212,A,114.0,2.479e-10,0.619
NGC205,12a152_212,A,118.0,1.574e-10,0.551
NGC205,12a152_212,A,122.0,1.325e-10,0.498
NGC205,12a152_212,A,126.0,1.597e-10,0.474
NGC205,12a152_212,A,130.0,2.458e-10,0.458
NGC205,12a152_212,A,134.0,9.994e-11,0.458
NGC205,12a152_212,A,138.0,1.015e-10,0.462
NGC205,12a152_212,A,142.0,3.120e-10,0.430
NGC205,12a152_212,A,146.0,1.600e-9,0.418
NGC205,12a152_212,A,150.0,1.266e-9,0.385
NGC205,12a152_212,A,154.0,2.982e-10,0.362
NGC205,12a152_212,A,158.0,7.135e-11,0.329
NGC205,12a152_212,A,162.0,3.668e-11,0.277
NGC205,12a152_212,A,166.0,3.678e-11,0.219
NGC205,12a152_212,A,170.0,3.537e-11,0.204
NGC205,12a152_212,A,174.0,6.008e-11,0.181
NGC205,12a152_212,A,178.0,1.351e-10,0.171
NGC205,12a152_212,A,182.0,6.484e-11,0.158
NGC205,12a152_212,A,186.0,1.219e-11,0.138
NGC205,12a152_212,A,190.0,2.967e-11,0.123
NGC205,12a152_212,A,194.0,4.645e-11,0.113
NGC205,12a152_212,A,198.0,6.164e-12,0.093
NGC205,12a152_212,A,202.0,5.874e-12,0.087
NGC205,12a152_212,A,206.0,3.898e-12,0.076
NGC205,12a152_212,A,210.0,6.431e-12,0.091
NGC205,12a152_212,A,214.0,9.178e-12,0.116
NGC205,12a152_212,A,218.0,3.547e-11,0.107
NGC205,12a152_212,A,222.0,1.761e-10,0.097
NGC205,12a152_212,A,226.0,1.254e-10,0.094
NGC205,12a152_212,A,230.0,9.229e-12,0.099
NGC205,12a152_212,A,234.0,4.628e-11,0.121
NGC205,12a152_212,A,238.0,9.444e-11,0.085
NGC205,12a152_212,A,242.0,7.287e-10,0.069
NGC205,12a152_212,A,246.0,3.338e-10,0.074
NGC205,12a152_212,A,250.0,5.062e-11,0.082
NGC205,12a152_212,A,254.0,2.189e-10,0.067
NGC205,12a152_212,A,258.0,6.185e-11,0.086
NGC205,12a152_212,A,262.0,1.201e-10,0.101
NGC205,12a152_212,A,266.0,3.194e-11,0.088
NGC205,12a152_212,A,270.0,1.914e-10,0.100
NGC205,12a152_212,A,274.0,1.215e-10,0.091
NGC205,12a152_212,A,278.0,1.253e-10,0.110
NGC205,12a152_212,A,282.0,6.115e-11,0.095
NGC205,12a152_212,A,286.0,9.707e-11,0.095
NGC205,12a152_212,A,290.0,1.830e-10,0.088
NGC205,12a152_212,A,294.0,1.391e-10,0.082
NGC205,12a152_212,A,298.0,8.350e-11,0.083
NGC205,12a152_212,A,302.0,2.277e-11,0.070
NGC205,12a152_212,A,306.0,5.524e-10,0.075
NGC205,12a152_212,A,310.0,3.584e-10,0.061
NGC205,12a152_212,A,314.0,5.070e-11,0.065
NGC205,12a152_212,A,318.0,3.350e-11,0.079
NGC205,12a152_212,A,322.0,5.361e-10,0.085
NGC205,12a152_212,A,326.0,5.485e-10,0.082
NGC205,12a152_212,A,330.0,3.921e-10,0.085
NGC205,12a152_212,A,334.0,1.399e-9,0.096
NGC205,12a152_212,A,338.0,1.408e-10,0.099
NGC205,12a152_212,A,342.0,8.925e-11,0.101
NGC205,12a152_212,A,346.0,4.688e-10,0.120
NGC205,12a152_212,A,350.0,9.548e-10,0.115
NGC205,12a152_212,A,354.0,7.248e-10,0.120
NGC205,12a152_212,A,358.0,5.912e-10,0.116
NGC205,12a152_212,A,362.0,8.755e-11,0.101
NGC205,12a152_212,A,366.0,1.723e-10,0.102
NGC205,12a152_212,A,370.0,2.220e-11,0.084
NGC205,12a152_212,A,374.0,9.660e-11,0.070
NGC205,12a152_212,A,378.0,4.902e-11,0.073
NGC205,12a152_212,A,382.0,3.074e-10,0.051
NGC205,12a152_212,A,386.0,4.198e-11,0.048
NGC205,12a152_212,A,390.0,8.088e-11,0.052
NGC205,12a152_212,A,394.0,3.286e-11,0.052
NGC205,12a152_212,A,398.0,5.618e-11,0.050
NGC205,12a152_212,A,402.0,1.082e-10,0.060
NGC205,12a152_212,A,406.0,1.414e-10,0.064
NGC205,12a152_212,A,410.0,3.499e-11,0.085
NGC205,12a152_212,A,414.0,1.230e-10,0.090
NGC205,12a152_212,A,418.0,6.623e-10,0.097
NGC205,12a152_212,A,422.0,5.597e-10,0.091
NGC205,12a152_212,A,426.0,4.764e-10,0.084
NGC205,12a152_212,A,430.0,5.912e-10,0.090
NGC205,12a152_212,A,434.0,5.415e-10,0.087
NGC205,12a152_212,A,438.0,1.783e-10,0.079
NGC205,12a152_212,A,442.0,6.306e-11,0.081
NGC205,12a152_212,A,446.0,4.666e-11,0.081
NGC205,12a152_212,A,450.0,3.073e-10,0.067
NGC205,12a152_212,A,454.0,1.946e-10,0.047
NGC205,12a152_212,A,458.0,4.501e-11,0.036
NGC205,12a152_212,A,462.0,5.068e-12,0.039
NGC205,12a152_212,A,466.0,4.006e-12,0.028
NGC205,12a152_212,A,470.0,1.276e-11,0.014
NGC205,12a152_212,A,474.0,1.429e-11,0.021
NGC205,12a152_212,A,478.0,1.248e-11,0.025
NGC205,12a152_212,A,482.0,7.359e-11,0.043
NGC205,12a152_212,A,486.0,8.392e-11,0.054
NGC205,12a152_212,A,490.0,9.321e-11,0.056
NGC205,12a152_212,A,494.0,5.444e-10,0.065
NGC205,12a152_212,A,498.0,2.039e-10,0.067
NGC205,12a152_212,A,502.0,5.008e-11,0.072
NGC205,12a152_212,A,506.0,5.886e-11,0.067
NGC205,12a152_212,A,510.0,5.280e-11,0.075
NGC205,12a152_212,A,514.0,1.192e-10,0.094
NGC205,12a152_212,A,518.0,2.516e-10,0.087
NGC205,12a152_212,A,522.0,5.281e-10,0.095
NGC205,12a152_212,A,526.0,6.232e-10,0.102
NGC205,12a152_212,A,530.0,2.398e-10,0.115
NGC205,12a152_212,A,534.0,1.571e-10,0.125
NGC205,12a152_212,A,538.0,1.350e-10,0.122
NGC205,12a152_212,A,542.0,6.267e-10,0.111
NGC205,12a152_212,A,546.0,1.897e-10,0.110
NGC205,12a152_212,A,550.0,3.427e-10,0.108
NGC205,12a152_212,A,554.0,3.668e-10,0.103
NGC205,12a152_212,A,558.0,4.379e-10,0.090
NGC205,12a152_212,A,562.0,1.719e-10,0.084
NGC205,12a152_212,A,566.0,2.947e-11,0.089
NGC205,12a152_212,A,570.0,9.356e-11,0.095
NGC205,12a152_212,A,574.0,8.619e-10,0.096
NGC205,12a152_212,A,578.0,3.676e-10,0.090
NGC205,12a152_212,A,582.0,1.262e-10,0.108
NGC205,12a152_212,A,586.0,1.927e-10,0.112
NGC205,12a152_212,A,590.0,6.335e-10,0.108
NGC205,12a152_212,A,594.0,3.214e-10,0.090
NGC205,12a152_212,A,598.0,4.337e-10,0.090
NGC205,12a152_212,A,602.0,2.836e-10,0.084
NGC205,12a152_212,A,606.0,2.758e-10,0.079
NGC205,12a152_212,A,610.0,5.113e-10,0.067
NGC205,12a152_212,A,614.0,3.312e-10,0.060
NGC205,12a152_212,A,618.0,1.405e-10,0.056
NGC205,12a152_212,A,622.0,2.162e-10,0.065
NGC205,12a152_212,A,626.0,7.537e-11,0.069
NGC205,12a152_212,A,630.0,9.816e-11,0.068
NGC205,12a152_212,A,634.0,2.358e-10,0.057
NGC205,12a152_212,A,638.0,1.347e-10,0.059
NGC205,12a152_212,A,642.0,2.825e-11,0.052
NGC205,12a152_212,A,646.0,4.179e-11,0.052
NGC205,12a152_212,A,650.0,2.530e-10,0.052
NGC205,12a152_212,A,654.0,2.738e-10,0.048
NGC205,12a152_212,A,658.0,5.461e-11,0.043
NGC205,12a152_212,A,662.0,1.091e-10,0.040
NGC205,12a152_212,A,666.0,2.336e-11,0.032
NGC205,12a152_212,A,670.0,1.581e-11,0.029
NGC205,12a152_212,A,674.0,3.924e-11,0.031
NGC205,12a152_212,A,678.0,2.550e-11,0.024
NGC205,12a152_212,A,682.0,3.513e-11,0.023
NGC205,12a152_212,A,686.0,5.263e-12,0.023
NGC205,12a152_212,A,690.0,1.739e-11,0.023
NGC205,12a152_212,A,694.0,5.613e-11,0.023
NGC205,12a152_212,A,698.0,2.471e-11,0.019
NGC205,12a152_212,A,702.0,2.499e-12,0.012
NGC205,12a152_212,A,706.0,1.692e-13,0.008
NGC205,12a152_212,A,710.0,1.079e-15,0.004
NGC205,12a152_212,A,714.0,3.852e-12,0.003
NGC205,12a152_212,A,718.0,2.991e-12,0.002
NGC205,12a152_212,A,722.0,1.091e-12,0.001
NGC205,12a152_212,A,726.0,4.196e-12,0.002
NGC205,12a152_212,A,730.0,6.598e-12,0.004
NGC205,12a152_212,A,734.0,9.139e-12,0.004
NGC205,12a152_212,A,738.0,3.331e-12,0.003
NGC205,12a152_212,A,742.0,4.242e-13,0.003
NGC205,12a152_212,A,746.0,2.025e-12,0.005
NGC205,12a152_212,A,750.0,4.639e-12,0.005
NGC205,12a152_212,A,754.0,1.263e-11,0.009
NGC205,12a152_212,A,758.0,5.574e-12,0.009
NGC205,12a152_212,A,762.0,3.261e-11,0.007
NGC205,12a152_212,A,766.0,3.898e-12,0.007
NGC205,12a152_212,A,770.0,5.109e-15,0.004
NGC205,12a152_212,A,774.0,1.623e-12,0.004
NGC205,12a152_212,A,778.0,5.124e-12,0.004
NGC205,12a152_212,A,782.0,7.837e-12,0.005
NGC205,12a152_212,A,786.0,3.326e-12,0.006
NGC205,12a152_212,A,790.0,2.315e-11,0.013
NGC205,12a152_212,A,794.0,3.781e-11,0.013
NGC205,12a152_212,A,798.0,6.578e-12,0.019
NGC205,12a152_212,A,802.0,2.766e-11,0.011
NGC205,12a152_212,A,806.0,4.367e-10,0.014
NGC205,12a152_212,A,810.0,2.734e-11,0.007
NGC205,12a152_212,A,814.0,1.403e-12,0.007
NGC205,12a152_212,A,818.0,1.560e-12,0.004
NGC205,12a152_212,A,822.0,1.043e-11,0.004
NGC205,12a152_212,A,826.0,1.399e-12,0.002
NGC205,12a152_212,B,2.0,1.472e-8,1.000
NGC205,12a152_212,B,6.0,1.819e-8,1.000
NGC205,12a152_212,B,10.0,1.491e-8,1.000
NGC205,12a152_212,B,14.0,1.144e-8,1.000
NGC205,12a152_212,B,18.0,9.744e-9,1.000
NGC205,12a152_212,B,22.0,8.191e-9,1.000
NGC205,12a152_212,B,26.0,6.762e-9,1.000
NGC205,12a152_212,B,30.0,5.332e-9,1.000
NGC205,12a152_212,B,34.0,4.219e-9,1.000
NGC205,12a152_212,B,38.0,3.361e-9,1.000
NGC205,12a152_212,B,42.0,2.506e-9,1.000
NGC205,12a152_212,B,46.0,2.017e-9,1.000
NGC205,12a152_212,B,50.0,1.650e-9,1.000
NGC205,12a152_212,B,54.0,1.309e-9,1.000
NGC205,12a152_212,B,58.0,1.006e-9,1.000
NGC205,12a152_212,B,62.0,1.663e-9,1.000
NGC205,12a152_212,B,66.0,9.140e-10,1.000
NGC205,12a152_212,B,70.0,5.621e-10,0.997
NGC205,12a152_212,B,74.0,4.526e-10,0.909
NGC205,12a152_212,B,78.0,3.807e-10,0.878
NGC205,12a152_212,B,82.0,4.015e-10,0.863
NGC205,12a152_212,B,86.0,2.736e-10,0.806
NGC205,12a152_212,B,90.0,2.309e-10,0.732
NGC205,12a152_212,B,94.0,1.790e-10,0.605
NGC205,12a152_212,B,98.0,1.572e-10,0.581
NGC205,12a152_212,B,102.0,1.499e-10,0.525
NGC205,12a152_212,B,106.0,1.672e-10,0.500
NGC205,12a152_212,B,110.0,1.017e-10,0.470
NGC205,12a152_212,B,114.0,1.235e-10,0.440
NGC205,12a152_212,B,118.0,5.336e-11,0.394
NGC205,12a152_212,B,122.0,4.107e-11,0.359
NGC205,12a152_212,B,126.0,7.682e-11,0.323
NGC205,12a152_212,B,130.0,1.707e-10,0.304
NGC205,12a152_212,B,134.0,3.238e-11,0.275
NGC205,12a152_212,B,138.0,4.388e-11,0.241
NGC205,12a152_212,B,142.0,2.646e-10,0.208
NGC205,12a152_212,B,146.0,1.556e-9,0.210
NGC205,12a152_212,B,150.0,1.228e-9,0.173
NGC205,12a152_212,B,154.0,2.688e-10,0.152
NGC205,12a152_212,B,158.0,4.265e-11,0.119
NGC205,12a152_212,B,162.0,1.825e-11,0.073
NGC205,12a152_212,B,166.0,1.560e-11,0.064
NGC205,12a152_212,B,170.0,1.606e-11,0.042
NGC205,12a152_212,B,174.0,4.469e-11,0.036
NGC205,12a152_212,B,178.0,1.159e-10,0.040
NGC205,12a152_212,B,182.0,5.271e-11,0.031
NGC205,12a152_212,B,186.0,2.662e-12,0.030
NGC205,12a152_212,B,190.0,1.590e-11,0.030
NGC205,12a152_212,B,194.0,3.630e-11,0.017
NGC205,12a152_212,B,198.0,2.192e-13,0.004
NGC205,12a152_212,B,202.0,1.828e-13,0.003
NGC205,12a152_212,B,206.0,2.272e-14,0.001
NGC205,12a152_212,B,210.0,1.025e-12,0.028
NGC205,12a152_212,B,214.0,2.102e-12,0.044
NGC205,12a152_212,B,218.0,2.390e-11,0.049
NGC205,12a152_212,B,222.0,1.674e-10,0.046
NGC205,12a152_212,B,226.0,1.166e-10,0.054
NGC205,12a152_212,B,230.0,4.551e-12,0.059
NGC205,12a152_212,B,234.0,3.878e-11,0.080
NGC205,12a152_212,B,238.0,8.786e-11,0.062
NGC205,12a152_212,B,242.0,7.229e-10,0.058
NGC205,12a152_212,B,246.0,3.264e-10,0.064
NGC205,12a152_212,B,250.0,4.599e-11,0.069
NGC205,12a152_212,B,254.0,2.152e-10,0.063
NGC205,12a152_212,B,258.0,5.674e-11,0.061
NGC205,12a152_212,B,262.0,1.129e-10,0.070
NGC205,12a152_212,B,266.0,2.543e-11,0.062
NGC205,12a152_212,B,270.0,1.788e-10,0.072
NGC205,12a152_212,B,274.0,1.124e-10,0.051
NGC205,12a152_212,B,278.0,1.136e-10,0.070
NGC205,12a152_212,B,282.0,5.318e-11,0.074
NGC205,12a152_212,B,286.0,8.449e-11,0.072
NGC205,12a152_212,B,290.0,1.711e-10,0.066
NGC205,12a152_212,B,294.0,1.326e-10,0.056
NGC205,12a152_212,B,298.0,7.836e-11,0.062
NGC205,12a152_212,B,302.0,2.078e-11,0.046
NGC205,12a152_212,B,306.0,5.512e-10,0.047
NGC205,12a152_212,B,310.0,3.544e-10,0.046
NGC205,12a152_212,B,314.0,4.477e-11,0.048
NGC205,12a152_212,B,318.0,2.808e-11,0.055
NGC205,12a152_212,B,322.0,5.326e-10,0.067
NGC205,12a152_212,B,326.0,5.430e-10,0.076
NGC205,12a152_212,B,330.0,3.852e-10,0.082
NGC205,12a152_212,B,334.0,1.393e-9,0.089
NGC205,12a152_212,B,338.0,1.398e-10,0.089
NGC205,12a152_212,B,342.0,8.751e-11,0.093
NGC205,12a152_212,B,346.0,4.633e-10,0.099
NGC205,12a152_212,B,350.0,9.490e-10,0.095
NGC205,12a152_212,B,354.0,7.190e-10,0.103
NGC205,12a152_212,B,358.0,5.822e-10,0.096
NGC205,12a152_212,B,362.0,7.900e-11,0.075
NGC205,12a152_212,B,366.0,1.652e-10,0.069
NGC205,12a152_212,B,370.0,1.693e-11,0.057
NGC205,12a152_212,B,374.0,9.064e-11,0.047
NGC205,12a152_212,B,378.0,3.648e-11,0.045
NGC205,12a152_212,B,382.0,3.043e-10,0.028
NGC205,12a152_212,B,386.0,3.793e-11,0.024
NGC205,12a152_212,B,390.0,7.138e-11,0.031
NGC205,12a152_212,B,394.0,2.925e-11,0.036
NGC205,12a152_212,B,398.0,5.356e-11,0.038
NGC205,12a152_212,B,402.0,1.037e-10,0.047
NGC205,12a152_212,B,406.0,1.379e-10,0.055
NGC205,12a152_212,B,410.0,2.842e-11,0.074
NGC205,12a152_212,B,414.0,1.182e-10,0.082
NGC205,12a152_212,B,418.0,6.586e-10,0.081
NGC205,12a152_212,B,422.0,5.521e-10,0.080
NGC205,12a152_212,B,426.0,4.691e-10,0.071
NGC205,12a152_212,B,430.0,5.861e-10,0.063
NGC205,12a152_212,B,434.0,5.361e-10,0.055
NGC205,12a152_212,B,438.0,1.713e-10,0.057
NGC205,12a152_212,B,442.0,5.548e-11,0.056
NGC205,12a152_212,B,446.0,3.845e-11,0.057
NGC205,12a152_212,B,450.0,3.001e-10,0.048
NGC205,12a152_212,B,454.0,1.890e-10,0.038
NGC205,12a152_212,B,458.0,4.027e-11,0.032
NGC205,12a152_212,B,462.0,2.474e-12,0.034
NGC205,12a152_212,B,466.0,2.150e-12,0.024
NGC205,12a152_212,B,470.0,1.103e-11,0.011
NGC205,12a152_212,B,474.0,1.006e-11,0.016
NGC205,12a152_212,B,478.0,9.970e-12,0.022
NGC205,12a152_212,B,482.0,6.845e-11,0.037
NGC205,12a152_212,B,486.0,7.760e-11,0.044
NGC205,12a152_212,B,490.0,8.948e-11,0.044
NGC205,12a152_212,B,494.0,5.372e-10,0.047
NGC205,12a152_212,B,498.0,1.975e-10,0.042
NGC205,12a152_212,B,502.0,4.343e-11,0.043
NGC205,12a152_212,B,506.0,5.384e-11,0.040
NGC205,12a152_212,B,510.0,4.841e-11,0.048
NGC205,12a152_212,B,514.0,1.144e-10,0.068
NGC205,12a152_212,B,518.0,2.459e-10,0.070
NGC205,12a152_212,B,522.0,5.220e-10,0.075
NGC205,12a152_212,B,526.0,6.144e-10,0.084
NGC205,12a152_212,B,530.0,2.293e-10,0.095
NGC205,12a152_212,B,534.0,1.518e-10,0.101
NGC205,12a152_212,B,538.0,1.282e-10,0.093
NGC205,12a152_212,B,542.0,6.223e-10,0.086
NGC205,12a152_212,B,546.0,1.837e-10,0.089
NGC205,12a152_212,B,550.0,3.355e-10,0.092
NGC205,12a152_212,B,554.0,3.590e-10,0.080
NGC205,12a152_212,B,558.0,4.320e-10,0.063
NGC205,12a152_212,B,562.0,1.642e-10,0.059
NGC205,12a152_212,B,566.0,2.379e-11,0.064
NGC205,12a152_212,B,570.0,8.791e-11,0.065
NGC205,12a152_212,B,574.0,8.550e-10,0.054
NGC205,12a152_212,B,578.0,3.622e-10,0.052
NGC205,12a152_212,B,582.0,1.192e-10,0.066
NGC205,12a152_212,B,586.0,1.874e-10,0.065
NGC205,12a152_212,B,590.0,6.266e-10,0.067
NGC205,12a152_212,B,594.0,3.137e-10,0.066
NGC205,12a152_212,B,598.0,4.277e-10,0.068
NGC205,12a152_212,B,602.0,2.780e-10,0.068
NGC205,12a152_212,B,606.0,2.713e-10,0.068
NGC205,12a152_212,B,610.0,5.078e-10,0.059
NGC205,12a152_212,B,614.0,3.277e-10,0.053
NGC205,12a152_212,B,618.0,1.385e-10,0.047
NGC205,12a152_212,B,622.0,2.129e-10,0.048
NGC205,12a152_212,B,626.0,7.264e-11,0.047
NGC205,12a152_212,B,630.0,9.156e-11,0.047
NGC205,12a152_212,B,634.0,2.310e-10,0.041
NGC205,12a152_212,B,638.0,1.296e-10,0.044
NGC205,12a152_212,B,642.0,2.689e-11,0.040
NGC205,12a152_212,B,646.0,4.101e-11,0.044
NGC205,12a152_212,B,650.0,2.503e-10,0.043
NGC205,12a152_212,B,654.0,2.696e-10,0.040
NGC205,12a152_212,B,658.0,5.087e-11,0.037
NGC205,12a152_212,B,662.0,1.067e-10,0.032
NGC205,12a152_212,B,666.0,2.104e-11,0.023
NGC205,12a152_212,B,670.0,1.317e-11,0.016
NGC205,12a152_212,B,674.0,3.626e-11,0.014
NGC205,12a152_212,B,678.0,2.330e-11,0.007
NGC205,12a152_212,B,682.0,3.309e-11,0.005
NGC205,12a152_212,B,686.0,4.375e-12,0.006
NGC205,12a152_212,B,690.0,1.571e-11,0.008
NGC205,12a152_212,B,694.0,5.389e-11,0.012
NGC205,12a152_212,B,698.0,2.245e-11,0.008
NGC205,12a152_212,B,702.0,1.406e-12,0.006
NGC205,12a152_212,B,706.0,5.585e-14,0.002
NGC205,12a152_212,B,710.0,4.955e-17,0.001
NGC205,12a152_212,B,714.0,2.976e-12,0.001
NGC205,12a152_212,B,718.0,1.852e-12,0.002
NGC205,12a152_212,B,722.0,6.415e-13,0.001
NGC205,12a152_212,B,726.0,3.671e-12,0.001
NGC205,12a152_212,B,730.0,5.209e-12,0.003
NGC205,12a152_212,B,734.0,7.882e-12,0.003
NGC205,12a152_212,B,738.0,2.009e-12,0.002
NGC205,12a152_212,B,742.0,1.758e-13,0.001
NGC205,12a152_212,B,746.0,1.420e-12,0.001
NGC205,12a152_212,B,750.0,4.272e-12,0.001
NGC205,12a152_212,B,754.0,1.093e-11,0.007
NGC205,12a152_212,B,758.0,3.760e-12,0.007
NGC205,12a152_212,B,762.0,3.138e-11,0.006
NGC205,12a152_212,B,766.0,3.329e-12,0.007
NGC205,12a152_212,B,770.0,3.255e-16,0.004
NGC205,12a152_212,B,774.0,9.678e-13,0.003
NGC205,12a152_212,B,778.0,3.864e-12,0.004
NGC205,12a152_212,B,782.0,6.822e-12,0.005
NGC205,12a152_212,B,786.0,3.126e-12,0.005
NGC205,12a152_212,B,790.0,2.252e-11,0.011
NGC205,12a152_212,B,794.0,3.677e-11,0.011
NGC205,12a152_212,B,798.0,5.522e-12,0.016
NGC205,12a152_212,B,802.0,2.744e-11,0.009
NGC205,12a152_212,B,806.0,4.364e-10,0.012
NGC205,12a152_212,B,810.0,2.714e-11,0.007
NGC205,12a152_212,B,814.0,1.309e-12,0.007
NGC205,12a152_212,B,818.0,1.142e-12,0.004
NGC205,12a152_212,B,822.0,9.931e-12,0.004
NGC205,12a152_212,B,826.0,8.529e-13,0.001
NGC205,18a158_220,A,2.0,1.473e-8,1.000
NGC205,18a158_220,A,6.0,1.774e-8,1.000
NGC205,18a158_220,A,10.0,1.471e-8,1.000
NGC205,18a158_220,A,14.0,1.157e-8,1.000
NGC205,18a158_220,A,18.0,9.809e-9,1.000
NGC205,18a158_220,A,22.0,8.454e-9,1.000
NGC205,18a158_220,A,26.0,7.165e-9,1.000
NGC205,18a158_220,A,30.0,6.094e-9,1.000
NGC205,18a158_220,A,34.0,5.283e-9,1.000
NGC205,18a158_220,A,38.0,4.530e-9,1.000
NGC205,18a158_220,A,42.0,3.797e-9,1.000
NGC205,18a158_220,A,46.0,3.357e-9,1.000
NGC205,18a158_220,A,50.0,2.876e-9,1.000
NGC205,18a158_220,A,54.0,2.505e-9,1.000
NGC205,18a158_220,A,58.0,2.099e-9,1.000
NGC205,18a158_220,A,62.0,2.620e-9,1.000
NGC205,18a158_220,A,66.0,1.891e-9,1.000
NGC205,18a158_220,A,70.0,1.469e-9,1.000
NGC205,18a158_220,A,74.0,1.262e-9,1.000
NGC205,18a158_220,A,78.0,1.179e-9,1.000
NGC205,18a158_220,A,82.0,1.148e-9,1.000
NGC205,18a158_220,A,86.0,9.583e-10,1.000
NGC205,18a158_220,A,90.0,8.649e-10,1.000
NGC205,18a158_220,A,94.0,7.067e-10,1.000
NGC205,18a158_220,A,98.0,6.617e-10,0.987
NGC205,18a158_220,A,102.0,5.767e-10,0.949
NGC205,18a158_220,A,106.0,5.721e-10,0.941
NGC205,18a158_220,A,110.0,4.631e-10,0.919
NGC205,18a158_220,A,114.0,4.327e-10,0.897
NGC205,18a158_220,A,118.0,3.298e-10,0.848
NGC205,18a158_220,A,122.0,2.831e-10,0.803
NGC205,18a158_220,A,126.0,2.702e-10,0.693
NGC205,18a158_220,A,130.0,3.338e-10,0.668
NGC205,18a158_220,A,134.0,2.137e-10,0.638
NGC205,18a158_220,A,138.0,1.811e-10,0.637
NGC205,18a158_220,A,142.0,2.928e-10,0.620
NGC205,18a158_220,A,146.0,1.767e-9,0.571
NGC205,18a158_220,A,150.0,1.428e-9,0.547
NGC205,18a158_220,A,154.0,4.551e-10,0.521
NGC205,18a158_220,A,158.0,1.275e-10,0.487
NGC205,18a158_220,A,162.0,7.820e-11,0.417
NGC205,18a158_220,A,166.0,7.522e-11,0.371
NGC205,18a158_220,A,170.0,7.752e-11,0.347
NGC205,18a158_220,A,174.0,1.084e-10,0.305
NGC205,18a158_220,A,178.0,1.749e-10,0.331
NGC205,18a158_220,A,182.0,9.365e-11,0.306
NGC205,18a158_220,A,186.0,4.012e-11,0.325
NGC205,18a158_220,A,190.0,4.277e-11,0.301
NGC205,18a158_220,A,194.0,8.742e-11,0.270
NGC205,18a158_220,A,198.0,2.943e-11,0.247
NGC205,18a158_220,A,202.0,2.697e-11,0.235
NGC205,18a158_220,A,206.0,2.421e-11,0.206
NGC205,18a158_220,A,210.0,2.597e-11,0.184
NGC205,18a158_220,A,214.0,2.953e-11,0.192
NGC205,18a158_220,A,218.0,5.198e-11,0.192
NGC205,18a158_220,A,222.0,1.705e-10,0.202
NGC205,18a158_220,A,226.0,2.005e-10,0.188
NGC205,18a158_220,A,230.0,2.234e-11,0.185
NGC205,18a158_220,A,234.0,4.549e-11,0.189
NGC205,18a158_220,A,238.0,1.344e-10,0.186
NGC205,18a158_220,A,242.0,6.351e-10,0.177
NGC205,18a158_220,A,246.0,3.569e-10,0.182
NGC205,18a158_220,A,250.0,5.366e-11,0.173
NGC205,18a158_220,A,254.0,1.997e-10,0.147
NGC205,18a158_220,A,258.0,9.412e-11,0.172
NGC205,18a158_220,A,262.0,1.331e-10,0.174
NGC205,18a158_220,A,266.0,3.560e-11,0.172
NGC205,18a158_220,A,270.0,2.643e-10,0.187
NGC205,18a158_220,A,274.0,1.098e-10,0.181
NGC205,18a158_220,A,278.0,1.387e-10,0.169
NGC205,18a158_220,A,282.0,9.049e-11,0.161
NGC205,18a158_220,A,286.0,1.011e-10,0.134
NGC205,18a158_220,A,290.0,1.989e-10,0.131
NGC205,18a158_220,A,294.0,1.434e-10,0.118
NGC205,18a158_220,A,298.0,7.430e-11,0.100
NGC205,18a158_220,A,302.0,3.523e-11,0.090
NGC205,18a158_220,A,306.0,4.459e-10,0.096
NGC205,18a158_220,A,310.0,5.267e-10,0.092
NGC205,18a158_220,A,314.0,3.281e-11,0.087
NGC205,18a158_220,A,318.0,3.150e-11,0.094
NGC205,18a158_220,A,322.0,4.431e-10,0.131
NGC205,18a158_220,A,326.0,5.283e-10,0.137
NGC205,18a158_220,A,330.0,4.689e-10,0.131
NGC205,18a158_220,A,334.0,1.502e-9,0.132
NGC205,18a158_220,A,338.0,9.463e-11,0.143
NGC205,18a158_220,A,342.0,9.734e-11,0.154
NGC205,18a158_220,A,346.0,4.240e-10,0.152
NGC205,18a158_220,A,350.0,9.763e-10,0.164
NGC205,18a158_220,A,354.0,5.062e-10,0.164
NGC205,18a158_220,A,358.0,7.249e-10,0.164
NGC205,18a158_220,A,362.0,9.410e-11,0.156
NGC205,18a158_220,A,366.0,1.677e-10,0.140
NGC205,18a158_220,A,370.0,3.450e-11,0.123
NGC205,18a158_220,A,374.0,9.873e-11,0.091
NGC205,18a158_220,A,378.0,6.390e-11,0.102
NGC205,18a158_220,A,382.0,2.882e-10,0.087
NGC205,18a158_220,A,386.0,4.911e-11,0.090
NGC205,18a158_220,A,390.0,7.571e-11,0.086
NGC205,18a158_220,A,394.0,3.831e-11,0.086
NGC205,18a158_220,A,398.0,4.924e-11,0.090
NGC205,18a158_220,A,402.0,1.201e-10,0.102
NGC205,18a158_220,A,406.0,1.555e-10,0.101
NGC205,18a158_220,A,410.0,3.478e-11,0.124
NGC205,18a158_220,A,414.0,1.234e-10,0.131
NGC205,18a158_220,A,418.0,6.838e-10,0.128
NGC205,18a158_220,A,422.0,5.014e-10,0.127
NGC205,18a158_220,A,426.0,5.700e-10,0.136
NGC205,18a158_220,A,430.0,6.097e-10,0.143
NGC205,18a158_220,A,434.0,4.201e-10,0.138
NGC205,18a158_220,A,438.0,1.778e-10,0.136
NGC205,18a158_220,A,442.0,7.667e-11,0.132
NGC205,18a158_220,A,446.0,4.499e-11,0.123
NGC205,18a158_220,A,450.0,2.184e-10,0.114
NGC205,18a158_220,A,454.0,2.984e-10,0.091
NGC205,18a158_220,A,458.0,6.066e-11,0.073
NGC205,18a158_220,A,462.0,6.717e-12,0.067
NGC205,18a158_220,A,466.0,9.244e-12,0.056
NGC205,18a158_220,A,470.0,1.535e-11,0.046
NGC205,18a158_220,A,474.0,2.178e-11,0.052
NGC205,18a158_220,A,478.0,1.979e-11,0.058
NGC205,18a158_220,A,482.0,6.898e-11,0.075
NGC205,18a158_220,A,486.0,8.969e-11,0.092
NGC205,18a158_220,A,490.0,1.128e-10,0.098
NGC205,18a158_220,A,494.0,6.016e-10,0.106
NGC205,18a158_220,A,498.0,1.745e-10,0.112
NGC205,18a158_220,A,502.0,3.974e-11,0.125
NGC205,18a158_220,A,506.0,8.718e-11,0.140
NGC205,18a158_220,A,510.0,7.383e-11,0.122
NGC205,18a158_220,A,514.0,9.910e-11,0.120
NGC205,18a158_220,A,518.0,2.960e-10,0.117
NGC205,18a158_220,A,522.0,3.965e-10,0.111
NGC205,18a158_220,A,526.0,6.151e-10,0.116
NGC205,18a158_220,A,530.0,2.696e-10,0.127
NGC205,18a158_220,A,534.0,1.286e-10,0.143
NGC205,18a158_220,A,538.0,1.270e-10,0.145
NGC205,18a158_220,A,542.0,6.174e-10,0.145
NGC205,18a158_220,A,546.0,1.889e-10,0.149
NGC205,18a158_220,A,550.0,3.636e-10,0.155
NGC205,18a158_220,A,554.0,3.046e-10,0.145
NGC205,18a158_220,A,558.0,4.947e-10,0.137
NGC205,18a158_220,A,562.0,1.039e-10,0.128
NGC205,18a158_220,A,566.0,4.347e-11,0.133
NGC205,18a158_220,A,570.0,1.350e-10,0.137
NGC205,18a158_220,A,574.0,7.469e-10,0.151
NGC205,18a158_220,A,578.0,4.596e-10,0.146
NGC205,18a158_220,A,582.0,1.456e-10,0.163
NGC205,18a158_220,A,586.0,1.841e-10,0.165
NGC205,18a158_220,A,590.0,6.343e-10,0.166
NGC205,18a158_220,A,594.0,2.435e-10,0.153
NGC205,18a158_220,A,598.0,4.469e-10,0.137
NGC205,18a158_220,A,602.0,2.027e-10,0.126
NGC205,18a158_220,A,606.0,4.411e-10,0.111
NGC205,18a158_220,A,610.0,3.932e-10,0.097
NGC205,18a158_220,A,614.0,3.790e-10,0.087
NGC205,18a158_220,A,618.0,2.671e-10,0.087
NGC205,18a158_220,A,622.0,6.848e-11,0.088
NGC205,18a158_220,A,626.0,7.959e-11,0.086
NGC205,18a158_220,A,630.0,6.050e-11,0.086
NGC205,18a158_220,A,634.0,2.968e-10,0.077
NGC205,18a158_220,A,638.0,7.784e-11,0.074
NGC205,18a158_220,A,642.0,3.601e-11,0.066
NGC205,18a158_220,A,646.0,5.003e-11,0.064
NGC205,18a158_220,A,650.0,3.241e-10,0.064
NGC205,18a158_220,A,654.0,2.353e-10,0.064
NGC205,18a158_220,A,658.0,8.640e-11,0.061
NGC205,18a158_220,A,662.0,6.800e-11,0.057
NGC205,18a158_220,A,666.0,4.772e-11,0.058
NGC205,18a158_220,A,670.0,1.906e-11,0.056
NGC205,18a158_220,A,674.0,4.160e-11,0.056
NGC205,18a158_220,A,678.0,2.689e-11,0.053
NGC205,18a158_220,A,682.0,2.718e-11,0.051
NGC205,18a158_220,A,686.0,1.257e-11,0.048
NGC205,18a158_220,A,690.0,1.974e-11,0.041
NGC205,18a158_220,A,694.0,6.234e-11,0.037
NGC205,18a158_220,A,698.0,1.989e-11,0.029
NGC205,18a158_220,A,702.0,3.895e-12,0.022
NGC205,18a158_220,A,706.0,3.547e-13,0.012
NGC205,18a158_220,A,710.0,1.175e-14,0.007
NGC205,18a158_220,A,714.0,3.499e-12,0.005
NGC205,18a158_220,A,718.0,5.213e-12,0.006
NGC205,18a158_220,A,722.0,9.147e-13,0.006
NGC205,18a158_220,A,726.0,6.277e-12,0.008
NGC205,18a158_220,A,730.0,6.404e-12,0.012
NGC205,18a158_220,A,734.0,7.842e-12,0.012
NGC205,18a158_220,A,738.0,4.724e-12,0.011
NGC205,18a158_220,A,742.0,5.303e-13,0.010
NGC205,18a158_220,A,746.0,3.484e-12,0.012
NGC205,18a158_220,A,750.0,5.715e-12,0.015
NGC205,18a158_220,A,754.0,1.129e-11,0.023
NGC205,18a158_220,A,758.0,1.145e-11,0.025
NGC205,18a158_220,A,762.0,3.870e-11,0.021
NGC205,18a158_220,A,766.0,1.334e-12,0.017
NGC205,18a158_220,A,770.0,4.589e-14,0.012
NGC205,18a158_220,A,774.0,2.203e-12,0.013
NGC205,18a158_220,A,778.0,4.959e-12,0.013
NGC205,18a158_220,A,782.0,8.391e-12,0.014
NGC205,18a158_220,A,786.0,4.176e-12,0.015
NGC205,18a158_220,A,790.0,1.662e-11,0.014
NGC205,18a158_220,A,794.0,4.471e-11,0.021
NGC205,18a158_220,A,798.0,7.635e-12,0.017
NGC205,18a158_220,B,2.0,1.473e-8,1.000
NGC205,18a158_220,B,6.0,1.774e-8,1.000
NGC205,18a158_220,B,10.0,1.471e-8,1.000
NGC205,18a158_220,B,14.0,1.157e-8,1.000
NGC205,18a158_220,B,18.0,9.809e-9,1.000
NGC205,18a158_220,B,22.0,8.454e-9,1.000
NGC205,18a158_220,B,26.0,7.165e-9,1.000
NGC205,18a158_220,B,30.0,6.089e-9,1.000
NGC205,18a158_220,B,34.0,5.221e-9,1.000
NGC205,18a158_220,B,38.0,4.398e-9,1.000
NGC205,18a158_220,B,42.0,3.629e-9,1.000
NGC205,18a158_220,B,46.0,3.119e-9,1.000
NGC205,18a158_220,B,50.0,2.556e-9,1.000
NGC205,18a158_220,B,54.0,2.115e-9,1.000
NGC205,18a158_220,B,58.0,1.669e-9,1.000
NGC205,18a158_220,B,62.0,2.172e-9,1.000
NGC205,18a158_220,B,66.0,1.457e-9,1.000
NGC205,18a158_220,B,70.0,1.043e-9,1.000
NGC205,18a158_220,B,74.0,8.672e-10,1.000
NGC205,18a158_220,B,78.0,7.729e-10,1.000
NGC205,18a158_220,B,82.0,7.628e-10,1.000
NGC205,18a158_220,B,86.0,5.989e-10,1.000
NGC205,18a158_220,B,90.0,5.364e-10,0.972
NGC205,18a158_220,B,94.0,4.280e-10,0.914
NGC205,18a158_220,B,98.0,3.998e-10,0.885
NGC205,18a158_220,B,102.0,3.466e-10,0.853
NGC205,18a158_220,B,106.0,3.641e-10,0.813
NGC205,18a158_220,B,110.0,2.760e-10,0.770
NGC205,18a158_220,B,114.0,2.661e-10,0.693
NGC205,18a158_220,B,118.0,1.866e-10,0.610
NGC205,18a158_220,B,122.0,1.583e-10,0.561
NGC205,18a158_220,B,126.0,1.611e-10,0.514
NGC205,18a158_220,B,130.0,2.382e-10,0.494
NGC205,18a158_220,B,134.0,1.236e-10,0.511
NGC205,18a158_220,B,138.0,1.081e-10,0.486
NGC205,18a158_220,B,142.0,2.264e-10,0.489
NGC205,18a158_220,B,146.0,1.710e-9,0.454
NGC205,18a158_220,B,150.0,1.374e-9,0.446
NGC205,18a158_220,B,154.0,4.111e-10,0.403
NGC205,18a158_220,B,158.0,8.460e-11,0.366
NGC205,18a158_220,B,162.0,4.262e-11,0.308
NGC205,18a158_220,B,166.0,4.007e-11,0.275
NGC205,18a158_220,B,170.0,4.283e-11,0.245
NGC205,18a158_220,B,174.0,7.580e-11,0.221
NGC205,18a158_220,B,178.0,1.424e-10,0.211
NGC205,18a158_220,B,182.0,6.620e-11,0.201
NGC205,18a158_220,B,186.0,1.601e-11,0.198
NGC205,18a158_220,B,190.0,2.070e-11,0.174
NGC205,18a158_220,B,194.0,6.436e-11,0.154
NGC205,18a158_220,B,198.0,9.724e-12,0.120
NGC205,18a158_220,B,202.0,8.644e-12,0.122
NGC205,18a158_220,B,206.0,8.095e-12,0.115
NGC205,18a158_220,B,210.0,1.032e-11,0.129
NGC205,18a158_220,B,214.0,1.300e-11,0.130
NGC205,18a158_220,B,218.0,3.574e-11,0.122
NGC205,18a158_220,B,222.0,1.545e-10,0.121
NGC205,18a158_220,B,226.0,1.873e-10,0.119
NGC205,18a158_220,B,230.0,1.100e-11,0.125
NGC205,18a158_220,B,234.0,3.359e-11,0.128
NGC205,18a158_220,B,238.0,1.232e-10,0.111
NGC205,18a158_220,B,242.0,6.254e-10,0.094
NGC205,18a158_220,B,246.0,3.486e-10,0.099
NGC205,18a158_220,B,250.0,4.619e-11,0.096
NGC205,18a158_220,B,254.0,1.945e-10,0.077
NGC205,18a158_220,B,258.0,8.640e-11,0.104
NGC205,18a158_220,B,262.0,1.250e-10,0.114
NGC205,18a158_220,B,266.0,2.855e-11,0.108
NGC205,18a158_220,B,270.0,2.558e-10,0.114
NGC205,18a158_220,B,274.0,1.004e-10,0.107
NGC205,18a158_220,B,278.0,1.321e-10,0.117
NGC205,18a158_220,B,282.0,8.330e-11,0.113
NGC205,18a158_220,B,286.0,9.408e-11,0.103
NGC205,18a158_220,B,290.0,1.917e-10,0.103
NGC205,18a158_220,B,294.0,1.374e-10,0.086
NGC205,18a158_220,B,298.0,7.122e-11,0.078
NGC205,18a158_220,B,302.0,3.391e-11,0.073
NGC205,18a158_220,B,306.0,4.449e-10,0.070
NGC205,18a158_220,B,310.0,5.238e-10,0.070
NGC205,18a158_220,B,314.0,2.765e-11,0.068
NGC205,18a158_220,B,318.0,2.909e-11,0.077
NGC205,18a158_220,B,322.0,4.396e-10,0.103
NGC205,18a158_220,B,326.0,5.253e-10,0.098
NGC205,18a158_220,B,330.0,4.643e-10,0.094
NGC205,18a158_220,B,334.0,1.498e-9,0.109
NGC205,18a158_220,B,338.0,9.219e-11,0.113
NGC205,18a158_220,B,342.0,9.611e-11,0.113
NGC205,18a158_220,B,346.0,4.214e-10,0.120
NGC205,18a158_220,B,350.0,9.731e-10,0.128
NGC205,18a158_220,B,354.0,5.019e-10,0.122
NGC205,18a158_220,B,358.0,7.202e-10,0.119
NGC205,18a158_220,B,362.0,8.916e-11,0.103
NGC205,18a158_220,B,366.0,1.621e-10,0.103
NGC205,18a158_220,B,370.0,3.015e-11,0.091
NGC205,18a158_220,B,374.0,9.469e-11,0.069
NGC205,18a158_220,B,378.0,5.812e-11,0.074
NGC205,18a158_220,B,382.0,2.866e-10,0.057
NGC205,18a158_220,B,386.0,4.617e-11,0.051
NGC205,18a158_220,B,390.0,7.194e-11,0.052
NGC205,18a158_220,B,394.0,3.537e-11,0.052
NGC205,18a158_220,B,398.0,4.675e-11,0.049
NGC205,18a158_220,B,402.0,1.156e-10,0.067
NGC205,18a158_220,B,406.0,1.512e-10,0.072
NGC205,18a158_220,B,410.0,3.057e-11,0.090
NGC205,18a158_220,B,414.0,1.198e-10,0.100
NGC205,18a158_220,B,418.0,6.807e-10,0.095
NGC205,18a158_220,B,422.0,4.962e-10,0.091
NGC205,18a158_220,B,426.0,5.650e-10,0.095
NGC205,18a158_220,B,430.0,6.064e-10,0.103
NGC205,18a158_220,B,434.0,4.158e-10,0.099
NGC205,18a158_220,B,438.0,1.735e-10,0.092
NGC205,18a158_220,B,442.0,7.073e-11,0.089
NGC205,18a158_220,B,446.0,3.949e-11,0.092
NGC205,18a158_220,B,450.0,2.126e-10,0.073
NGC205,18a158_220,B,454.0,2.949e-10,0.049
NGC205,18a158_220,B,458.0,5.798e-11,0.040
NGC205,18a158_220,B,462.0,4.341e-12,0.040
NGC205,18a158_220,B,466.0,6.118e-12,0.029
NGC205,18a158_220,B,470.0,1.282e-11,0.019
NGC205,18a158_220,B,474.0,1.915e-11,0.025
NGC205,18a158_220,B,478.0,1.743e-11,0.034
NGC205,18a158_220,B,482.0,6.652e-11,0.053
NGC205,18a158_220,B,486.0,8.634e-11,0.069
NGC205,18a158_220,B,490.0,1.082e-10,0.077
NGC205,18a158_220,B,494.0,5.983e-10,0.083
NGC205,18a158_220,B,498.0,1.694e-10,0.080
NGC205,18a158_220,B,502.0,3.466e-11,0.081
NGC205,18a158_220,B,506.0,8.308e-11,0.084
NGC205,18a158_220,B,510.0,6.994e-11,0.081
NGC205,18a158_220,B,514.0,9.598e-11,0.089
NGC205,18a158_220,B,518.0,2.933e-10,0.093
NGC205,18a158_220,B,522.0,3.936e-10,0.092
NGC205,18a158_220,B,526.0,6.106e-10,0.104
NGC205,18a158_220,B,530.0,2.644e-10,0.114
NGC205,18a158_220,B,534.0,1.243e-10,0.130
NGC205,18a158_220,B,538.0,1.231e-10,0.122
NGC205,18a158_220,B,542.0,6.137e-10,0.116
NGC205,18a158_220,B,546.0,1.853e-10,0.116
NGC205,18a158_220,B,550.0,3.592e-10,0.113
NGC205,18a158_220,B,554.0,3.006e-10,0.105
NGC205,18a158_220,B,558.0,4.909e-10,0.097
NGC205,18a158_220,B,562.0,1.001e-10,0.096
NGC205,18a158_220,B,566.0,3.988e-11,0.101
NGC205,18a158_220,B,570.0,1.301e-10,0.099
NGC205,18a158_220,B,574.0,7.414e-10,0.105
NGC205,18a158_220,B,578.0,4.559e-10,0.100
NGC205,18a158_220,B,582.0,1.415e-10,0.110
NGC205,18a158_220,B,586.0,1.799e-10,0.119
NGC205,18a158_220,B,590.0,6.293e-10,0.125
NGC205,18a158_220,B,594.0,2.394e-10,0.108
NGC205,18a158_220,B,598.0,4.435e-10,0.099
NGC205,18a158_220,B,602.0,2.010e-10,0.089
NGC205,18a158_220,B,606.0,4.389e-10,0.081
NGC205,18a158_220,B,610.0,3.904e-10,0.072
NGC205,18a158_220,B,614.0,3.767e-10,0.062
NGC205,18a158_220,B,618.0,2.659e-10,0.059
NGC205,18a158_220,B,622.0,6.705e-11,0.066
NGC205,18a158_220,B,626.0,7.743e-11,0.070
NGC205,18a158_220,B,630.0,5.714e-11,0.070
NGC205,18a158_220,B,634.0,2.943e-10,0.061
NGC205,18a158_220,B,638.0,7.536e-11,0.058
NGC205,18a158_220,B,642.0,3.477e-11,0.053
NGC205,18a158_220,B,646.0,4.955e-11,0.055
NGC205,18a158_220,B,650.0,3.218e-10,0.054
NGC205,18a158_220,B,654.0,2.332e-10,0.050
NGC205,18a158_220,B,658.0,8.369e-11,0.050
NGC205,18a158_220,B,662.0,6.565e-11,0.049
NGC205,18a158_220,B,666.0,4.603e-11,0.046
NGC205,18a158_220,B,670.0,1.789e-11,0.039
NGC205,18a158_220,B,674.0,3.957e-11,0.038
NGC205,18a158_220,B,678.0,2.499e-11,0.032
NGC205,18a158_220,B,682.0,2.591e-11,0.030
NGC205,18a158_220,B,686.0,1.176e-11,0.029
NGC205,18a158_220,B,690.0,1.822e-11,0.023
NGC205,18a158_220,B,694.0,6.094e-11,0.023
NGC205,18a158_220,B,698.0,1.801e-11,0.019
NGC205,18a158_220,B,702.0,2.945e-12,0.012
NGC205,18a158_220,B,706.0,1.789e-13,0.008
NGC205,18a158_220,B,710.0,3.032e-15,0.004
NGC205,18a158_220,B,714.0,3.158e-12,0.002
NGC205,18a158_220,B,718.0,4.030e-12,0.003
NGC205,18a158_220,B,722.0,5.576e-13,0.001
NGC205,18a158_220,B,726.0,5.537e-12,0.003
NGC205,18a158_220,B,730.0,5.148e-12,0.004
NGC205,18a158_220,B,734.0,6.679e-12,0.005
NGC205,18a158_220,B,738.0,4.083e-12,0.003
NGC205,18a158_220,B,742.0,2.694e-13,0.004
NGC205,18a158_220,B,746.0,2.883e-12,0.005
NGC205,18a158_220,B,750.0,5.385e-12,0.005
NGC205,18a158_220,B,754.0,1.046e-11,0.010
NGC205,18a158_220,B,758.0,1.050e-11,0.010
NGC205,18a158_220,B,762.0,3.821e-11,0.007
NGC205,18a158_220,B,766.0,7.580e-13,0.007
NGC205,18a158_220,B,770.0,1.125e-14,0.004
NGC205,18a158_220,B,774.0,1.500e-12,0.004
NGC205,18a158_220,B,778.0,4.336e-12,0.005
NGC205,18a158_220,B,782.0,7.552e-12,0.008
NGC205,18a158_220,B,786.0,3.749e-12,0.010
NGC205,18a158_220,B,790.0,1.629e-11,0.009
NGC205,18a158_220,B,794.0,4.410e-11,0.017
NGC205,18a158_220,B,798.0,6.862e-12,0.013
SINT6,18a66_212,A,2.0,4.348e-8,1.000
SINT6,18a66_212,A,10.0,1.890e-8,1.000
SINT6,18a66_212,A,14.0,1.150e-8,1.000
SINT6,18a66_212,A,18.0,8.328e-9,1.000
SINT6,18a66_212,A,22.0,6.992e-9,1.000
SINT6,18a66_212,A,26.0,5.479e-9,1.000
SINT6,18a66_212,A,30.0,4.269e-9,1.000
SINT6,18a66_212,A,34.0,3.269e-9,1.000
SINT6,18a66_212,A,38.0,2.399e-9,1.000
SINT6,18a66_212,A,42.0,1.867e-9,1.000
SINT6,18a66_212,A,46.0,1.433e-9,1.000
SINT6,18a66_212,A,50.0,1.100e-9,1.000
SINT6,18a66_212,A,54.0,8.562e-10,1.000
SINT6,18a66_212,A,58.0,6.883e-10,1.000
SINT6,18a66_212,A,62.0,5.166e-10,1.000
SINT6,18a66_212,A,66.0,3.805e-10,1.000
SINT6,18a66_212,A,70.0,2.906e-10,1.000
SINT6,18a66_212,A,74.0,2.217e-10,1.000
SINT6,18a66_212,A,78.0,1.569e-10,1.000
SINT6,18a66_212,A,82.0,1.083e-10,1.000
SINT6,18a66_212,A,86.0,6.771e-11,1.000
SINT6,18a66_212,A,90.0,3.661e-11,1.000
SINT6,18a66_212,A,94.0,1.387e-11,0.726
SINT6,18a66_212,A,98.0,1.865e-12,0.292
SINT6,18a66_212,B,2.0,4.348e-8,1.000
SINT6,18a66_212,B,10.0,1.890e-8,1.000
SINT6,18a66_212,B,14.0,1.150e-8,1.000
SINT6,18a66_212,B,18.0,8.328e-9,1.000
SINT6,18a66_212,B,22.0,6.992e-9,1.000
SINT6,18a66_212,B,26.0,5.479e-9,1.000
SINT6,18a66_212,B,30.0,4.333e-9,1.000
SINT6,18a66_212,B,34.0,3.405e-9,1.000
SINT6,18a66_212,B,38.0,2.556e-9,1.000
SINT6,18a66_212,B,42.0,1.994e-9,1.000
SINT6,18a66_212,B,46.0,1.535e-9,1.000
SINT6,18a66_212,B,50.0,1.184e-9,1.000
SINT6,18a66_212,B,54.0,9.268e-10,1.000
SINT6,18a66_212,B,58.0,7.495e-10,1.000
SINT6,18a66_212,B,62.0,5.680e-10,1.000
SINT6,18a66_212,B,66.0,4.239e-10,1.000
SINT6,18a66_212,B,70.0,3.285e-10,1.000
SINT6,18a66_212,B,74.0,2.553e-10,1.000
SINT6,18a66_212,B,78.0,1.861e-10,1.000
SINT6,18a66_212,B,82.0,1.341e-10,1.000
SINT6,18a66_212,B,86.0,9.048e-11,1.000
SINT6,18a66_212,B,90.0,5.686e-11,1.000
SINT6,18a66_212,B,94.0,2.994e-11,1.000
SINT6,18a66_212,B,98.0,9.677e-12,0.604
SINT6,18a66_212,B,102.0,8.860e-13,0.163
SINT6,18a158_212,A,2.0,4.904e-8,1.000
SINT6,18a158_212,A,6.0,2.604e-8,1.000
SINT6,18a158_212,A,10.0,1.698e-8,1.000
SINT6,18a158_212,A,14.0,1.186e-8,1.000
SINT6,18a158_212,A,18.0,8.682e-9,1.000
SINT6,18a158_212,A,22.0,6.636e-9,1.000
SINT6,18a158_212,A,26.0,5.273e-9,1.000
SINT6,18a158_212,A,30.0,4.326e-9,1.000
SINT6,18a158_212,A,34.0,3.573e-9,1.000
SINT6,18a158_212,A,38.0,2.854e-9,1.000
SINT6,18a158_212,A,42.0,2.163e-9,1.000
SINT6,18a158_212,A,46.0,1.664e-9,1.000
SINT6,18a158_212,A,50.0,1.306e-9,1.000
SINT6,18a158_212,A,54.0,1.029e-9,1.000
SINT6,18a158_212,A,58.0,8.071e-10,1.000
SINT6,18a158_212,A,62.0,6.329e-10,1.000
SINT6,18a158_212,A,66.0,4.992e-10,1.000
SINT6,18a158_212,A,70.0,3.951e-10,1.000
SINT6,18a158_212,A,74.0,3.044e-10,1.000
SINT6,18a158_212,A,78.0,2.301e-10,1.000
SINT6,18a158_212,A,82.0,1.719e-10,1.000
SINT6,18a158_212,A,86.0,1.256e-10,1.000
SINT6,18a158_212,A,90.0,8.793e-11,1.000
SINT6,18a158_212,A,94.0,5.741e-11,1.000
SINT6,18a158_212,A,98.0,3.165e-11,1.000
SINT6,18a158_212,A,102.0,1.025e-11,0.895
SINT6,18a158_212,A,106.0,4.388e-13,0.157
SINT6,18a158_212,B,2.0,4.904e-8,1.000
SINT6,18a158_212,B,6.0,2.604e-8,1.000
SINT6,18a158_212,B,10.0,1.698e-8,1.000
SINT6,18a158_212,B,14.0,1.186e-8,1.000
SINT6,18a158_212,B,18.0,8.682e-9,1.000
SINT6,18a158_212,B,22.0,6.598e-9,1.000
SINT6,18a158_212,B,26.0,4.808e-9,1.000
SINT6,18a158_212,B,30.0,3.460e-9,1.000
SINT6,18a158_212,B,34.0,2.519e-9,1.000
SINT6,18a158_212,B,38.0,1.840e-9,1.000
SINT6,18a158_212,B,42.0,1.357e-9,1.000
SINT6,18a158_212,B,46.0,1.012e-9,1.000
SINT6,18a158_212,B,50.0,7.637e-10,1.000
SINT6,18a158_212,B,54.0,5.724e-10,1.000
SINT6,18a158_212,B,58.0,4.216e-10,1.000
SINT6,18a158_212,B,62.0,3.034e-10,1.000
SINT6,18a158_212,B,66.0,2.135e-10,1.000
SINT6,18a158_212,B,70.0,1.446e-10,1.000
SINT6,18a158_212,B,74.0,8.567e-11,1.000
SINT6,18a158_212,B,78.0,3.858e-11,1.000
SINT6,18a158_212,B,82.0,6.516e-12,0.572
SINT6,12a152_212,A,2.0,4.781e-8,1.000
SINT6,12a152_212,A,6.0,2.780e-8,1.000
SINT6,12a152_212,A,10.0,1.729e-8,1.000
SINT6,12a152_212,A,14.0,1.174e-8,1.000
SINT6,12a152_212,A,18.0,8.695e-9,1.000
SINT6,12a152_212,A,22.0,6.746e-9,1.000
SINT6,12a152_212,A,26.0,5.335e-9,1.000
SINT6,12a152_212,A,30.0,4.204e-9,1.000
SINT6,12a152_212,A,34.0,3.131e-9,1.000
SINT6,12a152_212,A,38.0,2.348e-9,1.000
SINT6,12a152_212,A,42.0,1.776e-9,1.000
SINT6,12a152_212,A,46.0,1.352e-9,1.000
SINT6,12a152_212,A,50.0,1.051e-9,1.000
SINT6,12a152_212,A,54.0,8.206e-10,1.000
SINT6,12a152_212,A,58.0,6.327e-10,1.000
SINT6,12a152_212,A,62.0,4.847e-10,1.000
SINT6,12a152_212,A,66.0,3.696e-10,1.000
SINT6,12a152_212,A,70.0,2.767e-10,1.000
SINT6,12a152_212,A,74.0,2.004e-10,1.000
SINT6,12a152_212,A,78.0,1.413e-10,1.000
SINT6,12a152_212,A,82.0,9.641e-11,1.000
SINT6,12a152_212,A,86.0,5.890e-11,1.000
SINT6,12a152_212,A,90.0,2.700e-11,1.000
SINT6,12a152_212,A,94.0,4.695e-12,0.526
SINT6,12a152_212,B,2.0,4.781e-8,1.000
SINT6,12a152_212,B,6.0,2.780e-8,1.000
SINT6,12a152_212,B,10.0,1.729e-8,1.000
SINT6,12a152_212,B,14.0,1.174e-8,1.000
SINT6,12a152_212,B,18.0,8.605e-9,1.000
SINT6,12a152_212,B,22.0,5.979e-9,1.000
SINT6,12a152_212,B,26.0,3.971e-9,1.000
SINT6,12a152_212,B,30.0,2.713e-9,1.000
SINT6,12a152_212,B,34.0,1.934e-9,1.000
SINT6,12a152_212,B,38.0,1.412e-9,1.000
SINT6,12a152_212,B,42.0,1.028e-9,1.000
SINT6,12a152_212,B,46.0,7.426e-10,1.000
SINT6,12a152_212,B,50.0,5.409e-10,1.000
SINT6,12a152_212,B,54.0,3.874e-10,1.000
SINT6,12a152_212,B,58.0,2.635e-10,1.000
SINT6,12a152_212,B,62.0,1.674e-10,1.000
SINT6,12a152_212,B,66.0,9.372e-11,1.000
SINT6,12a152_212,B,70.0,3.537e-11,0.959
SINT6,12a152_212,B,74.0,2.734e-12,0.250
SINT6,18a158_220,A,2.0,4.904e-8,1.000
SINT6,18a158_220,A,6.0,2.604e-8,1.000
SINT6,18a158_220,A,10.0,1.698e-8,1.000
SINT6,18a158_220,A,14.0,1.186e-8,1.000
SINT6,18a158_220,A,18.0,8.682e-9,1.000
SINT6,18a158_220,A,22.0,6.636e-9,1.000
SINT6,18a158_220,A,26.0,5.273e-9,1.000
SINT6,18a158_220,A,30.0,4.326e-9,1.000
SINT6,18a158_220,A,34.0,3.575e-9,1.000
SINT6,18a158_220,A,38.0,2.976e-9,1.000
SINT6,18a158_220,A,42.0,2.499e-9,1.000
SINT6,18a158_220,A,46.0,2.119e-9,1.000
SINT6,18a158_220,A,50.0,1.735e-9,1.000
SINT6,18a158_220,A,54.0,1.373e-9,1.000
SINT6,18a158_220,A,58.0,1.087e-9,1.000
SINT6,18a158_220,A,62.0,8.659e-10,1.000
SINT6,18a158_220,A,66.0,6.980e-10,1.000
SINT6,18a158_220,A,70.0,5.678e-10,1.000
SINT6,18a158_220,A,74.0,4.547e-10,1.000
SINT6,18a158_220,A,78.0,3.619e-10,1.000
SINT6,18a158_220,A,82.0,2.887e-10,1.000
SINT6,18a158_220,A,86.0,2.297e-10,1.000
SINT6,18a158_220,A,90.0,1.811e-10,1.000
SINT6,18a158_220,A,94.0,1.411e-10,1.000
SINT6,18a158_220,A,98.0,1.068e-10,1.000
SINT6,18a158_220,A,102.0,7.721e-11,1.000
SINT6,18a158_220,A,106.0,5.340e-11,1.000
SINT6,18a158_220,A,110.0,3.439e-11,1.000
SINT6,18a158_220,A,114.0,1.899e-11,1.000
SINT6,18a158_220,A,118.0,5.970e-12,0.877
SINT6,18a158_220,A,122.0,1.728e-13,0.123
SINT6,18a158_220,B,2.0,4.904e-8,1.000
SINT6,18a158_220,B,6.0,2.604e-8,1.000
SINT6,18a158_220,B,10.0,1.698e-8,1.000
SINT6,18a158_220,B,14.0,1.186e-8,1.000
SINT6,18a158_220,B,18.0,8.682e-9,1.000
SINT6,18a158_220,B,22.0,6.636e-9,1.000
SINT6,18a158_220,B,26.0,5.273e-9,1.000
SINT6,18a158_220,B,30.0,4.319e-9,1.000
SINT6,18a158_220,B,34.0,3.366e-9,1.000
SINT6,18a158_220,B,38.0,2.454e-9,1.000
SINT6,18a158_220,B,42.0,1.815e-9,1.000
SINT6,18a158_220,B,46.0,1.372e-9,1.000
SINT6,18a158_220,B,50.0,1.060e-9,1.000
SINT6,18a158_220,B,54.0,8.227e-10,1.000
SINT6,18a158_220,B,58.0,6.360e-10,1.000
SINT6,18a158_220,B,62.0,4.902e-10,1.000
SINT6,18a158_220,B,66.0,3.791e-10,1.000
SINT6,18a158_220,B,70.0,2.931e-10,1.000
SINT6,18a158_220,B,74.0,2.186e-10,1.000
SINT6,18a158_220,B,78.0,1.579e-10,1.000
SINT6,18a158_220,B,82.0,1.107e-10,1.000
SINT6,18a158_220,B,86.0,7.346e-11,1.000
SINT6,18a158_220,B,90.0,4.327e-11,1.000
SINT6,18a158_220,B,94.0,1.896e-11,1.000
SINT6,18a158_220,B,98.0,2.415e-12,0.399
