objeto,config,ley,r_as,media_flujo,fraccion_visible
M104,18a66_212,A,2.0,3.774e-7,1.000
M104,18a66_212,A,10.0,1.278e-7,1.000
M104,18a66_212,A,14.0,6.373e-8,1.000
M104,18a66_212,A,18.0,4.064e-8,1.000
M104,18a66_212,A,22.0,2.774e-8,1.000
M104,18a66_212,A,26.0,2.654e-8,1.000
M104,18a66_212,A,30.0,2.430e-8,1.000
M104,18a66_212,A,34.0,1.908e-8,1.000
M104,18a66_212,A,38.0,1.484e-8,1.000
M104,18a66_212,A,42.0,1.190e-8,0.972
M104,18a66_212,A,46.0,1.334e-8,1.000
M104,18a66_212,A,50.0,1.057e-8,1.000
M104,18a66_212,A,54.0,8.242e-9,0.979
M104,18a66_212,A,58.0,7.259e-9,1.000
M104,18a66_212,A,62.0,6.629e-9,0.985
M104,18a66_212,A,66.0,5.810e-9,1.000
M104,18a66_212,A,70.0,4.141e-9,0.981
M104,18a66_212,A,74.0,3.511e-9,1.000
M104,18a66_212,A,78.0,4.108e-9,1.000
M104,18a66_212,A,82.0,5.076e-9,1.000
M104,18a66_212,A,86.0,2.544e-9,1.000
M104,18a66_212,A,90.0,1.328e-9,0.944
M104,18a66_212,A,94.0,2.092e-9,0.964
M104,18a66_212,A,98.0,2.014e-9,0.938
M104,18a66_212,A,102.0,1.314e-9,0.978
M104,18a66_212,A,106.0,6.164e-10,0.900
M104,18a66_212,A,110.0,1.160e-9,0.870
M104,18a66_212,A,114.0,9.245e-10,0.795
M104,18a66_212,A,118.0,8.323e-10,0.804
M104,18a66_212,A,122.0,2.419e-10,0.759
M104,18a66_212,A,126.0,5.429e-10,0.632
M104,18a66_212,A,130.0,5.341e-10,0.565
M104,18a66_212,A,134.0,4.583e-10,0.492
M104,18a66_212,A,138.0,5.991e-11,0.397
M104,18a66_212,A,142.0,3.411e-10,0.353
M104,18a66_212,A,146.0,3.052e-10,0.311
M104,18a66_212,A,150.0,2.104e-10,0.211
M104,18a66_212,A,154.0,1.513e-11,0.161
M104,18a66_212,A,158.0,1.432e-10,0.194
M104,18a66_212,A,162.0,1.056e-10,0.203
M104,18a66_212,A,166.0,6.359e-11,0.131
M104,18a66_212,A,170.0,8.544e-10,0.137
M104,18a66_212,A,174.0,3.168e-11,0.131
M104,18a66_212,A,178.0,1.779e-10,0.116
M104,18a66_212,A,182.0,7.787e-12,0.083
M104,18a66_212,A,186.0,1.838e-12,0.028
M104,18a66_212,A,190.0,2.332e-11,0.064
M104,18a66_212,A,194.0,3.062e-12,0.045
M104,18a66_212,A,198.0,5.519e-11,0.018
M104,18a66_212,A,202.0,3.908e-12,0.011
M104,18a66_212,A,206.0,7.593e-12,0.017
M104,18a66_212,A,210.0,8.999e-13,0.005
M104,18a66_212,A,214.0,2.410e-11,0.015
M104,18a66_212,A,218.0,4.564e-12,0.018
M104,18a66_212,A,222.0,7.384e-11,0.025
M104,18a66_212,A,226.0,1.039e-9,0.028
M104,18a66_212,A,230.0,1.206e-9,0.045
M104,18a66_212,A,234.0,6.495e-10,0.042
M104,18a66_212,A,238.0,1.057e-10,0.027
M104,18a66_212,A,242.0,9.559e-12,0.024
M104,18a66_212,A,246.0,2.677e-11,0.014
M104,18a66_212,A,250.0,3.016e-11,0.025
M104,18a66_212,A,254.0,3.704e-11,0.013
M104,18a66_212,A,258.0,7.104e-10,0.013
M104,18a66_212,A,262.0,1.185e-13,0.004
M104,18a66_212,A,270.0,5.889e-12,0.004
M104,18a66_212,A,274.0,7.754e-12,0.012
M104,18a66_212,A,278.0,4.882e-11,0.012
M104,18a66_212,A,282.0,1.212e-12,0.004
M104,18a66_212,A,286.0,4.524e-12,0.004
M104,18a66_212,A,290.0,5.128e-13,0.004
M104,18a66_212,A,302.0,5.282e-12,0.007
M104,18a66_212,A,306.0,9.285e-10,0.018
M104,18a66_212,A,310.0,4.099e-11,0.018
M104,18a66_212,A,314.0,6.166e-12,0.024
M104,18a66_212,A,318.0,2.558e-9,0.014
M104,18a66_212,A,322.0,4.235e-11,0.019
M104,18a66_212,A,326.0,6.984e-12,0.007
M104,18a66_212,A,330.0,3.631e-13,0.007
M104,18a66_212,A,342.0,2.513e-12,0.013
M104,18a66_212,A,346.0,3.509e-11,0.010
M104,18a66_212,A,350.0,3.603e-11,0.014
M104,18a66_212,A,354.0,3.316e-11,0.009
M104,18a66_212,A,358.0,2.134e-11,0.016
M104,18a66_212,A,366.0,4.093e-14,0.003
M104,18a66_212,A,370.0,8.198e-13,0.006
M104,18a66_212,A,374.0,1.214e-10,0.009
M104,18a66_212,A,378.0,1.448e-12,0.006
M104,18a66_212,A,382.0,5.862e-11,0.012
M104,18a66_212,A,386.0,2.581e-11,0.019
M104,18a66_212,A,390.0,3.235e-12,0.006
M104,18a66_212,A,394.0,7.058e-13,0.003
M104,18a66_212,A,398.0,3.168e-12,0.009
M104,18a66_212,A,406.0,4.856e-12,0.008
M104,18a66_212,A,410.0,2.303e-10,0.022
M104,18a66_212,A,414.0,2.706e-10,0.027
M104,18a66_212,A,418.0,1.571e-10,0.024
M104,18a66_212,A,422.0,9.293e-10,0.015
M104,18a66_212,A,426.0,1.391e-9,0.016
M104,18a66_212,A,430.0,2.142e-10,0.017
M104,18a66_212,A,434.0,3.141e-11,0.017
M104,18a66_212,A,438.0,1.232e-11,0.012
M104,18a66_212,A,442.0,1.240e-12,0.015
M104,18a66_212,A,446.0,9.601e-13,0.008
M104,18a66_212,A,450.0,6.065e-12,0.003
M104,18a66_212,A,458.0,3.015e-13,0.002
M104,18a66_212,A,466.0,1.789e-14,0.002
M104,18a66_212,A,482.0,1.358e-12,0.002
M104,18a66_212,A,486.0,3.167e-13,0.004
M104,18a66_212,A,510.0,1.396e-11,0.002
M104,18a66_212,A,518.0,7.735e-16,0.002
M104,18a66_212,A,546.0,9.698e-16,0.002
M104,18a66_212,B,2.0,3.774e-7,1.000
M104,18a66_212,B,10.0,1.278e-7,1.000
M104,18a66_212,B,14.0,6.373e-8,1.000
M104,18a66_212,B,18.0,4.070e-8,1.000
M104,18a66_212,B,22.0,2.779e-8,1.000
M104,18a66_212,B,26.0,2.655e-8,1.000
M104,18a66_212,B,30.0,2.432e-8,1.000
M104,18a66_212,B,34.0,1.908e-8,1.000
M104,18a66_212,B,38.0,1.486e-8,1.000
M104,18a66_212,B,42.0,1.191e-8,0.972
M104,18a66_212,B,46.0,1.336e-8,1.000
M104,18a66_212,B,50.0,1.062e-8,1.000
M104,18a66_212,B,54.0,8.329e-9,0.979
M104,18a66_212,B,58.0,7.362e-9,1.000
M104,18a66_212,B,62.0,6.784e-9,0.985
M104,18a66_212,B,66.0,6.016e-9,1.000
M104,18a66_212,B,70.0,4.384e-9,0.981
M104,18a66_212,B,74.0,3.746e-9,1.000
M104,18a66_212,B,78.0,4.304e-9,1.000
M104,18a66_212,B,82.0,5.287e-9,1.000
M104,18a66_212,B,86.0,2.743e-9,1.000
M104,18a66_212,B,90.0,1.504e-9,0.944
M104,18a66_212,B,94.0,2.226e-9,0.964
M104,18a66_212,B,98.0,2.129e-9,0.948
M104,18a66_212,B,102.0,1.436e-9,0.989
M104,18a66_212,B,106.0,7.325e-10,0.975
M104,18a66_212,B,110.0,1.245e-9,0.920
M104,18a66_212,B,114.0,9.984e-10,0.893
M104,18a66_212,B,118.0,9.007e-10,0.859
M104,18a66_212,B,122.0,3.036e-10,0.815
M104,18a66_212,B,126.0,5.934e-10,0.721
M104,18a66_212,B,130.0,5.716e-10,0.685
M104,18a66_212,B,134.0,4.915e-10,0.575
M104,18a66_212,B,138.0,8.294e-11,0.491
M104,18a66_212,B,142.0,3.643e-10,0.419
M104,18a66_212,B,146.0,3.349e-10,0.386
M104,18a66_212,B,150.0,2.360e-10,0.266
M104,18a66_212,B,154.0,2.229e-11,0.194
M104,18a66_212,B,158.0,1.688e-10,0.229
M104,18a66_212,B,162.0,1.335e-10,0.230
M104,18a66_212,B,166.0,8.120e-11,0.163
M104,18a66_212,B,170.0,8.578e-10,0.177
M104,18a66_212,B,174.0,4.203e-11,0.155
M104,18a66_212,B,178.0,1.844e-10,0.122
M104,18a66_212,B,182.0,1.127e-11,0.100
M104,18a66_212,B,186.0,2.873e-12,0.049
M104,18a66_212,B,190.0,2.964e-11,0.080
M104,18a66_212,B,194.0,4.733e-12,0.080
M104,18a66_212,B,198.0,5.615e-11,0.037
M104,18a66_212,B,202.0,5.102e-12,0.011
M104,18a66_212,B,206.0,9.759e-12,0.022
M104,18a66_212,B,210.0,1.293e-12,0.030
M104,18a66_212,B,214.0,2.458e-11,0.020
M104,18a66_212,B,218.0,6.188e-12,0.018
M104,18a66_212,B,222.0,7.929e-11,0.025
M104,18a66_212,B,226.0,1.041e-9,0.028
M104,18a66_212,B,230.0,1.207e-9,0.045
M104,18a66_212,B,234.0,6.532e-10,0.042
M104,18a66_212,B,238.0,1.075e-10,0.032
M104,18a66_212,B,242.0,1.237e-11,0.028
M104,18a66_212,B,246.0,2.724e-11,0.019
M104,18a66_212,B,250.0,3.260e-11,0.025
M104,18a66_212,B,254.0,3.753e-11,0.013
M104,18a66_212,B,258.0,7.130e-10,0.013
M104,18a66_212,B,262.0,2.344e-13,0.004
M104,18a66_212,B,270.0,7.324e-12,0.004
M104,18a66_212,B,274.0,9.724e-12,0.012
M104,18a66_212,B,278.0,4.918e-11,0.012
M104,18a66_212,B,282.0,1.631e-12,0.004
M104,18a66_212,B,286.0,5.673e-12,0.004
M104,18a66_212,B,290.0,7.486e-13,0.004
M104,18a66_212,B,298.0,7.843e-16,0.004
M104,18a66_212,B,302.0,6.701e-12,0.007
M104,18a66_212,B,306.0,9.317e-10,0.022
M104,18a66_212,B,310.0,4.215e-11,0.018
M104,18a66_212,B,314.0,8.091e-12,0.028
M104,18a66_212,B,318.0,2.558e-9,0.014
M104,18a66_212,B,322.0,4.668e-11,0.019
M104,18a66_212,B,326.0,8.728e-12,0.007
M104,18a66_212,B,330.0,6.011e-13,0.010
M104,18a66_212,B,338.0,3.043e-15,0.003
M104,18a66_212,B,342.0,3.426e-12,0.013
M104,18a66_212,B,346.0,3.523e-11,0.010
M104,18a66_212,B,350.0,3.629e-11,0.018
M104,18a66_212,B,354.0,3.352e-11,0.009
M104,18a66_212,B,358.0,2.230e-11,0.016
M104,18a66_212,B,366.0,9.801e-14,0.006
M104,18a66_212,B,370.0,1.158e-12,0.006
M104,18a66_212,B,374.0,1.215e-10,0.009
M104,18a66_212,B,378.0,1.948e-12,0.006
M104,18a66_212,B,382.0,6.079e-11,0.012
M104,18a66_212,B,386.0,2.751e-11,0.019
M104,18a66_212,B,390.0,4.109e-12,0.006
M104,18a66_212,B,394.0,9.618e-13,0.003
M104,18a66_212,B,398.0,4.121e-12,0.009
M104,18a66_212,B,406.0,6.206e-12,0.011
M104,18a66_212,B,410.0,2.318e-10,0.028
M104,18a66_212,B,414.0,2.736e-10,0.027
M104,18a66_212,B,418.0,1.593e-10,0.024
M104,18a66_212,B,422.0,9.295e-10,0.018
M104,18a66_212,B,426.0,1.393e-9,0.016
M104,18a66_212,B,430.0,2.166e-10,0.017
M104,18a66_212,B,434.0,3.334e-11,0.017
M104,18a66_212,B,438.0,1.538e-11,0.012
M104,18a66_212,B,442.0,1.884e-12,0.015
M104,18a66_212,B,446.0,1.362e-12,0.011
M104,18a66_212,B,450.0,7.488e-12,0.003
M104,18a66_212,B,458.0,4.452e-13,0.002
M104,18a66_212,B,466.0,5.381e-14,0.002
M104,18a66_212,B,482.0,1.744e-12,0.002
M104,18a66_212,B,486.0,4.852e-13,0.004
M104,18a66_212,B,510.0,1.396e-11,0.002
M104,18a66_212,B,518.0,1.452e-14,0.002
M104,18a66_212,B,546.0,1.548e-14,0.002
M104,18a158_212,A,2.0,4.400e-7,1.000
M104,18a158_212,A,6.0,1.910e-7,1.000
M104,18a158_212,A,10.0,1.058e-7,1.000
M104,18a158_212,A,14.0,6.237e-8,1.000
M104,18a158_212,A,18.0,4.093e-8,1.000
M104,18a158_212,A,22.0,3.077e-8,1.000
M104,18a158_212,A,26.0,2.670e-8,1.000
M104,18a158_212,A,30.0,2.107e-8,1.000
M104,18a158_212,A,34.0,1.947e-8,1.000
M104,18a158_212,A,38.0,1.593e-8,1.000
M104,18a158_212,A,42.0,1.389e-8,0.991
M104,18a158_212,A,46.0,1.171e-8,0.992
M104,18a158_212,A,50.0,9.490e-9,0.983
M104,18a158_212,A,54.0,9.019e-9,0.989
M104,18a158_212,A,58.0,7.785e-9,0.994
M104,18a158_212,A,62.0,6.689e-9,0.988
M104,18a158_212,A,66.0,5.705e-9,0.988
M104,18a158_212,A,70.0,4.635e-9,0.991
M104,18a158_212,A,74.0,4.301e-9,1.000
M104,18a158_212,A,78.0,3.923e-9,0.995
M104,18a158_212,A,82.0,5.101e-9,1.000
M104,18a158_212,A,86.0,3.618e-9,1.000
M104,18a158_212,A,90.0,2.206e-9,0.996
M104,18a158_212,A,94.0,1.902e-9,0.961
M104,18a158_212,A,98.0,1.790e-9,0.956
M104,18a158_212,A,102.0,1.435e-9,0.981
M104,18a158_212,A,106.0,1.258e-9,0.981
M104,18a158_212,A,110.0,9.977e-10,0.947
M104,18a158_212,A,114.0,8.646e-10,0.934
M104,18a158_212,A,118.0,8.348e-10,0.905
M104,18a158_212,A,122.0,7.054e-10,0.829
M104,18a158_212,A,126.0,5.959e-10,0.753
M104,18a158_212,A,130.0,4.568e-10,0.698
M104,18a158_212,A,134.0,4.194e-10,0.588
M104,18a158_212,A,138.0,5.522e-10,0.505
M104,18a158_212,A,142.0,3.422e-10,0.472
M104,18a158_212,A,146.0,2.692e-10,0.363
M104,18a158_212,A,150.0,2.105e-10,0.293
M104,18a158_212,A,154.0,1.231e-10,0.238
M104,18a158_212,A,158.0,1.456e-10,0.230
M104,18a158_212,A,162.0,1.250e-10,0.211
M104,18a158_212,A,166.0,1.680e-10,0.217
M104,18a158_212,A,170.0,1.933e-10,0.188
M104,18a158_212,A,174.0,5.259e-11,0.146
M104,18a158_212,A,178.0,6.292e-11,0.136
M104,18a158_212,A,182.0,1.465e-11,0.113
M104,18a158_212,A,186.0,9.068e-12,0.105
M104,18a158_212,A,190.0,1.488e-11,0.078
M104,18a158_212,A,194.0,1.412e-11,0.054
M104,18a158_212,A,198.0,8.456e-11,0.051
M104,18a158_212,A,202.0,3.086e-12,0.026
M104,18a158_212,A,206.0,1.755e-11,0.020
M104,18a158_212,A,210.0,1.846e-12,0.016
M104,18a158_212,A,214.0,2.097e-11,0.025
M104,18a158_212,A,218.0,4.996e-11,0.029
M104,18a158_212,A,222.0,2.992e-10,0.031
M104,18a158_212,A,226.0,7.190e-10,0.040
M104,18a158_212,A,230.0,1.249e-9,0.045
M104,18a158_212,A,234.0,2.481e-10,0.043
M104,18a158_212,A,238.0,3.488e-11,0.025
M104,18a158_212,A,242.0,6.837e-12,0.030
M104,18a158_212,A,246.0,3.087e-11,0.025
M104,18a158_212,A,250.0,1.772e-11,0.018
M104,18a158_212,A,254.0,2.038e-10,0.025
M104,18a158_212,A,258.0,7.052e-11,0.009
M104,18a158_212,A,262.0,9.020e-12,0.006
M104,18a158_212,A,266.0,1.098e-12,0.006
M104,18a158_212,A,270.0,5.451e-11,0.012
M104,18a158_212,A,274.0,4.482e-12,0.009
M104,18a158_212,A,278.0,4.171e-11,0.008
M104,18a158_212,A,282.0,4.585e-11,0.005
M104,18a158_212,A,286.0,1.592e-12,0.003
M104,18a158_212,A,290.0,4.183e-12,0.007
M104,18a158_212,A,294.0,3.184e-12,0.004
M104,18a158_212,A,298.0,1.832e-13,0.004
M104,18a158_212,A,302.0,1.403e-11,0.013
M104,18a158_212,A,306.0,8.130e-10,0.018
M104,18a158_212,A,310.0,4.747e-10,0.025
M104,18a158_212,A,314.0,3.320e-10,0.023
M104,18a158_212,A,318.0,1.143e-9,0.019
M104,18a158_212,A,322.0,1.265e-10,0.025
M104,18a158_212,A,326.0,1.229e-11,0.010
M104,18a158_212,A,330.0,5.383e-12,0.007
M104,18a158_212,A,334.0,3.974e-13,0.005
M104,18a158_212,A,338.0,3.574e-12,0.007
M104,18a158_212,A,342.0,5.731e-11,0.013
M104,18a158_212,A,346.0,2.308e-12,0.009
M104,18a158_212,A,350.0,1.545e-10,0.010
M104,18a158_212,A,354.0,4.009e-11,0.013
M104,18a158_212,A,358.0,9.449e-12,0.009
M104,18a158_212,A,362.0,1.968e-14,0.001
M104,18a158_212,A,366.0,2.725e-14,0.002
M104,18a158_212,A,370.0,1.104e-11,0.008
M104,18a158_212,A,374.0,5.529e-11,0.007
M104,18a158_212,A,378.0,1.153e-10,0.010
M104,18a158_212,A,382.0,4.204e-11,0.012
M104,18a158_212,A,386.0,2.931e-11,0.013
M104,18a158_212,A,390.0,1.161e-11,0.008
M104,18a158_212,A,394.0,7.537e-12,0.011
M104,18a158_212,A,398.0,7.905e-14,0.004
M104,18a158_212,A,402.0,1.499e-12,0.003
M104,18a158_212,A,406.0,5.898e-12,0.012
M104,18a158_212,A,410.0,9.850e-11,0.024
M104,18a158_212,A,414.0,7.778e-10,0.024
M104,18a158_212,A,418.0,1.462e-10,0.025
M104,18a158_212,A,422.0,6.397e-10,0.021
M104,18a158_212,A,426.0,6.661e-10,0.018
M104,18a158_212,A,430.0,3.679e-10,0.015
M104,18a158_212,A,434.0,5.116e-11,0.018
M104,18a158_212,A,438.0,1.116e-11,0.014
M104,18a158_212,A,442.0,3.009e-12,0.013
M104,18a158_212,A,446.0,2.085e-13,0.007
M104,18a158_212,A,450.0,1.284e-12,0.003
M104,18a158_212,A,458.0,4.494e-12,0.002
M104,18a158_212,A,462.0,2.682e-12,0.002
M104,18a158_212,A,466.0,1.645e-12,0.002
M104,18a158_212,A,470.0,1.441e-13,0.000
M104,18a158_212,A,474.0,1.115e-17,0.000
M104,18a158_212,A,478.0,4.170e-13,0.003
M104,18a158_212,A,482.0,1.407e-12,0.003
M104,18a158_212,A,486.0,9.843e-13,0.003
M104,18a158_212,A,490.0,6.671e-14,0.001
M104,18a158_212,A,494.0,2.431e-13,0.001
M104,18a158_212,A,498.0,1.197e-15,0.000
M104,18a158_212,A,502.0,3.419e-15,0.000
M104,18a158_212,A,510.0,5.595e-12,0.002
M104,18a158_212,A,514.0,4.579e-12,0.001
M104,18a158_212,A,518.0,5.643e-14,0.001
M104,18a158_212,A,522.0,2.270e-15,0.000
M104,18a158_212,A,546.0,1.945e-13,0.000
M104,18a158_212,A,550.0,8.484e-13,0.001
M104,18a158_212,B,2.0,4.400e-7,1.000
M104,18a158_212,B,6.0,1.910e-7,1.000
M104,18a158_212,B,10.0,1.058e-7,1.000
M104,18a158_212,B,14.0,6.237e-8,1.000
M104,18a158_212,B,18.0,4.070e-8,1.000
M104,18a158_212,B,22.0,3.060e-8,0.992
M104,18a158_212,B,26.0,2.659e-8,1.000
M104,18a158_212,B,30.0,2.095e-8,1.000
M104,18a158_212,B,34.0,1.939e-8,1.000
M104,18a158_212,B,38.0,1.586e-8,1.000
M104,18a158_212,B,42.0,1.382e-8,0.986
M104,18a158_212,B,46.0,1.157e-8,0.983
M104,18a158_212,B,50.0,9.208e-9,0.975
M104,18a158_212,B,54.0,8.546e-9,0.989
M104,18a158_212,B,58.0,7.107e-9,0.987
M104,18a158_212,B,62.0,5.891e-9,0.988
M104,18a158_212,B,66.0,4.831e-9,0.988
M104,18a158_212,B,70.0,3.762e-9,0.989
M104,18a158_212,B,74.0,3.469e-9,0.995
M104,18a158_212,B,78.0,3.180e-9,0.990
M104,18a158_212,B,82.0,4.414e-9,0.998
M104,18a158_212,B,86.0,3.010e-9,0.986
M104,18a158_212,B,90.0,1.662e-9,0.967
M104,18a158_212,B,94.0,1.439e-9,0.939
M104,18a158_212,B,98.0,1.394e-9,0.880
M104,18a158_212,B,102.0,1.098e-9,0.810
M104,18a158_212,B,106.0,9.694e-10,0.763
M104,18a158_212,B,110.0,7.376e-10,0.706
M104,18a158_212,B,114.0,6.334e-10,0.688
M104,18a158_212,B,118.0,6.369e-10,0.615
M104,18a158_212,B,122.0,5.363e-10,0.571
M104,18a158_212,B,126.0,4.499e-10,0.457
M104,18a158_212,B,130.0,3.420e-10,0.398
M104,18a158_212,B,134.0,3.123e-10,0.374
M104,18a158_212,B,138.0,4.599e-10,0.321
M104,18a158_212,B,142.0,2.471e-10,0.275
M104,18a158_212,B,146.0,1.875e-10,0.196
M104,18a158_212,B,150.0,1.337e-10,0.159
M104,18a158_212,B,154.0,6.438e-11,0.135
M104,18a158_212,B,158.0,7.300e-11,0.126
M104,18a158_212,B,162.0,5.764e-11,0.130
M104,18a158_212,B,166.0,1.078e-10,0.127
M104,18a158_212,B,170.0,1.552e-10,0.105
M104,18a158_212,B,174.0,3.357e-11,0.074
M104,18a158_212,B,178.0,4.366e-11,0.068
M104,18a158_212,B,182.0,4.099e-12,0.049
M104,18a158_212,B,186.0,2.077e-12,0.038
M104,18a158_212,B,190.0,8.177e-12,0.025
M104,18a158_212,B,194.0,1.095e-11,0.014
M104,18a158_212,B,198.0,7.463e-11,0.023
M104,18a158_212,B,202.0,1.234e-12,0.005
M104,18a158_212,B,206.0,1.071e-11,0.011
M104,18a158_212,B,210.0,6.457e-13,0.004
M104,18a158_212,B,214.0,1.689e-11,0.016
M104,18a158_212,B,218.0,3.404e-11,0.024
M104,18a158_212,B,222.0,2.912e-10,0.026
M104,18a158_212,B,226.0,7.095e-10,0.031
M104,18a158_212,B,230.0,1.241e-9,0.036
M104,18a158_212,B,234.0,2.375e-10,0.031
M104,18a158_212,B,238.0,2.263e-11,0.019
M104,18a158_212,B,242.0,2.341e-12,0.018
M104,18a158_212,B,246.0,2.535e-11,0.013
M104,18a158_212,B,250.0,1.084e-11,0.011
M104,18a158_212,B,254.0,1.939e-10,0.019
M104,18a158_212,B,258.0,6.880e-11,0.007
M104,18a158_212,B,262.0,6.850e-12,0.005
M104,18a158_212,B,266.0,3.892e-13,0.002
M104,18a158_212,B,270.0,5.210e-11,0.009
M104,18a158_212,B,274.0,1.992e-12,0.005
M104,18a158_212,B,278.0,3.914e-11,0.006
M104,18a158_212,B,282.0,4.475e-11,0.005
M104,18a158_212,B,286.0,6.695e-13,0.002
M104,18a158_212,B,290.0,2.070e-12,0.003
M104,18a158_212,B,294.0,1.578e-12,0.002
M104,18a158_212,B,298.0,6.261e-15,0.002
M104,18a158_212,B,302.0,9.446e-12,0.008
M104,18a158_212,B,306.0,8.083e-10,0.013
M104,18a158_212,B,310.0,4.659e-10,0.021
M104,18a158_212,B,314.0,3.270e-10,0.016
M104,18a158_212,B,318.0,1.139e-9,0.014
M104,18a158_212,B,322.0,1.208e-10,0.020
M104,18a158_212,B,326.0,1.040e-11,0.006
M104,18a158_212,B,330.0,3.216e-12,0.003
M104,18a158_212,B,334.0,7.534e-14,0.002
M104,18a158_212,B,338.0,1.573e-12,0.004
M104,18a158_212,B,342.0,5.226e-11,0.011
M104,18a158_212,B,346.0,8.240e-13,0.006
M104,18a158_212,B,350.0,1.536e-10,0.008
M104,18a158_212,B,354.0,3.654e-11,0.008
M104,18a158_212,B,358.0,8.076e-12,0.006
M104,18a158_212,B,370.0,9.863e-12,0.004
M104,18a158_212,B,374.0,5.402e-11,0.006
M104,18a158_212,B,378.0,1.128e-10,0.007
M104,18a158_212,B,382.0,3.809e-11,0.011
M104,18a158_212,B,386.0,2.412e-11,0.011
M104,18a158_212,B,390.0,1.021e-11,0.004
M104,18a158_212,B,394.0,5.714e-12,0.007
M104,18a158_212,B,402.0,5.667e-13,0.003
M104,18a158_212,B,406.0,3.776e-12,0.005
M104,18a158_212,B,410.0,9.372e-11,0.017
M104,18a158_212,B,414.0,7.675e-10,0.020
M104,18a158_212,B,418.0,1.366e-10,0.021
M104,18a158_212,B,422.0,6.350e-10,0.017
M104,18a158_212,B,426.0,6.619e-10,0.015
M104,18a158_212,B,430.0,3.640e-10,0.012
M104,18a158_212,B,434.0,4.585e-11,0.012
M104,18a158_212,B,438.0,5.953e-12,0.010
M104,18a158_212,B,442.0,1.057e-12,0.007
M104,18a158_212,B,446.0,1.251e-14,0.001
M104,18a158_212,B,450.0,5.764e-13,0.001
M104,18a158_212,B,458.0,3.233e-12,0.001
M104,18a158_212,B,462.0,2.664e-12,0.000
M104,18a158_212,B,466.0,7.584e-13,0.001
M104,18a158_212,B,470.0,4.342e-14,0.000
M104,18a158_212,B,478.0,1.111e-13,0.002
M104,18a158_212,B,482.0,5.747e-13,0.002
M104,18a158_212,B,486.0,3.581e-13,0.003
M104,18a158_212,B,490.0,4.841e-15,0.001
M104,18a158_212,B,494.0,6.558e-14,0.001
M104,18a158_212,B,510.0,5.460e-12,0.001
M104,18a158_212,B,514.0,3.767e-12,0.001
M104,18a158_212,B,518.0,6.541e-15,0.000
M104,18a158_212,B,546.0,7.076e-14,0.000
M104,18a158_212,B,550.0,4.024e-13,0.001
M104,12a152_212,A,2.0,4.267e-7,1.000
M104,12a152_212,A,6.0,2.082e-7,1.000
M104,12a152_212,A,10.0,1.091e-7,1.000
M104,12a152_212,A,14.0,6.180e-8,1.000
M104,12a152_212,A,18.0,4.058e-8,1.000
M104,12a152_212,A,22.0,3.003e-8,1.000
M104,12a152_212,A,26.0,2.641e-8,1.000
M104,12a152_212,A,30.0,2.272e-8,1.000
M104,12a152_212,A,34.0,1.860e-8,1.000
M104,12a152_212,A,38.0,1.503e-8,1.000
M104,12a152_212,A,42.0,1.393e-8,0.990
M104,12a152_212,A,46.0,1.196e-8,0.995
M104,12a152_212,A,50.0,1.008e-8,0.982
M104,12a152_212,A,54.0,8.334e-9,0.996
M104,12a152_212,A,58.0,7.723e-9,0.993
M104,12a152_212,A,62.0,6.412e-9,0.987
M104,12a152_212,A,66.0,5.129e-9,0.987
M104,12a152_212,A,70.0,4.529e-9,0.991
M104,12a152_212,A,74.0,4.037e-9,0.997
M104,12a152_212,A,78.0,3.448e-9,0.994
M104,12a152_212,A,82.0,5.430e-9,0.995
M104,12a152_212,A,86.0,2.904e-9,0.995
M104,12a152_212,A,90.0,2.091e-9,0.982
M104,12a152_212,A,94.0,1.786e-9,0.951
M104,12a152_212,A,98.0,1.329e-9,0.930
M104,12a152_212,A,102.0,1.323e-9,0.930
M104,12a152_212,A,106.0,1.108e-9,0.899
M104,12a152_212,A,110.0,9.840e-10,0.848
M104,12a152_212,A,114.0,6.480e-10,0.810
M104,12a152_212,A,118.0,7.573e-10,0.791
M104,12a152_212,A,122.0,6.316e-10,0.719
M104,12a152_212,A,126.0,4.843e-10,0.612
M104,12a152_212,A,130.0,3.420e-10,0.532
M104,12a152_212,A,134.0,4.871e-10,0.478
M104,12a152_212,A,138.0,4.901e-10,0.423
M104,12a152_212,A,142.0,2.536e-10,0.352
M104,12a152_212,A,146.0,1.932e-10,0.283
M104,12a152_212,A,150.0,1.919e-10,0.203
M104,12a152_212,A,154.0,1.541e-10,0.201
M104,12a152_212,A,158.0,6.662e-11,0.155
M104,12a152_212,A,162.0,8.937e-11,0.172
M104,12a152_212,A,166.0,1.476e-10,0.174
M104,12a152_212,A,170.0,1.670e-10,0.150
M104,12a152_212,A,174.0,4.395e-11,0.116
M104,12a152_212,A,178.0,5.065e-11,0.097
M104,12a152_212,A,182.0,8.708e-12,0.083
M104,12a152_212,A,186.0,4.122e-12,0.062
M104,12a152_212,A,190.0,1.117e-11,0.043
M104,12a152_212,A,194.0,6.509e-12,0.033
M104,12a152_212,A,198.0,6.991e-11,0.026
M104,12a152_212,A,202.0,1.892e-11,0.012
M104,12a152_212,A,206.0,1.399e-11,0.009
M104,12a152_212,A,210.0,1.547e-12,0.011
M104,12a152_212,A,214.0,4.011e-12,0.019
M104,12a152_212,A,218.0,5.076e-11,0.027
M104,12a152_212,A,222.0,2.535e-10,0.029
M104,12a152_212,A,226.0,9.064e-10,0.034
M104,12a152_212,A,230.0,1.085e-9,0.042
M104,12a152_212,A,234.0,2.607e-10,0.038
M104,12a152_212,A,238.0,3.048e-11,0.021
M104,12a152_212,A,242.0,4.833e-12,0.027
M104,12a152_212,A,246.0,2.617e-11,0.017
M104,12a152_212,A,250.0,1.709e-11,0.015
M104,12a152_212,A,254.0,2.015e-10,0.019
M104,12a152_212,A,258.0,7.141e-11,0.009
M104,12a152_212,A,262.0,8.546e-12,0.005
M104,12a152_212,A,266.0,1.198e-12,0.005
M104,12a152_212,A,270.0,4.786e-11,0.008
M104,12a152_212,A,274.0,5.908e-12,0.008
M104,12a152_212,A,278.0,4.566e-11,0.005
M104,12a152_212,A,282.0,3.792e-11,0.006
M104,12a152_212,A,286.0,1.207e-12,0.001
M104,12a152_212,A,290.0,2.885e-12,0.007
M104,12a152_212,A,294.0,4.853e-13,0.007
M104,12a152_212,A,298.0,4.337e-13,0.001
M104,12a152_212,A,302.0,1.514e-11,0.011
M104,12a152_212,A,306.0,1.015e-9,0.013
M104,12a152_212,A,310.0,3.019e-10,0.023
M104,12a152_212,A,314.0,2.404e-10,0.020
M104,12a152_212,A,318.0,1.182e-9,0.015
M104,12a152_212,A,322.0,1.289e-10,0.023
M104,12a152_212,A,326.0,2.996e-12,0.006
M104,12a152_212,A,330.0,2.814e-12,0.006
M104,12a152_212,A,334.0,8.873e-14,0.004
M104,12a152_212,A,338.0,1.033e-12,0.004
M104,12a152_212,A,342.0,5.752e-11,0.013
M104,12a152_212,A,346.0,2.809e-12,0.009
M104,12a152_212,A,350.0,1.442e-10,0.009
M104,12a152_212,A,354.0,4.245e-11,0.012
M104,12a152_212,A,358.0,5.759e-12,0.006
M104,12a152_212,A,362.0,9.443e-16,0.001
M104,12a152_212,A,366.0,1.580e-18,0.001
M104,12a152_212,A,370.0,2.048e-11,0.006
M104,12a152_212,A,374.0,4.100e-11,0.006
M104,12a152_212,A,378.0,9.318e-11,0.009
M104,12a152_212,A,382.0,5.025e-11,0.009
M104,12a152_212,A,386.0,3.713e-11,0.012
M104,12a152_212,A,390.0,9.896e-12,0.006
M104,12a152_212,A,394.0,6.346e-12,0.009
M104,12a152_212,A,398.0,1.130e-13,0.004
M104,12a152_212,A,402.0,6.038e-13,0.003
M104,12a152_212,A,406.0,1.401e-11,0.008
M104,12a152_212,A,410.0,9.187e-11,0.018
M104,12a152_212,A,414.0,7.738e-10,0.021
M104,12a152_212,A,418.0,1.617e-10,0.026
M104,12a152_212,A,422.0,6.247e-10,0.019
M104,12a152_212,A,426.0,6.937e-10,0.015
M104,12a152_212,A,430.0,3.304e-10,0.014
M104,12a152_212,A,434.0,5.620e-11,0.016
M104,12a152_212,A,438.0,9.063e-12,0.011
M104,12a152_212,A,442.0,1.769e-12,0.009
M104,12a152_212,A,446.0,8.274e-14,0.003
M104,12a152_212,A,450.0,6.842e-13,0.002
M104,12a152_212,A,458.0,6.237e-12,0.002
M104,12a152_212,A,462.0,3.311e-14,0.001
M104,12a152_212,A,466.0,1.085e-12,0.002
M104,12a152_212,A,470.0,4.301e-14,0.000
M104,12a152_212,A,478.0,1.390e-13,0.001
M104,12a152_212,A,482.0,9.855e-13,0.003
M104,12a152_212,A,486.0,6.349e-13,0.002
M104,12a152_212,A,490.0,2.707e-14,0.001
M104,12a152_212,A,494.0,1.101e-13,0.001
M104,12a152_212,A,510.0,7.447e-12,0.002
M104,12a152_212,A,514.0,2.216e-12,0.001
M104,12a152_212,A,522.0,5.936e-15,0.000
M104,12a152_212,A,546.0,3.031e-13,0.000
M104,12a152_212,A,550.0,2.099e-15,0.000
M104,12a152_212,B,2.0,4.267e-7,1.000
M104,12a152_212,B,6.0,2.082e-7,1.000
M104,12a152_212,B,10.0,1.091e-7,1.000
M104,12a152_212,B,14.0,6.165e-8,1.000
M104,12a152_212,B,18.0,4.030e-8,1.000
M104,12a152_212,B,22.0,2.977e-8,1.000
M104,12a152_212,B,26.0,2.624e-8,0.993
M104,12a152_212,B,30.0,2.259e-8,1.000
M104,12a152_212,B,34.0,1.849e-8,1.000
M104,12a152_212,B,38.0,1.488e-8,1.000
M104,12a152_212,B,42.0,1.363e-8,0.986
M104,12a152_212,B,46.0,1.140e-8,0.986
M104,12a152_212,B,50.0,9.247e-9,0.973
M104,12a152_212,B,54.0,7.243e-9,0.988
M104,12a152_212,B,58.0,6.570e-9,0.986
M104,12a152_212,B,62.0,5.215e-9,0.987
M104,12a152_212,B,66.0,4.012e-9,0.987
M104,12a152_212,B,70.0,3.479e-9,0.991
M104,12a152_212,B,74.0,3.120e-9,0.992
M104,12a152_212,B,78.0,2.629e-9,0.983
M104,12a152_212,B,82.0,4.677e-9,0.986
M104,12a152_212,B,86.0,2.306e-9,0.985
M104,12a152_212,B,90.0,1.579e-9,0.929
M104,12a152_212,B,94.0,1.359e-9,0.834
M104,12a152_212,B,98.0,9.519e-10,0.780
M104,12a152_212,B,102.0,1.032e-9,0.690
M104,12a152_212,B,106.0,8.580e-10,0.638
M104,12a152_212,B,110.0,7.572e-10,0.585
M104,12a152_212,B,114.0,4.331e-10,0.509
M104,12a152_212,B,118.0,5.647e-10,0.447
M104,12a152_212,B,122.0,4.594e-10,0.426
M104,12a152_212,B,126.0,3.320e-10,0.362
M104,12a152_212,B,130.0,2.080e-10,0.304
M104,12a152_212,B,134.0,3.445e-10,0.263
M104,12a152_212,B,138.0,3.539e-10,0.230
M104,12a152_212,B,142.0,1.514e-10,0.177
M104,12a152_212,B,146.0,1.019e-10,0.142
M104,12a152_212,B,150.0,9.808e-11,0.115
M104,12a152_212,B,154.0,7.012e-11,0.108
M104,12a152_212,B,158.0,2.722e-11,0.081
M104,12a152_212,B,162.0,3.672e-11,0.102
M104,12a152_212,B,166.0,9.924e-11,0.099
M104,12a152_212,B,170.0,1.361e-10,0.086
M104,12a152_212,B,174.0,2.863e-11,0.044
M104,12a152_212,B,178.0,3.967e-11,0.045
M104,12a152_212,B,182.0,1.737e-12,0.032
M104,12a152_212,B,186.0,5.084e-13,0.023
M104,12a152_212,B,190.0,4.779e-12,0.010
M104,12a152_212,B,194.0,2.604e-12,0.006
M104,12a152_212,B,198.0,6.008e-11,0.017
M104,12a152_212,B,202.0,1.781e-11,0.006
M104,12a152_212,B,206.0,6.661e-12,0.006
M104,12a152_212,B,210.0,5.584e-13,0.003
M104,12a152_212,B,214.0,1.176e-12,0.011
M104,12a152_212,B,218.0,3.570e-11,0.021
M104,12a152_212,B,222.0,2.408e-10,0.025
M104,12a152_212,B,226.0,8.975e-10,0.027
M104,12a152_212,B,230.0,1.073e-9,0.036
M104,12a152_212,B,234.0,2.492e-10,0.028
M104,12a152_212,B,238.0,1.726e-11,0.016
M104,12a152_212,B,242.0,1.524e-12,0.013
M104,12a152_212,B,246.0,2.098e-11,0.009
M104,12a152_212,B,250.0,9.292e-12,0.009
M104,12a152_212,B,254.0,1.901e-10,0.016
M104,12a152_212,B,258.0,6.871e-11,0.007
M104,12a152_212,B,262.0,4.875e-12,0.004
M104,12a152_212,B,266.0,3.804e-13,0.003
M104,12a152_212,B,270.0,4.234e-11,0.008
M104,12a152_212,B,274.0,2.606e-12,0.005
M104,12a152_212,B,278.0,4.518e-11,0.004
M104,12a152_212,B,282.0,3.665e-11,0.005
M104,12a152_212,B,286.0,4.841e-13,0.001
M104,12a152_212,B,290.0,1.241e-12,0.002
M104,12a152_212,B,294.0,5.426e-14,0.002
M104,12a152_212,B,298.0,1.186e-13,0.001
M104,12a152_212,B,302.0,9.186e-12,0.008
M104,12a152_212,B,306.0,1.011e-9,0.010
M104,12a152_212,B,310.0,2.945e-10,0.020
M104,12a152_212,B,314.0,2.326e-10,0.015
M104,12a152_212,B,318.0,1.174e-9,0.013
M104,12a152_212,B,322.0,1.200e-10,0.015
M104,12a152_212,B,326.0,1.180e-12,0.004
M104,12a152_212,B,330.0,1.087e-12,0.004
M104,12a152_212,B,334.0,3.571e-17,0.001
M104,12a152_212,B,338.0,3.524e-13,0.002
M104,12a152_212,B,342.0,5.222e-11,0.010
M104,12a152_212,B,346.0,1.104e-12,0.004
M104,12a152_212,B,350.0,1.409e-10,0.005
M104,12a152_212,B,354.0,3.913e-11,0.007
M104,12a152_212,B,358.0,4.144e-12,0.005
M104,12a152_212,B,370.0,1.977e-11,0.005
M104,12a152_212,B,374.0,3.973e-11,0.005
M104,12a152_212,B,378.0,8.983e-11,0.008
M104,12a152_212,B,382.0,4.582e-11,0.007
M104,12a152_212,B,386.0,3.151e-11,0.010
M104,12a152_212,B,390.0,6.172e-12,0.004
M104,12a152_212,B,394.0,5.066e-12,0.005
M104,12a152_212,B,398.0,1.004e-14,0.001
M104,12a152_212,B,402.0,1.859e-13,0.001
M104,12a152_212,B,406.0,1.185e-11,0.004
M104,12a152_212,B,410.0,8.554e-11,0.012
M104,12a152_212,B,414.0,7.635e-10,0.017
M104,12a152_212,B,418.0,1.511e-10,0.021
M104,12a152_212,B,422.0,6.189e-10,0.014
M104,12a152_212,B,426.0,6.894e-10,0.013
M104,12a152_212,B,430.0,3.255e-10,0.012
M104,12a152_212,B,434.0,4.842e-11,0.011
M104,12a152_212,B,438.0,3.946e-12,0.008
M104,12a152_212,B,442.0,4.932e-13,0.005
M104,12a152_212,B,446.0,4.110e-18,0.000
M104,12a152_212,B,450.0,2.547e-13,0.001
M104,12a152_212,B,458.0,4.351e-12,0.002
M104,12a152_212,B,466.0,4.412e-13,0.001
M104,12a152_212,B,470.0,1.840e-15,0.000
M104,12a152_212,B,478.0,2.696e-14,0.000
M104,12a152_212,B,482.0,3.180e-13,0.002
M104,12a152_212,B,486.0,1.921e-13,0.002
M104,12a152_212,B,494.0,6.313e-15,0.001
M104,12a152_212,B,510.0,6.760e-12,0.002
M104,12a152_212,B,514.0,1.235e-12,0.001
M104,12a152_212,B,546.0,1.159e-13,0.000
M104,18a158_220,A,2.0,4.400e-7,1.000
M104,18a158_220,A,6.0,1.910e-7,1.000
M104,18a158_220,A,10.0,1.058e-7,1.000
M104,18a158_220,A,14.0,6.237e-8,1.000
M104,18a158_220,A,18.0,4.100e-8,1.000
M104,18a158_220,A,22.0,3.083e-8,1.000
M104,18a158_220,A,26.0,2.672e-8,1.000
M104,18a158_220,A,30.0,2.111e-8,1.000
M104,18a158_220,A,34.0,1.949e-8,1.000
M104,18a158_220,A,38.0,1.595e-8,1.000
M104,18a158_220,A,42.0,1.391e-8,1.000
M104,18a158_220,A,46.0,1.172e-8,0.996
M104,18a158_220,A,50.0,9.509e-9,0.992
M104,18a158_220,A,54.0,9.038e-9,0.989
M104,18a158_220,A,58.0,7.829e-9,1.000
M104,18a158_220,A,62.0,6.779e-9,0.988
M104,18a158_220,A,66.0,5.860e-9,0.988
M104,18a158_220,A,70.0,4.882e-9,0.991
M104,18a158_220,A,74.0,4.626e-9,1.000
M104,18a158_220,A,78.0,4.264e-9,0.995
M104,18a158_220,A,82.0,5.423e-9,1.000
M104,18a158_220,A,86.0,3.937e-9,1.000
M104,18a158_220,A,90.0,2.507e-9,1.000
M104,18a158_220,A,94.0,2.167e-9,0.976
M104,18a158_220,A,98.0,2.027e-9,0.968
M104,18a158_220,A,102.0,1.662e-9,0.991
M104,18a158_220,A,106.0,1.476e-9,0.993
M104,18a158_220,A,110.0,1.202e-9,0.967
M104,18a158_220,A,114.0,1.061e-9,0.983
M104,18a158_220,A,118.0,1.012e-9,0.976
M104,18a158_220,A,122.0,8.632e-10,0.946
M104,18a158_220,A,126.0,7.289e-10,0.908
M104,18a158_220,A,130.0,5.647e-10,0.876
M104,18a158_220,A,134.0,5.084e-10,0.747
M104,18a158_220,A,138.0,6.245e-10,0.655
M104,18a158_220,A,142.0,4.078e-10,0.598
M104,18a158_220,A,146.0,3.163e-10,0.533
M104,18a158_220,A,150.0,2.500e-10,0.442
M104,18a158_220,A,154.0,1.603e-10,0.363
M104,18a158_220,A,158.0,1.807e-10,0.329
M104,18a158_220,A,162.0,1.659e-10,0.335
M104,18a158_220,A,166.0,2.106e-10,0.311
M104,18a158_220,A,170.0,2.298e-10,0.285
M104,18a158_220,A,174.0,7.567e-11,0.239
M104,18a158_220,A,178.0,8.503e-11,0.211
M104,18a158_220,A,182.0,2.906e-11,0.171
M104,18a158_220,A,186.0,1.967e-11,0.178
M104,18a158_220,A,190.0,2.185e-11,0.158
M104,18a158_220,A,194.0,1.791e-11,0.130
M104,18a158_220,A,198.0,9.093e-11,0.117
M104,18a158_220,A,202.0,5.342e-12,0.080
M104,18a158_220,A,206.0,2.056e-11,0.062
M104,18a158_220,A,210.0,3.649e-12,0.040
M104,18a158_220,A,214.0,2.601e-11,0.031
M104,18a158_220,A,218.0,5.623e-11,0.033
M104,18a158_220,A,222.0,3.038e-10,0.038
M104,18a158_220,A,226.0,7.235e-10,0.049
M104,18a158_220,A,230.0,1.254e-9,0.053
M104,18a158_220,A,234.0,2.543e-10,0.050
M104,18a158_220,A,238.0,3.997e-11,0.035
M104,18a158_220,A,242.0,1.252e-11,0.039
M104,18a158_220,A,246.0,3.336e-11,0.037
M104,18a158_220,A,250.0,2.182e-11,0.024
M104,18a158_220,A,254.0,2.082e-10,0.027
M104,18a158_220,A,258.0,7.194e-11,0.012
M104,18a158_220,A,262.0,1.015e-11,0.006
M104,18a158_220,A,266.0,2.030e-12,0.009
M104,18a158_220,A,270.0,5.645e-11,0.016
M104,18a158_220,A,274.0,6.180e-12,0.011
M104,18a158_220,A,278.0,4.263e-11,0.011
M104,18a158_220,A,282.0,4.685e-11,0.008
M104,18a158_220,A,286.0,2.732e-12,0.004
M104,18a158_220,A,290.0,5.376e-12,0.011
M104,18a158_220,A,294.0,3.841e-12,0.009
M104,18a158_220,A,298.0,5.205e-13,0.007
M104,18a158_220,A,302.0,1.678e-11,0.015
M104,18a158_220,A,306.0,8.165e-10,0.023
M104,18a158_220,A,310.0,4.786e-10,0.033
M104,18a158_220,A,314.0,3.366e-10,0.030
M104,18a158_220,A,318.0,1.146e-9,0.023
M104,18a158_220,A,322.0,1.299e-10,0.029
M104,18a158_220,A,326.0,1.413e-11,0.014
M104,18a158_220,A,330.0,6.478e-12,0.012
M104,18a158_220,A,334.0,8.701e-13,0.009
M104,18a158_220,A,338.0,5.358e-12,0.012
M104,18a158_220,A,342.0,6.062e-11,0.014
M104,18a158_220,A,346.0,4.152e-12,0.011
M104,18a158_220,A,350.0,1.556e-10,0.013
M104,18a158_220,A,354.0,4.189e-11,0.015
M104,18a158_220,A,358.0,1.114e-11,0.012
M104,18a158_220,A,362.0,6.376e-14,0.002
M104,18a158_220,A,366.0,1.201e-13,0.003
M104,18a158_220,A,370.0,1.207e-11,0.009
M104,18a158_220,A,374.0,5.675e-11,0.009
M104,18a158_220,A,378.0,1.168e-10,0.013
M104,18a158_220,A,382.0,4.444e-11,0.016
M104,18a158_220,A,386.0,3.148e-11,0.015
M104,18a158_220,A,390.0,1.302e-11,0.010
M104,18a158_220,A,394.0,8.925e-12,0.012
M104,18a158_220,A,398.0,2.949e-13,0.004
M104,18a158_220,A,402.0,2.605e-12,0.004
M104,18a158_220,A,406.0,7.308e-12,0.017
M104,18a158_220,A,410.0,1.018e-10,0.027
M104,18a158_220,A,414.0,7.832e-10,0.027
M104,18a158_220,A,418.0,1.501e-10,0.028
M104,18a158_220,A,422.0,6.422e-10,0.026
M104,18a158_220,A,426.0,6.684e-10,0.021
M104,18a158_220,A,430.0,3.696e-10,0.016
M104,18a158_220,A,434.0,5.389e-11,0.021
M104,18a158_220,A,438.0,1.425e-11,0.016
M104,18a158_220,A,442.0,5.451e-12,0.018
M104,18a158_220,A,446.0,6.296e-13,0.010
M104,18a158_220,A,450.0,1.714e-12,0.007
M104,18a158_220,A,454.0,9.641e-16,0.001
M104,18a158_220,A,458.0,4.931e-12,0.002
M104,18a158_220,A,462.0,2.749e-12,0.003
M104,18a158_220,A,466.0,2.295e-12,0.003
M104,18a158_220,A,470.0,2.547e-13,0.001
M104,18a158_220,A,474.0,1.257e-14,0.001
M104,18a158_220,A,478.0,8.198e-13,0.003
M104,18a158_220,A,482.0,2.364e-12,0.003
M104,18a158_220,A,486.0,1.684e-12,0.004
M104,18a158_220,A,490.0,1.551e-13,0.002
M104,18a158_220,A,494.0,4.638e-13,0.002
M104,18a158_220,A,498.0,1.373e-14,0.000
M104,18a158_220,A,502.0,2.109e-14,0.001
M104,18a158_220,A,510.0,5.777e-12,0.002
M104,18a158_220,A,514.0,4.860e-12,0.001
M104,18a158_220,A,518.0,1.319e-13,0.001
M104,18a158_220,A,522.0,1.666e-14,0.000
M104,18a158_220,A,546.0,3.288e-13,0.000
M104,18a158_220,A,550.0,1.051e-12,0.001
M104,18a158_220,B,2.0,4.400e-7,1.000
M104,18a158_220,B,6.0,1.910e-7,1.000
M104,18a158_220,B,10.0,1.058e-7,1.000
M104,18a158_220,B,14.0,6.237e-8,1.000
M104,18a158_220,B,18.0,4.087e-8,1.000
M104,18a158_220,B,22.0,3.073e-8,1.000
M104,18a158_220,B,26.0,2.668e-8,1.000
M104,18a158_220,B,30.0,2.104e-8,1.000
M104,18a158_220,B,34.0,1.945e-8,1.000
M104,18a158_220,B,38.0,1.591e-8,1.000
M104,18a158_220,B,42.0,1.387e-8,0.986
M104,18a158_220,B,46.0,1.170e-8,0.983
M104,18a158_220,B,50.0,9.469e-9,0.979
M104,18a158_220,B,54.0,8.987e-9,0.989
M104,18a158_220,B,58.0,7.709e-9,0.994
M104,18a158_220,B,62.0,6.559e-9,0.988
M104,18a158_220,B,66.0,5.522e-9,0.988
M104,18a158_220,B,70.0,4.430e-9,0.991
M104,18a158_220,B,74.0,4.086e-9,1.000
M104,18a158_220,B,78.0,3.727e-9,0.995
M104,18a158_220,B,82.0,4.912e-9,1.000
M104,18a158_220,B,86.0,3.444e-9,1.000
M104,18a158_220,B,90.0,2.045e-9,0.989
M104,18a158_220,B,94.0,1.764e-9,0.958
M104,18a158_220,B,98.0,1.667e-9,0.950
M104,18a158_220,B,102.0,1.322e-9,0.966
M104,18a158_220,B,106.0,1.156e-9,0.954
M104,18a158_220,B,110.0,9.070e-10,0.901
M104,18a158_220,B,114.0,7.843e-10,0.893
M104,18a158_220,B,118.0,7.658e-10,0.868
M104,18a158_220,B,122.0,6.477e-10,0.780
M104,18a158_220,B,126.0,5.462e-10,0.691
M104,18a158_220,B,130.0,4.174e-10,0.635
M104,18a158_220,B,134.0,3.857e-10,0.535
M104,18a158_220,B,138.0,5.251e-10,0.459
M104,18a158_220,B,142.0,3.153e-10,0.422
M104,18a158_220,B,146.0,2.491e-10,0.326
M104,18a158_220,B,150.0,1.931e-10,0.254
M104,18a158_220,B,154.0,1.073e-10,0.209
M104,18a158_220,B,158.0,1.265e-10,0.199
M104,18a158_220,B,162.0,1.027e-10,0.186
M104,18a158_220,B,166.0,1.463e-10,0.198
M104,18a158_220,B,170.0,1.785e-10,0.170
M104,18a158_220,B,174.0,4.491e-11,0.128
M104,18a158_220,B,178.0,5.579e-11,0.119
M104,18a158_220,B,182.0,1.033e-11,0.099
M104,18a158_220,B,186.0,6.185e-12,0.090
M104,18a158_220,B,190.0,1.302e-11,0.060
M104,18a158_220,B,194.0,1.334e-11,0.045
M104,18a158_220,B,198.0,8.169e-11,0.040
M104,18a158_220,B,202.0,2.339e-12,0.019
M104,18a158_220,B,206.0,1.579e-11,0.017
M104,18a158_220,B,210.0,1.348e-12,0.011
M104,18a158_220,B,214.0,1.932e-11,0.023
M104,18a158_220,B,218.0,4.595e-11,0.028
M104,18a158_220,B,222.0,2.972e-10,0.030
M104,18a158_220,B,226.0,7.166e-10,0.039
M104,18a158_220,B,230.0,1.246e-9,0.043
M104,18a158_220,B,234.0,2.452e-10,0.041
M104,18a158_220,B,238.0,3.123e-11,0.024
M104,18a158_220,B,242.0,5.012e-12,0.027
M104,18a158_220,B,246.0,2.933e-11,0.021
M104,18a158_220,B,250.0,1.526e-11,0.016
M104,18a158_220,B,254.0,2.013e-10,0.022
M104,18a158_220,B,258.0,6.986e-11,0.009
M104,18a158_220,B,262.0,8.292e-12,0.006
M104,18a158_220,B,266.0,8.054e-13,0.004
M104,18a158_220,B,270.0,5.357e-11,0.010
M104,18a158_220,B,274.0,3.532e-12,0.009
M104,18a158_220,B,278.0,4.141e-11,0.007
M104,18a158_220,B,282.0,4.542e-11,0.005
M104,18a158_220,B,286.0,1.215e-12,0.003
M104,18a158_220,B,290.0,3.685e-12,0.007
M104,18a158_220,B,294.0,2.739e-12,0.003
M104,18a158_220,B,298.0,1.085e-13,0.003
M104,18a158_220,B,302.0,1.294e-11,0.012
M104,18a158_220,B,306.0,8.116e-10,0.017
M104,18a158_220,B,310.0,4.727e-10,0.025
M104,18a158_220,B,314.0,3.304e-10,0.021
M104,18a158_220,B,318.0,1.142e-9,0.018
M104,18a158_220,B,322.0,1.250e-10,0.022
M104,18a158_220,B,326.0,1.154e-11,0.010
M104,18a158_220,B,330.0,4.821e-12,0.007
M104,18a158_220,B,334.0,2.656e-13,0.005
M104,18a158_220,B,338.0,2.780e-12,0.007
M104,18a158_220,B,342.0,5.561e-11,0.012
M104,18a158_220,B,346.0,1.702e-12,0.009
M104,18a158_220,B,350.0,1.542e-10,0.010
M104,18a158_220,B,354.0,3.910e-11,0.010
M104,18a158_220,B,358.0,8.890e-12,0.009
M104,18a158_220,B,362.0,1.053e-14,0.001
M104,18a158_220,B,366.0,1.314e-14,0.001
M104,18a158_220,B,370.0,1.058e-11,0.006
M104,18a158_220,B,374.0,5.478e-11,0.007
M104,18a158_220,B,378.0,1.145e-10,0.010
M104,18a158_220,B,382.0,4.074e-11,0.012
M104,18a158_220,B,386.0,2.784e-11,0.012
M104,18a158_220,B,390.0,1.105e-11,0.006
M104,18a158_220,B,394.0,7.112e-12,0.009
M104,18a158_220,B,398.0,3.824e-14,0.003
M104,18a158_220,B,402.0,1.122e-12,0.003
M104,18a158_220,B,406.0,5.483e-12,0.011
M104,18a158_220,B,410.0,9.714e-11,0.022
M104,18a158_220,B,414.0,7.750e-10,0.023
M104,18a158_220,B,418.0,1.439e-10,0.024
M104,18a158_220,B,422.0,6.384e-10,0.021
M104,18a158_220,B,426.0,6.650e-10,0.016
M104,18a158_220,B,430.0,3.667e-10,0.015
M104,18a158_220,B,434.0,4.986e-11,0.016
M104,18a158_220,B,438.0,9.398e-12,0.014
M104,18a158_220,B,442.0,2.215e-12,0.011
M104,18a158_220,B,446.0,1.230e-13,0.004
M104,18a158_220,B,450.0,1.019e-12,0.002
M104,18a158_220,B,458.0,4.095e-12,0.002
M104,18a158_220,B,462.0,2.672e-12,0.001
M104,18a158_220,B,466.0,1.300e-12,0.002
M104,18a158_220,B,470.0,1.046e-13,0.000
M104,18a158_220,B,478.0,2.940e-13,0.002
M104,18a158_220,B,482.0,1.071e-12,0.002
M104,18a158_220,B,486.0,7.357e-13,0.003
M104,18a158_220,B,490.0,4.244e-14,0.001
M104,18a158_220,B,494.0,1.724e-13,0.001
M104,18a158_220,B,498.0,3.141e-17,0.000
M104,18a158_220,B,502.0,8.851e-16,0.000
M104,18a158_220,B,510.0,5.541e-12,0.002
M104,18a158_220,B,514.0,4.457e-12,0.001
M104,18a158_220,B,518.0,3.606e-14,0.001
M104,18a158_220,B,522.0,3.916e-16,0.000
M104,18a158_220,B,546.0,1.447e-13,0.000
M104,18a158_220,B,550.0,6.816e-13,0.001
M81,18a66_212,A,2.0,1.262e-7,1.000
M81,18a66_212,A,10.0,1.543e-7,1.000
M81,18a66_212,A,14.0,9.480e-8,1.000
M81,18a66_212,A,18.0,6.670e-8,1.000
M81,18a66_212,A,22.0,5.287e-8,1.000
M81,18a66_212,A,26.0,4.100e-8,1.000
M81,18a66_212,A,30.0,3.239e-8,1.000
M81,18a66_212,A,34.0,2.674e-8,1.000
M81,18a66_212,A,38.0,2.271e-8,1.000
M81,18a66_212,A,42.0,1.954e-8,1.000
M81,18a66_212,A,46.0,2.027e-8,1.000
M81,18a66_212,A,50.0,1.511e-8,1.000
M81,18a66_212,A,54.0,1.290e-8,1.000
M81,18a66_212,A,58.0,1.181e-8,1.000
M81,18a66_212,A,62.0,1.014e-8,1.000
M81,18a66_212,A,66.0,8.857e-9,1.000
M81,18a66_212,A,70.0,7.568e-9,1.000
M81,18a66_212,A,74.0,6.548e-9,1.000
M81,18a66_212,A,78.0,5.524e-9,1.000
M81,18a66_212,A,82.0,4.834e-9,1.000
M81,18a66_212,A,86.0,4.067e-9,1.000
M81,18a66_212,A,90.0,3.405e-9,1.000
M81,18a66_212,A,94.0,2.944e-9,1.000
M81,18a66_212,A,98.0,2.376e-9,1.000
M81,18a66_212,A,102.0,2.037e-9,1.000
M81,18a66_212,A,106.0,2.110e-9,1.000
M81,18a66_212,A,110.0,1.678e-9,0.990
M81,18a66_212,A,114.0,1.317e-9,0.955
M81,18a66_212,A,118.0,1.071e-9,0.946
M81,18a66_212,A,122.0,1.003e-9,0.880
M81,18a66_212,A,126.0,8.110e-10,0.912
M81,18a66_212,A,130.0,8.199e-10,0.861
M81,18a66_212,A,134.0,6.059e-10,0.833
M81,18a66_212,A,138.0,4.455e-10,0.836
M81,18a66_212,A,142.0,3.947e-10,0.779
M81,18a66_212,A,146.0,5.847e-10,0.780
M81,18a66_212,A,150.0,1.120e-9,0.711
M81,18a66_212,A,154.0,3.494e-10,0.718
M81,18a66_212,A,158.0,2.599e-10,0.729
M81,18a66_212,A,162.0,2.317e-10,0.716
M81,18a66_212,A,166.0,2.804e-10,0.794
M81,18a66_212,A,170.0,2.967e-10,0.718
M81,18a66_212,A,174.0,2.547e-10,0.744
M81,18a66_212,A,178.0,2.506e-10,0.750
M81,18a66_212,A,182.0,2.361e-10,0.722
M81,18a66_212,A,186.0,2.651e-10,0.674
M81,18a66_212,A,190.0,1.811e-10,0.691
M81,18a66_212,A,194.0,1.506e-10,0.608
M81,18a66_212,A,198.0,1.910e-10,0.585
M81,18a66_212,A,202.0,1.729e-10,0.580
M81,18a66_212,A,206.0,1.219e-10,0.561
M81,18a66_212,A,210.0,1.550e-10,0.530
M81,18a66_212,A,214.0,9.635e-11,0.551
M81,18a66_212,A,218.0,1.434e-9,0.542
M81,18a66_212,A,222.0,2.842e-10,0.544
M81,18a66_212,A,226.0,8.299e-11,0.477
M81,18a66_212,A,230.0,7.499e-11,0.432
M81,18a66_212,A,234.0,1.053e-10,0.375
M81,18a66_212,A,238.0,8.138e-11,0.364
M81,18a66_212,A,242.0,8.605e-11,0.405
M81,18a66_212,A,246.0,7.004e-11,0.435
M81,18a66_212,A,250.0,7.770e-11,0.417
M81,18a66_212,A,254.0,8.071e-11,0.471
M81,18a66_212,A,258.0,1.047e-10,0.403
M81,18a66_212,A,262.0,8.808e-11,0.420
M81,18a66_212,A,266.0,3.370e-10,0.407
M81,18a66_212,A,270.0,1.052e-10,0.442
M81,18a66_212,A,274.0,7.104e-11,0.373
M81,18a66_212,A,278.0,9.803e-11,0.379
M81,18a66_212,A,282.0,6.823e-11,0.413
M81,18a66_212,A,286.0,1.854e-10,0.409
M81,18a66_212,A,290.0,7.387e-11,0.437
M81,18a66_212,A,294.0,9.477e-10,0.489
M81,18a66_212,A,298.0,6.110e-10,0.483
M81,18a66_212,A,302.0,1.965e-10,0.507
M81,18a66_212,A,306.0,5.144e-11,0.515
M81,18a66_212,A,310.0,6.203e-11,0.475
M81,18a66_212,A,314.0,7.801e-11,0.403
M81,18a66_212,A,318.0,4.677e-11,0.384
M81,18a66_212,A,322.0,3.624e-11,0.381
M81,18a66_212,A,326.0,3.318e-11,0.366
M81,18a66_212,A,330.0,2.481e-11,0.338
M81,18a66_212,A,334.0,3.646e-11,0.344
M81,18a66_212,A,338.0,3.040e-11,0.382
M81,18a66_212,A,342.0,3.723e-11,0.354
M81,18a66_212,A,346.0,5.383e-11,0.356
M81,18a66_212,A,350.0,7.063e-11,0.341
M81,18a66_212,A,354.0,3.842e-11,0.369
M81,18a66_212,A,358.0,3.449e-11,0.373
M81,18a66_212,A,362.0,2.995e-11,0.377
M81,18a66_212,A,366.0,5.803e-10,0.372
M81,18a66_212,A,370.0,6.933e-11,0.368
M81,18a66_212,A,374.0,1.889e-10,0.345
M81,18a66_212,A,378.0,1.618e-11,0.331
M81,18a66_212,A,382.0,3.791e-11,0.335
M81,18a66_212,A,386.0,1.913e-11,0.320
M81,18a66_212,A,390.0,2.304e-11,0.325
M81,18a66_212,A,394.0,1.702e-11,0.282
M81,18a66_212,A,398.0,7.730e-10,0.268
M81,18a66_212,A,402.0,1.552e-11,0.292
M81,18a66_212,A,406.0,1.314e-11,0.277
M81,18a66_212,A,410.0,7.402e-11,0.292
M81,18a66_212,A,414.0,9.116e-11,0.304
M81,18a66_212,A,418.0,1.168e-11,0.300
M81,18a66_212,A,422.0,1.044e-11,0.317
M81,18a66_212,A,426.0,9.919e-12,0.313
M81,18a66_212,A,430.0,8.946e-12,0.276
M81,18a66_212,A,434.0,9.707e-12,0.297
M81,18a66_212,A,438.0,8.103e-11,0.312
M81,18a66_212,A,442.0,7.909e-11,0.306
M81,18a66_212,A,446.0,3.079e-11,0.287
M81,18a66_212,A,450.0,7.046e-12,0.305
M81,18a66_212,A,454.0,8.793e-12,0.302
M81,18a66_212,A,458.0,6.695e-12,0.281
M81,18a66_212,A,462.0,6.105e-12,0.280
M81,18a66_212,A,466.0,5.864e-12,0.276
M81,18a66_212,A,470.0,5.344e-12,0.273
M81,18a66_212,A,474.0,6.617e-12,0.257
M81,18a66_212,A,478.0,5.439e-12,0.260
M81,18a66_212,A,482.0,9.789e-11,0.266
M81,18a66_212,A,486.0,7.377e-11,0.261
M81,18a66_212,A,490.0,5.052e-10,0.236
M81,18a66_212,A,494.0,2.252e-9,0.259
M81,18a66_212,A,498.0,2.474e-9,0.237
M81,18a66_212,A,502.0,3.020e-11,0.220
M81,18a66_212,A,506.0,7.377e-12,0.203
M81,18a66_212,A,510.0,4.642e-12,0.195
M81,18a66_212,A,514.0,2.383e-12,0.193
M81,18a66_212,A,518.0,6.447e-11,0.167
M81,18a66_212,A,522.0,1.202e-9,0.167
M81,18a66_212,A,526.0,3.221e-11,0.155
M81,18a66_212,A,530.0,2.118e-12,0.133
M81,18a66_212,A,534.0,3.833e-12,0.111
M81,18a66_212,A,538.0,9.800e-13,0.104
M81,18a66_212,A,542.0,1.435e-11,0.089
M81,18a66_212,A,546.0,1.041e-13,0.056
M81,18a66_212,A,550.0,1.798e-12,0.051
M81,18a66_212,A,554.0,2.319e-13,0.037
M81,18a66_212,A,558.0,2.145e-14,0.024
M81,18a66_212,A,562.0,2.800e-10,0.031
M81,18a66_212,A,566.0,3.648e-11,0.024
M81,18a66_212,A,570.0,1.125e-14,0.006
M81,18a66_212,A,574.0,1.951e-15,0.004
M81,18a66_212,A,578.0,1.106e-10,0.011
M81,18a66_212,A,582.0,2.082e-12,0.004
M81,18a66_212,A,586.0,1.212e-12,0.004
M81,18a66_212,A,590.0,4.492e-12,0.006
M81,18a66_212,A,594.0,3.634e-13,0.008
M81,18a66_212,A,598.0,1.086e-12,0.007
M81,18a66_212,A,602.0,2.123e-10,0.016
M81,18a66_212,A,606.0,3.407e-11,0.018
M81,18a66_212,A,610.0,7.638e-11,0.015
M81,18a66_212,A,614.0,4.782e-10,0.015
M81,18a66_212,A,618.0,1.841e-10,0.011
M81,18a66_212,A,622.0,7.159e-10,0.014
M81,18a66_212,A,626.0,1.844e-10,0.016
M81,18a66_212,A,630.0,4.530e-11,0.013
M81,18a66_212,A,634.0,1.825e-11,0.010
M81,18a66_212,A,638.0,1.066e-12,0.003
M81,18a66_212,A,642.0,1.641e-16,0.002
M81,18a66_212,A,646.0,4.114e-14,0.002
M81,18a66_212,A,650.0,1.008e-10,0.010
M81,18a66_212,A,654.0,8.472e-11,0.012
M81,18a66_212,A,658.0,2.503e-10,0.011
M81,18a66_212,A,662.0,2.515e-10,0.007
M81,18a66_212,A,666.0,3.043e-11,0.006
M81,18a66_212,A,670.0,1.989e-12,0.003
M81,18a66_212,A,674.0,4.300e-12,0.003
M81,18a66_212,A,678.0,3.984e-12,0.002
M81,18a66_212,A,682.0,8.745e-12,0.003
M81,18a66_212,A,686.0,9.830e-13,0.003
M81,18a66_212,A,698.0,8.111e-12,0.002
M81,18a66_212,A,702.0,3.345e-12,0.003
M81,18a66_212,A,706.0,4.638e-14,0.002
M81,18a66_212,A,710.0,7.956e-13,0.003
M81,18a66_212,A,714.0,1.072e-14,0.002
M81,18a66_212,A,718.0,6.410e-13,0.003
M81,18a66_212,A,738.0,1.577e-13,0.002
M81,18a66_212,A,746.0,7.376e-16,0.001
M81,18a66_212,A,754.0,1.850e-12,0.001
M81,18a66_212,A,758.0,1.043e-11,0.002
M81,18a66_212,A,766.0,6.647e-11,0.001
M81,18a66_212,A,770.0,1.138e-12,0.003
M81,18a66_212,A,834.0,3.998e-11,0.001
M81,18a66_212,A,838.0,2.511e-13,0.001
M81,18a66_212,B,2.0,1.262e-7,1.000
M81,18a66_212,B,10.0,1.543e-7,1.000
M81,18a66_212,B,14.0,9.480e-8,1.000
M81,18a66_212,B,18.0,6.670e-8,1.000
M81,18a66_212,B,22.0,5.287e-8,1.000
M81,18a66_212,B,26.0,4.100e-8,1.000
M81,18a66_212,B,30.0,3.239e-8,1.000
M81,18a66_212,B,34.0,2.674e-8,1.000
M81,18a66_212,B,38.0,2.271e-8,1.000
M81,18a66_212,B,42.0,1.954e-8,1.000
M81,18a66_212,B,46.0,2.027e-8,1.000
M81,18a66_212,B,50.0,1.511e-8,1.000
M81,18a66_212,B,54.0,1.290e-8,1.000
M81,18a66_212,B,58.0,1.181e-8,1.000
M81,18a66_212,B,62.0,1.014e-8,1.000
M81,18a66_212,B,66.0,8.866e-9,1.000
M81,18a66_212,B,70.0,7.615e-9,1.000
M81,18a66_212,B,74.0,6.654e-9,1.000
M81,18a66_212,B,78.0,5.745e-9,1.000
M81,18a66_212,B,82.0,5.114e-9,1.000
M81,18a66_212,B,86.0,4.397e-9,1.000
M81,18a66_212,B,90.0,3.783e-9,1.000
M81,18a66_212,B,94.0,3.388e-9,1.000
M81,18a66_212,B,98.0,2.822e-9,1.000
M81,18a66_212,B,102.0,2.456e-9,1.000
M81,18a66_212,B,106.0,2.510e-9,1.000
M81,18a66_212,B,110.0,2.043e-9,1.000
M81,18a66_212,B,114.0,1.672e-9,0.991
M81,18a66_212,B,118.0,1.386e-9,0.967
M81,18a66_212,B,122.0,1.285e-9,0.917
M81,18a66_212,B,126.0,1.082e-9,0.949
M81,18a66_212,B,130.0,1.076e-9,0.907
M81,18a66_212,B,134.0,8.245e-10,0.917
M81,18a66_212,B,138.0,6.378e-10,0.897
M81,18a66_212,B,142.0,5.758e-10,0.846
M81,18a66_212,B,146.0,7.344e-10,0.818
M81,18a66_212,B,150.0,1.245e-9,0.781
M81,18a66_212,B,154.0,4.693e-10,0.774
M81,18a66_212,B,158.0,3.957e-10,0.819
M81,18a66_212,B,162.0,3.644e-10,0.804
M81,18a66_212,B,166.0,4.360e-10,0.850
M81,18a66_212,B,170.0,4.574e-10,0.774
M81,18a66_212,B,174.0,3.990e-10,0.798
M81,18a66_212,B,178.0,3.938e-10,0.799
M81,18a66_212,B,182.0,3.722e-10,0.772
M81,18a66_212,B,186.0,3.826e-10,0.750
M81,18a66_212,B,190.0,2.913e-10,0.766
M81,18a66_212,B,194.0,2.438e-10,0.699
M81,18a66_212,B,198.0,2.796e-10,0.646
M81,18a66_212,B,202.0,2.564e-10,0.688
M81,18a66_212,B,206.0,1.994e-10,0.644
M81,18a66_212,B,210.0,2.185e-10,0.595
M81,18a66_212,B,214.0,1.630e-10,0.622
M81,18a66_212,B,218.0,1.497e-9,0.589
M81,18a66_212,B,222.0,3.453e-10,0.608
M81,18a66_212,B,226.0,1.401e-10,0.579
M81,18a66_212,B,230.0,1.261e-10,0.495
M81,18a66_212,B,234.0,1.688e-10,0.476
M81,18a66_212,B,238.0,1.322e-10,0.436
M81,18a66_212,B,242.0,1.407e-10,0.476
M81,18a66_212,B,246.0,1.186e-10,0.509
M81,18a66_212,B,250.0,1.293e-10,0.515
M81,18a66_212,B,254.0,1.358e-10,0.575
M81,18a66_212,B,258.0,1.564e-10,0.458
M81,18a66_212,B,262.0,1.450e-10,0.509
M81,18a66_212,B,266.0,3.892e-10,0.504
M81,18a66_212,B,270.0,1.609e-10,0.517
M81,18a66_212,B,274.0,1.182e-10,0.448
M81,18a66_212,B,278.0,1.456e-10,0.484
M81,18a66_212,B,282.0,1.160e-10,0.516
M81,18a66_212,B,286.0,2.244e-10,0.487
M81,18a66_212,B,290.0,1.182e-10,0.537
M81,18a66_212,B,294.0,9.928e-10,0.618
M81,18a66_212,B,298.0,6.443e-10,0.644
M81,18a66_212,B,302.0,2.307e-10,0.613
M81,18a66_212,B,306.0,8.767e-11,0.651
M81,18a66_212,B,310.0,1.022e-10,0.634
M81,18a66_212,B,314.0,1.064e-10,0.632
M81,18a66_212,B,318.0,8.345e-11,0.634
M81,18a66_212,B,322.0,6.907e-11,0.638
M81,18a66_212,B,326.0,6.385e-11,0.644
M81,18a66_212,B,330.0,5.030e-11,0.642
M81,18a66_212,B,334.0,6.204e-11,0.670
M81,18a66_212,B,338.0,5.926e-11,0.714
M81,18a66_212,B,342.0,6.774e-11,0.649
M81,18a66_212,B,346.0,7.659e-11,0.644
M81,18a66_212,B,350.0,9.780e-11,0.601
M81,18a66_212,B,354.0,6.966e-11,0.588
M81,18a66_212,B,358.0,6.500e-11,0.588
M81,18a66_212,B,362.0,5.857e-11,0.578
M81,18a66_212,B,366.0,6.038e-10,0.526
M81,18a66_212,B,370.0,9.745e-11,0.525
M81,18a66_212,B,374.0,2.117e-10,0.503
M81,18a66_212,B,378.0,3.604e-11,0.491
M81,18a66_212,B,382.0,5.879e-11,0.479
M81,18a66_212,B,386.0,4.021e-11,0.449
M81,18a66_212,B,390.0,4.655e-11,0.453
M81,18a66_212,B,394.0,3.640e-11,0.417
M81,18a66_212,B,398.0,7.927e-10,0.408
M81,18a66_212,B,402.0,3.469e-11,0.404
M81,18a66_212,B,406.0,3.000e-11,0.388
M81,18a66_212,B,410.0,9.006e-11,0.385
M81,18a66_212,B,414.0,1.074e-10,0.390
M81,18a66_212,B,418.0,2.824e-11,0.390
M81,18a66_212,B,422.0,2.676e-11,0.399
M81,18a66_212,B,426.0,2.557e-11,0.385
M81,18a66_212,B,430.0,2.296e-11,0.365
M81,18a66_212,B,434.0,2.477e-11,0.397
M81,18a66_212,B,438.0,9.741e-11,0.386
M81,18a66_212,B,442.0,9.390e-11,0.401
M81,18a66_212,B,446.0,4.400e-11,0.368
M81,18a66_212,B,450.0,2.043e-11,0.388
M81,18a66_212,B,454.0,2.271e-11,0.381
M81,18a66_212,B,458.0,1.920e-11,0.363
M81,18a66_212,B,462.0,1.809e-11,0.358
M81,18a66_212,B,466.0,1.740e-11,0.368
M81,18a66_212,B,470.0,1.647e-11,0.356
M81,18a66_212,B,474.0,1.780e-11,0.348
M81,18a66_212,B,478.0,1.631e-11,0.341
M81,18a66_212,B,482.0,1.134e-10,0.347
M81,18a66_212,B,486.0,8.408e-11,0.333
M81,18a66_212,B,490.0,5.141e-10,0.319
M81,18a66_212,B,494.0,2.263e-9,0.333
M81,18a66_212,B,498.0,2.483e-9,0.310
M81,18a66_212,B,502.0,4.192e-11,0.295
M81,18a66_212,B,506.0,1.633e-11,0.286
M81,18a66_212,B,510.0,1.187e-11,0.279
M81,18a66_212,B,514.0,8.276e-12,0.282
M81,18a66_212,B,518.0,7.279e-11,0.280
M81,18a66_212,B,522.0,1.208e-9,0.264
M81,18a66_212,B,526.0,3.729e-11,0.248
M81,18a66_212,B,530.0,6.446e-12,0.238
M81,18a66_212,B,534.0,8.249e-12,0.224
M81,18a66_212,B,538.0,3.886e-12,0.217
M81,18a66_212,B,542.0,1.661e-11,0.211
M81,18a66_212,B,546.0,1.642e-12,0.177
M81,18a66_212,B,550.0,3.951e-12,0.161
M81,18a66_212,B,554.0,1.438e-12,0.158
M81,18a66_212,B,558.0,8.253e-13,0.140
M81,18a66_212,B,562.0,2.840e-10,0.156
M81,18a66_212,B,566.0,4.062e-11,0.130
M81,18a66_212,B,570.0,4.178e-13,0.110
M81,18a66_212,B,574.0,3.251e-13,0.098
M81,18a66_212,B,578.0,1.114e-10,0.093
M81,18a66_212,B,582.0,3.237e-12,0.092
M81,18a66_212,B,586.0,2.041e-12,0.085
M81,18a66_212,B,590.0,6.659e-12,0.070
M81,18a66_212,B,594.0,8.762e-13,0.085
M81,18a66_212,B,598.0,1.971e-12,0.073
M81,18a66_212,B,602.0,2.151e-10,0.069
M81,18a66_212,B,606.0,3.938e-11,0.078
M81,18a66_212,B,610.0,7.910e-11,0.083
M81,18a66_212,B,614.0,4.802e-10,0.073
M81,18a66_212,B,618.0,1.885e-10,0.072
M81,18a66_212,B,622.0,7.166e-10,0.069
M81,18a66_212,B,626.0,1.873e-10,0.080
M81,18a66_212,B,630.0,4.714e-11,0.053
M81,18a66_212,B,634.0,2.367e-11,0.049
M81,18a66_212,B,638.0,1.692e-12,0.029
M81,18a66_212,B,642.0,2.541e-14,0.015
M81,18a66_212,B,646.0,1.200e-13,0.003
M81,18a66_212,B,650.0,1.024e-10,0.010
M81,18a66_212,B,654.0,8.507e-11,0.012
M81,18a66_212,B,658.0,2.511e-10,0.011
M81,18a66_212,B,662.0,2.524e-10,0.007
M81,18a66_212,B,666.0,3.109e-11,0.006
M81,18a66_212,B,670.0,3.017e-12,0.003
M81,18a66_212,B,674.0,5.785e-12,0.007
M81,18a66_212,B,678.0,5.274e-12,0.002
M81,18a66_212,B,682.0,9.068e-12,0.003
M81,18a66_212,B,686.0,1.533e-12,0.003
M81,18a66_212,B,698.0,8.111e-12,0.002
M81,18a66_212,B,702.0,4.878e-12,0.003
M81,18a66_212,B,706.0,1.284e-13,0.002
M81,18a66_212,B,710.0,1.256e-12,0.003
M81,18a66_212,B,714.0,5.463e-14,0.002
M81,18a66_212,B,718.0,1.095e-12,0.003
M81,18a66_212,B,730.0,3.908e-15,0.001
M81,18a66_212,B,734.0,1.623e-14,0.002
M81,18a66_212,B,738.0,3.057e-13,0.003
M81,18a66_212,B,746.0,2.411e-14,0.001
M81,18a66_212,B,754.0,2.673e-12,0.001
M81,18a66_212,B,758.0,1.043e-11,0.002
M81,18a66_212,B,766.0,6.647e-11,0.001
M81,18a66_212,B,770.0,1.740e-12,0.003
M81,18a66_212,B,834.0,3.998e-11,0.001
M81,18a66_212,B,838.0,4.377e-13,0.001
M81,18a158_212,A,2.0,1.766e-7,1.000
M81,18a158_212,A,6.0,2.050e-7,1.000
M81,18a158_212,A,10.0,1.461e-7,1.000
M81,18a158_212,A,14.0,9.287e-8,1.000
M81,18a158_212,A,18.0,6.609e-8,1.000
M81,18a158_212,A,22.0,4.860e-8,1.000
M81,18a158_212,A,26.0,3.823e-8,1.000
M81,18a158_212,A,30.0,3.151e-8,1.000
M81,18a158_212,A,34.0,2.670e-8,1.000
M81,18a158_212,A,38.0,2.274e-8,1.000
M81,18a158_212,A,42.0,2.102e-8,1.000
M81,18a158_212,A,46.0,1.726e-8,1.000
M81,18a158_212,A,50.0,1.493e-8,1.000
M81,18a158_212,A,54.0,1.304e-8,1.000
M81,18a158_212,A,58.0,1.138e-8,1.000
M81,18a158_212,A,62.0,1.013e-8,1.000
M81,18a158_212,A,66.0,8.863e-9,1.000
M81,18a158_212,A,70.0,7.634e-9,1.000
M81,18a158_212,A,74.0,6.567e-9,1.000
M81,18a158_212,A,78.0,5.781e-9,1.000
M81,18a158_212,A,82.0,5.109e-9,1.000
M81,18a158_212,A,86.0,4.329e-9,1.000
M81,18a158_212,A,90.0,3.767e-9,1.000
M81,18a158_212,A,94.0,3.231e-9,1.000
M81,18a158_212,A,98.0,2.789e-9,1.000
M81,18a158_212,A,102.0,2.399e-9,1.000
M81,18a158_212,A,106.0,2.578e-9,1.000
M81,18a158_212,A,110.0,1.928e-9,0.982
M81,18a158_212,A,114.0,1.621e-9,0.960
M81,18a158_212,A,118.0,1.379e-9,0.958
M81,18a158_212,A,122.0,1.365e-9,0.926
M81,18a158_212,A,126.0,1.050e-9,0.933
M81,18a158_212,A,130.0,9.407e-10,0.915
M81,18a158_212,A,134.0,7.753e-10,0.909
M81,18a158_212,A,138.0,5.956e-10,0.929
M81,18a158_212,A,142.0,5.804e-10,0.862
M81,18a158_212,A,146.0,1.654e-9,0.791
M81,18a158_212,A,150.0,1.448e-9,0.794
M81,18a158_212,A,154.0,4.391e-10,0.787
M81,18a158_212,A,158.0,3.427e-10,0.797
M81,18a158_212,A,162.0,3.702e-10,0.787
M81,18a158_212,A,166.0,4.192e-10,0.820
M81,18a158_212,A,170.0,4.148e-10,0.816
M81,18a158_212,A,174.0,3.880e-10,0.787
M81,18a158_212,A,178.0,3.616e-10,0.798
M81,18a158_212,A,182.0,3.516e-10,0.770
M81,18a158_212,A,186.0,3.243e-10,0.741
M81,18a158_212,A,190.0,2.687e-10,0.749
M81,18a158_212,A,194.0,2.407e-10,0.696
M81,18a158_212,A,198.0,3.725e-10,0.671
M81,18a158_212,A,202.0,2.457e-10,0.669
M81,18a158_212,A,206.0,1.792e-10,0.642
M81,18a158_212,A,210.0,3.088e-10,0.600
M81,18a158_212,A,214.0,1.373e-9,0.593
M81,18a158_212,A,218.0,5.556e-10,0.599
M81,18a158_212,A,222.0,1.846e-10,0.594
M81,18a158_212,A,226.0,1.430e-10,0.536
M81,18a158_212,A,230.0,1.224e-10,0.495
M81,18a158_212,A,234.0,1.273e-10,0.441
M81,18a158_212,A,238.0,1.345e-10,0.446
M81,18a158_212,A,242.0,1.173e-10,0.453
M81,18a158_212,A,246.0,1.235e-10,0.481
M81,18a158_212,A,250.0,1.215e-10,0.502
M81,18a158_212,A,254.0,1.185e-10,0.503
M81,18a158_212,A,258.0,2.179e-10,0.483
M81,18a158_212,A,262.0,1.436e-10,0.483
M81,18a158_212,A,266.0,2.273e-10,0.501
M81,18a158_212,A,270.0,1.477e-10,0.483
M81,18a158_212,A,274.0,1.286e-10,0.486
M81,18a158_212,A,278.0,1.239e-10,0.461
M81,18a158_212,A,282.0,1.556e-10,0.460
M81,18a158_212,A,286.0,1.083e-10,0.483
M81,18a158_212,A,290.0,1.205e-10,0.515
M81,18a158_212,A,294.0,8.359e-10,0.592
M81,18a158_212,A,298.0,1.858e-9,0.619
M81,18a158_212,A,302.0,1.487e-10,0.618
M81,18a158_212,A,306.0,7.648e-11,0.621
M81,18a158_212,A,310.0,8.019e-11,0.621
M81,18a158_212,A,314.0,8.870e-11,0.632
M81,18a158_212,A,318.0,7.476e-11,0.613
M81,18a158_212,A,322.0,7.466e-11,0.631
M81,18a158_212,A,326.0,5.530e-11,0.625
M81,18a158_212,A,330.0,4.885e-11,0.644
M81,18a158_212,A,334.0,5.447e-11,0.632
M81,18a158_212,A,338.0,5.335e-11,0.620
M81,18a158_212,A,342.0,5.094e-11,0.582
M81,18a158_212,A,346.0,1.001e-10,0.557
M81,18a158_212,A,350.0,1.141e-10,0.524
M81,18a158_212,A,354.0,7.213e-11,0.525
M81,18a158_212,A,358.0,5.131e-11,0.533
M81,18a158_212,A,362.0,7.420e-11,0.523
M81,18a158_212,A,366.0,6.644e-10,0.497
M81,18a158_212,A,370.0,3.237e-10,0.477
M81,18a158_212,A,374.0,3.889e-11,0.451
M81,18a158_212,A,378.0,4.079e-11,0.446
M81,18a158_212,A,382.0,7.784e-11,0.448
M81,18a158_212,A,386.0,4.353e-11,0.431
M81,18a158_212,A,390.0,4.134e-11,0.418
M81,18a158_212,A,394.0,4.174e-11,0.395
M81,18a158_212,A,398.0,2.626e-10,0.384
M81,18a158_212,A,402.0,5.634e-11,0.371
M81,18a158_212,A,406.0,4.089e-11,0.374
M81,18a158_212,A,410.0,3.986e-10,0.373
M81,18a158_212,A,414.0,1.639e-10,0.369
M81,18a158_212,A,418.0,2.392e-11,0.365
M81,18a158_212,A,422.0,2.323e-11,0.369
M81,18a158_212,A,426.0,2.225e-11,0.368
M81,18a158_212,A,430.0,2.153e-11,0.358
M81,18a158_212,A,434.0,2.268e-11,0.365
M81,18a158_212,A,438.0,3.025e-11,0.359
M81,18a158_212,A,442.0,4.384e-10,0.370
M81,18a158_212,A,446.0,1.303e-10,0.369
M81,18a158_212,A,450.0,1.853e-11,0.369
M81,18a158_212,A,454.0,1.724e-11,0.360
M81,18a158_212,A,458.0,2.101e-11,0.351
M81,18a158_212,A,462.0,1.526e-11,0.342
M81,18a158_212,A,466.0,1.597e-11,0.336
M81,18a158_212,A,470.0,1.353e-11,0.333
M81,18a158_212,A,474.0,1.539e-11,0.331
M81,18a158_212,A,478.0,1.895e-11,0.330
M81,18a158_212,A,482.0,1.388e-10,0.324
M81,18a158_212,A,486.0,3.305e-10,0.312
M81,18a158_212,A,490.0,8.904e-10,0.308
M81,18a158_212,A,494.0,1.010e-9,0.304
M81,18a158_212,A,498.0,1.318e-9,0.300
M81,18a158_212,A,502.0,5.430e-11,0.288
M81,18a158_212,A,506.0,1.387e-11,0.271
M81,18a158_212,A,510.0,9.160e-12,0.255
M81,18a158_212,A,514.0,2.261e-11,0.254
M81,18a158_212,A,518.0,1.535e-10,0.243
M81,18a158_212,A,522.0,3.238e-10,0.246
M81,18a158_212,A,526.0,6.095e-10,0.236
M81,18a158_212,A,530.0,6.082e-11,0.219
M81,18a158_212,A,534.0,4.282e-12,0.209
M81,18a158_212,A,538.0,1.217e-11,0.191
M81,18a158_212,A,542.0,1.293e-11,0.172
M81,18a158_212,A,546.0,2.770e-12,0.152
M81,18a158_212,A,550.0,5.478e-12,0.140
M81,18a158_212,A,554.0,5.388e-12,0.129
M81,18a158_212,A,558.0,6.576e-11,0.115
M81,18a158_212,A,562.0,1.849e-10,0.118
M81,18a158_212,A,566.0,1.456e-10,0.104
M81,18a158_212,A,570.0,6.644e-13,0.085
M81,18a158_212,A,574.0,1.442e-11,0.074
M81,18a158_212,A,578.0,5.168e-11,0.071
M81,18a158_212,A,582.0,1.923e-11,0.072
M81,18a158_212,A,586.0,9.046e-13,0.063
M81,18a158_212,A,590.0,2.445e-12,0.061
M81,18a158_212,A,594.0,5.599e-12,0.056
M81,18a158_212,A,598.0,8.267e-12,0.055
M81,18a158_212,A,602.0,2.866e-11,0.048
M81,18a158_212,A,606.0,1.200e-10,0.041
M81,18a158_212,A,610.0,2.223e-10,0.038
M81,18a158_212,A,614.0,4.943e-10,0.037
M81,18a158_212,A,618.0,3.595e-10,0.033
M81,18a158_212,A,622.0,2.710e-10,0.032
M81,18a158_212,A,626.0,1.888e-10,0.031
M81,18a158_212,A,630.0,3.767e-11,0.022
M81,18a158_212,A,634.0,3.725e-12,0.007
M81,18a158_212,A,638.0,6.845e-14,0.003
M81,18a158_212,A,642.0,2.499e-14,0.001
M81,18a158_212,A,646.0,1.138e-13,0.003
M81,18a158_212,A,650.0,9.918e-11,0.010
M81,18a158_212,A,654.0,1.611e-10,0.012
M81,18a158_212,A,658.0,1.461e-10,0.009
M81,18a158_212,A,662.0,2.205e-10,0.008
M81,18a158_212,A,666.0,5.550e-11,0.007
M81,18a158_212,A,670.0,4.004e-12,0.006
M81,18a158_212,A,674.0,4.309e-12,0.006
M81,18a158_212,A,678.0,3.019e-12,0.003
M81,18a158_212,A,682.0,4.723e-11,0.002
M81,18a158_212,A,686.0,3.602e-12,0.001
M81,18a158_212,A,698.0,1.597e-14,0.001
M81,18a158_212,A,702.0,3.364e-11,0.003
M81,18a158_212,A,706.0,8.938e-12,0.003
M81,18a158_212,A,710.0,4.906e-12,0.002
M81,18a158_212,A,714.0,4.037e-15,0.001
M81,18a158_212,A,718.0,2.803e-13,0.002
M81,18a158_212,A,730.0,8.071e-14,0.001
M81,18a158_212,A,734.0,4.513e-12,0.001
M81,18a158_212,A,738.0,4.414e-13,0.001
M81,18a158_212,A,742.0,5.122e-15,0.000
M81,18a158_212,A,750.0,9.043e-14,0.001
M81,18a158_212,A,754.0,2.178e-11,0.002
M81,18a158_212,A,758.0,3.626e-13,0.001
M81,18a158_212,A,762.0,5.048e-13,0.001
M81,18a158_212,A,766.0,6.914e-11,0.003
M81,18a158_212,A,770.0,4.767e-12,0.002
M81,18a158_212,B,2.0,1.766e-7,1.000
M81,18a158_212,B,6.0,2.050e-7,1.000
M81,18a158_212,B,10.0,1.461e-7,1.000
M81,18a158_212,B,14.0,9.287e-8,1.000
M81,18a158_212,B,18.0,6.609e-8,1.000
M81,18a158_212,B,22.0,4.860e-8,1.000
M81,18a158_212,B,26.0,3.823e-8,1.000
M81,18a158_212,B,30.0,3.151e-8,1.000
M81,18a158_212,B,34.0,2.670e-8,1.000
M81,18a158_212,B,38.0,2.274e-8,1.000
M81,18a158_212,B,42.0,2.102e-8,1.000
M81,18a158_212,B,46.0,1.726e-8,1.000
M81,18a158_212,B,50.0,1.493e-8,1.000
M81,18a158_212,B,54.0,1.304e-8,1.000
M81,18a158_212,B,58.0,1.138e-8,1.000
M81,18a158_212,B,62.0,1.013e-8,1.000
M81,18a158_212,B,66.0,8.771e-9,1.000
M81,18a158_212,B,70.0,7.416e-9,1.000
M81,18a158_212,B,74.0,6.203e-9,1.000
M81,18a158_212,B,78.0,5.287e-9,1.000
M81,18a158_212,B,82.0,4.497e-9,1.000
M81,18a158_212,B,86.0,3.588e-9,1.000
M81,18a158_212,B,90.0,2.920e-9,1.000
M81,18a158_212,B,94.0,2.367e-9,1.000
M81,18a158_212,B,98.0,1.954e-9,1.000
M81,18a158_212,B,102.0,1.605e-9,1.000
M81,18a158_212,B,106.0,1.808e-9,0.998
M81,18a158_212,B,110.0,1.226e-9,0.969
M81,18a158_212,B,114.0,9.899e-10,0.933
M81,18a158_212,B,118.0,8.060e-10,0.913
M81,18a158_212,B,122.0,8.518e-10,0.886
M81,18a158_212,B,126.0,5.940e-10,0.848
M81,18a158_212,B,130.0,5.313e-10,0.802
M81,18a158_212,B,134.0,4.155e-10,0.805
M81,18a158_212,B,138.0,2.993e-10,0.797
M81,18a158_212,B,142.0,3.367e-10,0.696
M81,18a158_212,B,146.0,1.447e-9,0.664
M81,18a158_212,B,150.0,1.268e-9,0.642
M81,18a158_212,B,154.0,2.668e-10,0.619
M81,18a158_212,B,158.0,1.547e-10,0.659
M81,18a158_212,B,162.0,1.708e-10,0.669
M81,18a158_212,B,166.0,2.022e-10,0.693
M81,18a158_212,B,170.0,2.005e-10,0.702
M81,18a158_212,B,174.0,1.756e-10,0.689
M81,18a158_212,B,178.0,1.609e-10,0.694
M81,18a158_212,B,182.0,1.563e-10,0.682
M81,18a158_212,B,186.0,1.492e-10,0.642
M81,18a158_212,B,190.0,1.145e-10,0.608
M81,18a158_212,B,194.0,1.056e-10,0.555
M81,18a158_212,B,198.0,2.463e-10,0.532
M81,18a158_212,B,202.0,1.322e-10,0.518
M81,18a158_212,B,206.0,7.074e-11,0.509
M81,18a158_212,B,210.0,2.175e-10,0.449
M81,18a158_212,B,214.0,1.284e-9,0.462
M81,18a158_212,B,218.0,4.673e-10,0.475
M81,18a158_212,B,222.0,9.653e-11,0.437
M81,18a158_212,B,226.0,6.605e-11,0.377
M81,18a158_212,B,230.0,4.845e-11,0.341
M81,18a158_212,B,234.0,5.247e-11,0.328
M81,18a158_212,B,238.0,5.707e-11,0.317
M81,18a158_212,B,242.0,4.786e-11,0.309
M81,18a158_212,B,246.0,5.082e-11,0.312
M81,18a158_212,B,250.0,5.360e-11,0.338
M81,18a158_212,B,254.0,4.967e-11,0.354
M81,18a158_212,B,258.0,1.413e-10,0.369
M81,18a158_212,B,262.0,6.344e-11,0.362
M81,18a158_212,B,266.0,1.463e-10,0.361
M81,18a158_212,B,270.0,7.377e-11,0.349
M81,18a158_212,B,274.0,5.607e-11,0.340
M81,18a158_212,B,278.0,5.454e-11,0.313
M81,18a158_212,B,282.0,9.291e-11,0.304
M81,18a158_212,B,286.0,5.121e-11,0.305
M81,18a158_212,B,290.0,6.176e-11,0.303
M81,18a158_212,B,294.0,7.779e-10,0.330
M81,18a158_212,B,298.0,1.810e-9,0.285
M81,18a158_212,B,302.0,9.745e-11,0.294
M81,18a158_212,B,306.0,2.922e-11,0.297
M81,18a158_212,B,310.0,3.468e-11,0.289
M81,18a158_212,B,314.0,4.786e-11,0.268
M81,18a158_212,B,318.0,3.308e-11,0.273
M81,18a158_212,B,322.0,2.732e-11,0.284
M81,18a158_212,B,326.0,1.706e-11,0.264
M81,18a158_212,B,330.0,1.366e-11,0.257
M81,18a158_212,B,334.0,1.849e-11,0.238
M81,18a158_212,B,338.0,1.946e-11,0.247
M81,18a158_212,B,342.0,1.550e-11,0.257
M81,18a158_212,B,346.0,6.391e-11,0.257
M81,18a158_212,B,350.0,7.638e-11,0.254
M81,18a158_212,B,354.0,3.426e-11,0.257
M81,18a158_212,B,358.0,1.493e-11,0.272
M81,18a158_212,B,362.0,3.478e-11,0.284
M81,18a158_212,B,366.0,6.271e-10,0.286
M81,18a158_212,B,370.0,2.912e-10,0.272
M81,18a158_212,B,374.0,1.036e-11,0.244
M81,18a158_212,B,378.0,1.419e-11,0.224
M81,18a158_212,B,382.0,5.140e-11,0.218
M81,18a158_212,B,386.0,1.580e-11,0.239
M81,18a158_212,B,390.0,1.310e-11,0.241
M81,18a158_212,B,394.0,1.715e-11,0.230
M81,18a158_212,B,398.0,2.348e-10,0.241
M81,18a158_212,B,402.0,3.135e-11,0.226
M81,18a158_212,B,406.0,1.635e-11,0.232
M81,18a158_212,B,410.0,3.763e-10,0.233
M81,18a158_212,B,414.0,1.413e-10,0.239
M81,18a158_212,B,418.0,3.802e-12,0.229
M81,18a158_212,B,422.0,3.664e-12,0.225
M81,18a158_212,B,426.0,3.047e-12,0.229
M81,18a158_212,B,430.0,3.013e-12,0.221
M81,18a158_212,B,434.0,3.662e-12,0.223
M81,18a158_212,B,438.0,1.176e-11,0.209
M81,18a158_212,B,442.0,4.198e-10,0.214
M81,18a158_212,B,446.0,1.120e-10,0.206
M81,18a158_212,B,450.0,2.325e-12,0.202
M81,18a158_212,B,454.0,1.768e-12,0.202
M81,18a158_212,B,458.0,5.478e-12,0.197
M81,18a158_212,B,462.0,1.397e-12,0.188
M81,18a158_212,B,466.0,2.394e-12,0.173
M81,18a158_212,B,470.0,1.040e-12,0.166
M81,18a158_212,B,474.0,2.160e-12,0.169
M81,18a158_212,B,478.0,4.973e-12,0.169
M81,18a158_212,B,482.0,1.211e-10,0.174
M81,18a158_212,B,486.0,3.162e-10,0.154
M81,18a158_212,B,490.0,8.757e-10,0.156
M81,18a158_212,B,494.0,9.971e-10,0.139
M81,18a158_212,B,498.0,1.305e-9,0.121
M81,18a158_212,B,502.0,3.961e-11,0.109
M81,18a158_212,B,506.0,6.107e-12,0.083
M81,18a158_212,B,510.0,3.090e-12,0.066
M81,18a158_212,B,514.0,1.610e-11,0.056
M81,18a158_212,B,518.0,1.468e-10,0.051
M81,18a158_212,B,522.0,3.183e-10,0.038
M81,18a158_212,B,526.0,6.018e-10,0.025
M81,18a158_212,B,530.0,5.480e-11,0.012
M81,18a158_212,B,534.0,7.038e-13,0.007
M81,18a158_212,B,538.0,8.788e-12,0.007
M81,18a158_212,B,542.0,9.479e-12,0.006
M81,18a158_212,B,546.0,6.972e-13,0.004
M81,18a158_212,B,550.0,3.510e-12,0.006
M81,18a158_212,B,554.0,3.003e-12,0.005
M81,18a158_212,B,558.0,6.394e-11,0.005
M81,18a158_212,B,562.0,1.813e-10,0.011
M81,18a158_212,B,566.0,1.408e-10,0.012
M81,18a158_212,B,570.0,8.677e-14,0.004
M81,18a158_212,B,574.0,1.364e-11,0.003
M81,18a158_212,B,578.0,4.908e-11,0.006
M81,18a158_212,B,582.0,1.650e-11,0.005
M81,18a158_212,B,586.0,4.190e-13,0.001
M81,18a158_212,B,590.0,1.230e-12,0.004
M81,18a158_212,B,594.0,3.867e-12,0.008
M81,18a158_212,B,598.0,4.827e-12,0.010
M81,18a158_212,B,602.0,2.221e-11,0.014
M81,18a158_212,B,606.0,1.134e-10,0.016
M81,18a158_212,B,610.0,2.167e-10,0.017
M81,18a158_212,B,614.0,4.903e-10,0.015
M81,18a158_212,B,618.0,3.562e-10,0.012
M81,18a158_212,B,622.0,2.672e-10,0.012
M81,18a158_212,B,626.0,1.840e-10,0.015
M81,18a158_212,B,630.0,3.249e-11,0.010
M81,18a158_212,B,634.0,1.910e-12,0.006
M81,18a158_212,B,638.0,8.235e-15,0.000
M81,18a158_212,B,646.0,1.436e-14,0.001
M81,18a158_212,B,650.0,9.683e-11,0.008
M81,18a158_212,B,654.0,1.569e-10,0.010
M81,18a158_212,B,658.0,1.449e-10,0.007
M81,18a158_212,B,662.0,2.192e-10,0.007
M81,18a158_212,B,666.0,5.378e-11,0.006
M81,18a158_212,B,670.0,2.069e-12,0.005
M81,18a158_212,B,674.0,3.484e-12,0.003
M81,18a158_212,B,678.0,2.727e-12,0.002
M81,18a158_212,B,682.0,4.696e-11,0.002
M81,18a158_212,B,686.0,3.518e-12,0.001
M81,18a158_212,B,698.0,2.110e-18,0.000
M81,18a158_212,B,702.0,3.307e-11,0.003
M81,18a158_212,B,706.0,8.332e-12,0.002
M81,18a158_212,B,710.0,4.466e-12,0.001
M81,18a158_212,B,718.0,9.525e-14,0.001
M81,18a158_212,B,730.0,1.841e-14,0.001
M81,18a158_212,B,734.0,4.111e-12,0.001
M81,18a158_212,B,738.0,1.914e-13,0.001
M81,18a158_212,B,750.0,3.222e-14,0.000
M81,18a158_212,B,754.0,2.167e-11,0.002
M81,18a158_212,B,758.0,1.531e-13,0.001
M81,18a158_212,B,762.0,2.479e-13,0.001
M81,18a158_212,B,766.0,6.837e-11,0.002
M81,18a158_212,B,770.0,4.640e-12,0.001
M81,12a152_212,A,2.0,1.762e-7,1.000
M81,12a152_212,A,6.0,2.131e-7,1.000
M81,12a152_212,A,10.0,1.488e-7,1.000
M81,12a152_212,A,14.0,9.235e-8,1.000
M81,12a152_212,A,18.0,6.595e-8,1.000
M81,12a152_212,A,22.0,4.934e-8,1.000
M81,12a152_212,A,26.0,3.878e-8,1.000
M81,12a152_212,A,30.0,3.142e-8,1.000
M81,12a152_212,A,34.0,2.638e-8,1.000
M81,12a152_212,A,38.0,2.270e-8,1.000
M81,12a152_212,A,42.0,2.089e-8,1.000
M81,12a152_212,A,46.0,1.735e-8,1.000
M81,12a152_212,A,50.0,1.488e-8,1.000
M81,12a152_212,A,54.0,1.303e-8,1.000
M81,12a152_212,A,58.0,1.141e-8,1.000
M81,12a152_212,A,62.0,1.015e-8,1.000
M81,12a152_212,A,66.0,8.848e-9,1.000
M81,12a152_212,A,70.0,7.549e-9,1.000
M81,12a152_212,A,74.0,6.417e-9,1.000
M81,12a152_212,A,78.0,5.566e-9,1.000
M81,12a152_212,A,82.0,4.848e-9,1.000
M81,12a152_212,A,86.0,4.097e-9,1.000
M81,12a152_212,A,90.0,3.407e-9,1.000
M81,12a152_212,A,94.0,2.792e-9,1.000
M81,12a152_212,A,98.0,2.302e-9,1.000
M81,12a152_212,A,102.0,2.009e-9,1.000
M81,12a152_212,A,106.0,2.092e-9,0.998
M81,12a152_212,A,110.0,1.694e-9,0.978
M81,12a152_212,A,114.0,1.269e-9,0.940
M81,12a152_212,A,118.0,1.062e-9,0.936
M81,12a152_212,A,122.0,1.045e-9,0.917
M81,12a152_212,A,126.0,7.917e-10,0.893
M81,12a152_212,A,130.0,7.075e-10,0.864
M81,12a152_212,A,134.0,5.581e-10,0.858
M81,12a152_212,A,138.0,4.286e-10,0.868
M81,12a152_212,A,142.0,4.157e-10,0.774
M81,12a152_212,A,146.0,1.579e-9,0.731
M81,12a152_212,A,150.0,1.244e-9,0.720
M81,12a152_212,A,154.0,3.068e-10,0.701
M81,12a152_212,A,158.0,2.236e-10,0.731
M81,12a152_212,A,162.0,2.367e-10,0.729
M81,12a152_212,A,166.0,2.823e-10,0.771
M81,12a152_212,A,170.0,2.890e-10,0.746
M81,12a152_212,A,174.0,2.531e-10,0.728
M81,12a152_212,A,178.0,2.379e-10,0.749
M81,12a152_212,A,182.0,2.265e-10,0.716
M81,12a152_212,A,186.0,2.155e-10,0.704
M81,12a152_212,A,190.0,1.704e-10,0.666
M81,12a152_212,A,194.0,1.540e-10,0.631
M81,12a152_212,A,198.0,3.368e-10,0.597
M81,12a152_212,A,202.0,1.634e-10,0.594
M81,12a152_212,A,206.0,1.133e-10,0.570
M81,12a152_212,A,210.0,1.582e-10,0.513
M81,12a152_212,A,214.0,1.173e-9,0.514
M81,12a152_212,A,218.0,7.314e-10,0.556
M81,12a152_212,A,222.0,8.953e-11,0.497
M81,12a152_212,A,226.0,9.788e-11,0.456
M81,12a152_212,A,230.0,7.381e-11,0.405
M81,12a152_212,A,234.0,8.105e-11,0.374
M81,12a152_212,A,238.0,8.349e-11,0.364
M81,12a152_212,A,242.0,7.251e-11,0.358
M81,12a152_212,A,246.0,7.720e-11,0.381
M81,12a152_212,A,250.0,7.747e-11,0.403
M81,12a152_212,A,254.0,9.625e-11,0.414
M81,12a152_212,A,258.0,1.369e-10,0.403
M81,12a152_212,A,262.0,9.518e-11,0.410
M81,12a152_212,A,266.0,1.751e-10,0.411
M81,12a152_212,A,270.0,9.544e-11,0.403
M81,12a152_212,A,274.0,7.880e-11,0.396
M81,12a152_212,A,278.0,8.062e-11,0.365
M81,12a152_212,A,282.0,1.058e-10,0.372
M81,12a152_212,A,286.0,7.900e-11,0.410
M81,12a152_212,A,290.0,8.892e-11,0.424
M81,12a152_212,A,294.0,5.413e-10,0.485
M81,12a152_212,A,298.0,1.837e-9,0.480
M81,12a152_212,A,302.0,2.497e-10,0.504
M81,12a152_212,A,306.0,4.768e-11,0.482
M81,12a152_212,A,310.0,4.764e-11,0.410
M81,12a152_212,A,314.0,6.422e-11,0.372
M81,12a152_212,A,318.0,4.515e-11,0.359
M81,12a152_212,A,322.0,4.606e-11,0.351
M81,12a152_212,A,326.0,3.023e-11,0.336
M81,12a152_212,A,330.0,2.506e-11,0.348
M81,12a152_212,A,334.0,3.224e-11,0.320
M81,12a152_212,A,338.0,3.153e-11,0.335
M81,12a152_212,A,342.0,2.436e-11,0.334
M81,12a152_212,A,346.0,9.999e-11,0.336
M81,12a152_212,A,350.0,7.110e-11,0.348
M81,12a152_212,A,354.0,4.787e-11,0.351
M81,12a152_212,A,358.0,2.719e-11,0.367
M81,12a152_212,A,362.0,5.213e-11,0.370
M81,12a152_212,A,366.0,6.093e-10,0.362
M81,12a152_212,A,370.0,3.790e-10,0.348
M81,12a152_212,A,374.0,1.927e-11,0.327
M81,12a152_212,A,378.0,2.688e-11,0.318
M81,12a152_212,A,382.0,5.598e-11,0.317
M81,12a152_212,A,386.0,2.207e-11,0.308
M81,12a152_212,A,390.0,2.243e-11,0.296
M81,12a152_212,A,394.0,2.959e-11,0.283
M81,12a152_212,A,398.0,2.670e-10,0.277
M81,12a152_212,A,402.0,2.546e-11,0.267
M81,12a152_212,A,406.0,2.236e-11,0.276
M81,12a152_212,A,410.0,3.650e-10,0.290
M81,12a152_212,A,414.0,1.641e-10,0.291
M81,12a152_212,A,418.0,9.685e-12,0.296
M81,12a152_212,A,422.0,9.449e-12,0.304
M81,12a152_212,A,426.0,8.588e-12,0.300
M81,12a152_212,A,430.0,8.469e-12,0.296
M81,12a152_212,A,434.0,9.259e-12,0.286
M81,12a152_212,A,438.0,1.751e-11,0.292
M81,12a152_212,A,442.0,4.464e-10,0.295
M81,12a152_212,A,446.0,1.077e-10,0.290
M81,12a152_212,A,450.0,6.985e-12,0.289
M81,12a152_212,A,454.0,6.085e-12,0.291
M81,12a152_212,A,458.0,9.970e-12,0.281
M81,12a152_212,A,462.0,5.436e-12,0.266
M81,12a152_212,A,466.0,4.939e-12,0.260
M81,12a152_212,A,470.0,4.461e-12,0.256
M81,12a152_212,A,474.0,5.178e-12,0.255
M81,12a152_212,A,478.0,9.681e-12,0.256
M81,12a152_212,A,482.0,7.572e-11,0.255
M81,12a152_212,A,486.0,3.121e-10,0.238
M81,12a152_212,A,490.0,1.012e-9,0.248
M81,12a152_212,A,494.0,8.797e-10,0.245
M81,12a152_212,A,498.0,1.380e-9,0.222
M81,12a152_212,A,502.0,4.004e-11,0.212
M81,12a152_212,A,506.0,9.204e-12,0.199
M81,12a152_212,A,510.0,5.386e-12,0.184
M81,12a152_212,A,514.0,1.328e-11,0.172
M81,12a152_212,A,518.0,1.075e-10,0.159
M81,12a152_212,A,522.0,3.392e-10,0.151
M81,12a152_212,A,526.0,7.029e-10,0.145
M81,12a152_212,A,530.0,3.497e-11,0.128
M81,12a152_212,A,534.0,1.426e-12,0.111
M81,12a152_212,A,538.0,1.034e-11,0.091
M81,12a152_212,A,542.0,1.038e-11,0.070
M81,12a152_212,A,546.0,8.852e-13,0.050
M81,12a152_212,A,550.0,2.185e-12,0.042
M81,12a152_212,A,554.0,3.004e-12,0.025
M81,12a152_212,A,558.0,6.023e-11,0.019
M81,12a152_212,A,562.0,2.247e-10,0.022
M81,12a152_212,A,566.0,1.018e-10,0.018
M81,12a152_212,A,570.0,5.493e-13,0.006
M81,12a152_212,A,574.0,5.547e-12,0.004
M81,12a152_212,A,578.0,6.979e-11,0.008
M81,12a152_212,A,582.0,8.867e-12,0.007
M81,12a152_212,A,586.0,4.456e-13,0.002
M81,12a152_212,A,590.0,1.781e-12,0.006
M81,12a152_212,A,594.0,4.644e-12,0.010
M81,12a152_212,A,598.0,5.229e-12,0.010
M81,12a152_212,A,602.0,2.844e-11,0.015
M81,12a152_212,A,606.0,1.126e-10,0.016
M81,12a152_212,A,610.0,2.359e-10,0.019
M81,12a152_212,A,614.0,4.299e-10,0.015
M81,12a152_212,A,618.0,3.137e-10,0.014
M81,12a152_212,A,622.0,3.266e-10,0.012
M81,12a152_212,A,626.0,1.767e-10,0.015
M81,12a152_212,A,630.0,5.363e-11,0.010
M81,12a152_212,A,634.0,5.276e-12,0.006
M81,12a152_212,A,638.0,3.345e-14,0.001
M81,12a152_212,A,642.0,2.487e-14,0.000
M81,12a152_212,A,646.0,2.698e-14,0.002
M81,12a152_212,A,650.0,9.847e-11,0.009
M81,12a152_212,A,654.0,1.617e-10,0.011
M81,12a152_212,A,658.0,1.492e-10,0.007
M81,12a152_212,A,662.0,1.993e-10,0.007
M81,12a152_212,A,666.0,4.503e-11,0.007
M81,12a152_212,A,670.0,2.975e-12,0.005
M81,12a152_212,A,674.0,1.266e-12,0.004
M81,12a152_212,A,678.0,2.949e-12,0.002
M81,12a152_212,A,682.0,4.803e-11,0.002
M81,12a152_212,A,686.0,2.817e-12,0.001
M81,12a152_212,A,698.0,4.251e-17,0.000
M81,12a152_212,A,702.0,3.044e-11,0.002
M81,12a152_212,A,706.0,1.260e-11,0.002
M81,12a152_212,A,710.0,5.851e-12,0.002
M81,12a152_212,A,714.0,1.596e-16,0.000
M81,12a152_212,A,718.0,1.121e-13,0.001
M81,12a152_212,A,730.0,1.557e-14,0.000
M81,12a152_212,A,734.0,5.799e-12,0.001
M81,12a152_212,A,738.0,3.574e-13,0.001
M81,12a152_212,A,750.0,3.026e-13,0.001
M81,12a152_212,A,754.0,1.789e-11,0.001
M81,12a152_212,A,758.0,2.943e-12,0.001
M81,12a152_212,A,762.0,3.030e-12,0.001
M81,12a152_212,A,766.0,6.749e-11,0.002
M81,12a152_212,A,770.0,1.032e-11,0.002
M81,12a152_212,A,774.0,7.035e-16,0.000
M81,12a152_212,A,806.0,1.640e-16,0.000
M81,12a152_212,A,826.0,1.086e-14,0.000
M81,12a152_212,A,830.0,1.828e-11,0.002
M81,12a152_212,B,2.0,1.762e-7,1.000
M81,12a152_212,B,6.0,2.131e-7,1.000
M81,12a152_212,B,10.0,1.488e-7,1.000
M81,12a152_212,B,14.0,9.235e-8,1.000
M81,12a152_212,B,18.0,6.595e-8,1.000
M81,12a152_212,B,22.0,4.934e-8,1.000
M81,12a152_212,B,26.0,3.878e-8,1.000
M81,12a152_212,B,30.0,3.142e-8,1.000
M81,12a152_212,B,34.0,2.638e-8,1.000
M81,12a152_212,B,38.0,2.270e-8,1.000
M81,12a152_212,B,42.0,2.089e-8,1.000
M81,12a152_212,B,46.0,1.735e-8,1.000
M81,12a152_212,B,50.0,1.488e-8,1.000
M81,12a152_212,B,54.0,1.303e-8,1.000
M81,12a152_212,B,58.0,1.140e-8,1.000
M81,12a152_212,B,62.0,1.000e-8,1.000
M81,12a152_212,B,66.0,8.419e-9,1.000
M81,12a152_212,B,70.0,6.961e-9,1.000
M81,12a152_212,B,74.0,5.652e-9,1.000
M81,12a152_212,B,78.0,4.700e-9,1.000
M81,12a152_212,B,82.0,3.804e-9,1.000
M81,12a152_212,B,86.0,3.025e-9,1.000
M81,12a152_212,B,90.0,2.335e-9,1.000
M81,12a152_212,B,94.0,1.751e-9,1.000
M81,12a152_212,B,98.0,1.349e-9,1.000
M81,12a152_212,B,102.0,1.150e-9,0.998
M81,12a152_212,B,106.0,1.335e-9,0.988
M81,12a152_212,B,110.0,1.003e-9,0.951
M81,12a152_212,B,114.0,6.726e-10,0.912
M81,12a152_212,B,118.0,5.461e-10,0.874
M81,12a152_212,B,122.0,5.969e-10,0.819
M81,12a152_212,B,126.0,4.103e-10,0.757
M81,12a152_212,B,130.0,3.592e-10,0.753
M81,12a152_212,B,134.0,2.667e-10,0.717
M81,12a152_212,B,138.0,1.958e-10,0.686
M81,12a152_212,B,142.0,2.331e-10,0.606
M81,12a152_212,B,146.0,1.426e-9,0.578
M81,12a152_212,B,150.0,1.108e-9,0.540
M81,12a152_212,B,154.0,1.777e-10,0.515
M81,12a152_212,B,158.0,8.832e-11,0.570
M81,12a152_212,B,162.0,9.436e-11,0.576
M81,12a152_212,B,166.0,1.285e-10,0.605
M81,12a152_212,B,170.0,1.345e-10,0.607
M81,12a152_212,B,174.0,1.011e-10,0.611
M81,12a152_212,B,178.0,9.291e-11,0.618
M81,12a152_212,B,182.0,8.862e-11,0.592
M81,12a152_212,B,186.0,8.830e-11,0.567
M81,12a152_212,B,190.0,6.274e-11,0.508
M81,12a152_212,B,194.0,6.108e-11,0.464
M81,12a152_212,B,198.0,2.496e-10,0.426
M81,12a152_212,B,202.0,8.317e-11,0.443
M81,12a152_212,B,206.0,3.679e-11,0.438
M81,12a152_212,B,210.0,9.173e-11,0.371
M81,12a152_212,B,214.0,1.113e-9,0.343
M81,12a152_212,B,218.0,6.591e-10,0.362
M81,12a152_212,B,222.0,3.021e-11,0.328
M81,12a152_212,B,226.0,4.412e-11,0.306
M81,12a152_212,B,230.0,2.419e-11,0.288
M81,12a152_212,B,234.0,2.883e-11,0.272
M81,12a152_212,B,238.0,3.107e-11,0.262
M81,12a152_212,B,242.0,2.540e-11,0.266
M81,12a152_212,B,246.0,2.748e-11,0.264
M81,12a152_212,B,250.0,3.033e-11,0.274
M81,12a152_212,B,254.0,4.760e-11,0.287
M81,12a152_212,B,258.0,8.096e-11,0.298
M81,12a152_212,B,262.0,3.690e-11,0.324
M81,12a152_212,B,266.0,1.192e-10,0.312
M81,12a152_212,B,270.0,4.378e-11,0.275
M81,12a152_212,B,274.0,2.874e-11,0.276
M81,12a152_212,B,278.0,3.255e-11,0.263
M81,12a152_212,B,282.0,5.960e-11,0.252
M81,12a152_212,B,286.0,3.982e-11,0.249
M81,12a152_212,B,290.0,4.861e-11,0.229
M81,12a152_212,B,294.0,5.034e-10,0.239
M81,12a152_212,B,298.0,1.807e-9,0.196
M81,12a152_212,B,302.0,2.172e-10,0.221
M81,12a152_212,B,306.0,1.828e-11,0.204
M81,12a152_212,B,310.0,1.823e-11,0.202
M81,12a152_212,B,314.0,3.817e-11,0.195
M81,12a152_212,B,318.0,1.807e-11,0.204
M81,12a152_212,B,322.0,1.777e-11,0.205
M81,12a152_212,B,326.0,7.434e-12,0.173
M81,12a152_212,B,330.0,4.745e-12,0.176
M81,12a152_212,B,334.0,9.917e-12,0.156
M81,12a152_212,B,338.0,9.427e-12,0.161
M81,12a152_212,B,342.0,5.225e-12,0.162
M81,12a152_212,B,346.0,7.504e-11,0.181
M81,12a152_212,B,350.0,4.693e-11,0.181
M81,12a152_212,B,354.0,2.490e-11,0.173
M81,12a152_212,B,358.0,6.060e-12,0.166
M81,12a152_212,B,362.0,2.445e-11,0.180
M81,12a152_212,B,366.0,5.864e-10,0.179
M81,12a152_212,B,370.0,3.593e-10,0.170
M81,12a152_212,B,374.0,3.444e-12,0.152
M81,12a152_212,B,378.0,1.141e-11,0.148
M81,12a152_212,B,382.0,4.015e-11,0.147
M81,12a152_212,B,386.0,7.310e-12,0.141
M81,12a152_212,B,390.0,5.808e-12,0.163
M81,12a152_212,B,394.0,1.450e-11,0.164
M81,12a152_212,B,398.0,2.509e-10,0.155
M81,12a152_212,B,402.0,1.176e-11,0.138
M81,12a152_212,B,406.0,9.319e-12,0.137
M81,12a152_212,B,410.0,3.518e-10,0.122
M81,12a152_212,B,414.0,1.515e-10,0.113
M81,12a152_212,B,418.0,4.396e-13,0.108
M81,12a152_212,B,422.0,5.410e-13,0.091
M81,12a152_212,B,426.0,2.188e-13,0.100
M81,12a152_212,B,430.0,2.478e-13,0.087
M81,12a152_212,B,434.0,7.114e-13,0.090
M81,12a152_212,B,438.0,7.907e-12,0.075
M81,12a152_212,B,442.0,4.368e-10,0.063
M81,12a152_212,B,446.0,9.832e-11,0.056
M81,12a152_212,B,450.0,4.499e-13,0.052
M81,12a152_212,B,454.0,1.832e-13,0.045
M81,12a152_212,B,458.0,2.401e-12,0.046
M81,12a152_212,B,462.0,1.555e-13,0.039
M81,12a152_212,B,466.0,1.805e-13,0.027
M81,12a152_212,B,470.0,8.185e-14,0.011
M81,12a152_212,B,474.0,5.264e-13,0.006
M81,12a152_212,B,478.0,2.630e-12,0.012
M81,12a152_212,B,482.0,6.297e-11,0.016
M81,12a152_212,B,486.0,3.048e-10,0.017
M81,12a152_212,B,490.0,1.001e-9,0.023
M81,12a152_212,B,494.0,8.695e-10,0.021
M81,12a152_212,B,498.0,1.371e-9,0.018
M81,12a152_212,B,502.0,3.065e-11,0.018
M81,12a152_212,B,506.0,6.277e-12,0.005
M81,12a152_212,B,510.0,4.139e-12,0.001
M81,12a152_212,B,514.0,1.210e-11,0.002
M81,12a152_212,B,518.0,1.031e-10,0.006
M81,12a152_212,B,522.0,3.339e-10,0.011
M81,12a152_212,B,526.0,6.986e-10,0.011
M81,12a152_212,B,530.0,3.003e-11,0.007
M81,12a152_212,B,534.0,3.818e-13,0.005
M81,12a152_212,B,538.0,8.212e-12,0.006
M81,12a152_212,B,542.0,9.140e-12,0.005
M81,12a152_212,B,546.0,2.903e-13,0.003
M81,12a152_212,B,550.0,9.790e-13,0.004
M81,12a152_212,B,554.0,1.451e-12,0.004
M81,12a152_212,B,558.0,5.928e-11,0.005
M81,12a152_212,B,562.0,2.210e-10,0.012
M81,12a152_212,B,566.0,9.617e-11,0.011
M81,12a152_212,B,570.0,1.564e-13,0.002
M81,12a152_212,B,574.0,5.472e-12,0.002
M81,12a152_212,B,578.0,6.855e-11,0.007
M81,12a152_212,B,582.0,7.191e-12,0.004
M81,12a152_212,B,586.0,1.715e-13,0.001
M81,12a152_212,B,590.0,8.822e-13,0.003
M81,12a152_212,B,594.0,3.110e-12,0.006
M81,12a152_212,B,598.0,2.466e-12,0.008
M81,12a152_212,B,602.0,2.185e-11,0.013
M81,12a152_212,B,606.0,1.048e-10,0.014
M81,12a152_212,B,610.0,2.256e-10,0.016
M81,12a152_212,B,614.0,4.253e-10,0.013
M81,12a152_212,B,618.0,3.100e-10,0.012
M81,12a152_212,B,622.0,3.218e-10,0.010
M81,12a152_212,B,626.0,1.691e-10,0.014
M81,12a152_212,B,630.0,4.776e-11,0.008
M81,12a152_212,B,634.0,2.699e-12,0.005
M81,12a152_212,B,638.0,2.264e-15,0.000
M81,12a152_212,B,642.0,1.846e-15,0.000
M81,12a152_212,B,650.0,9.669e-11,0.006
M81,12a152_212,B,654.0,1.566e-10,0.010
M81,12a152_212,B,658.0,1.476e-10,0.006
M81,12a152_212,B,662.0,1.977e-10,0.006
M81,12a152_212,B,666.0,4.224e-11,0.006
M81,12a152_212,B,670.0,1.430e-12,0.004
M81,12a152_212,B,674.0,5.579e-13,0.003
M81,12a152_212,B,678.0,2.338e-12,0.001
M81,12a152_212,B,682.0,4.797e-11,0.002
M81,12a152_212,B,686.0,2.772e-12,0.001
M81,12a152_212,B,702.0,2.932e-11,0.002
M81,12a152_212,B,706.0,1.161e-11,0.002
M81,12a152_212,B,710.0,4.694e-12,0.001
M81,12a152_212,B,718.0,2.005e-14,0.001
M81,12a152_212,B,730.0,3.403e-16,0.000
M81,12a152_212,B,734.0,5.326e-12,0.001
M81,12a152_212,B,738.0,1.536e-13,0.001
M81,12a152_212,B,750.0,1.484e-13,0.000
M81,12a152_212,B,754.0,1.775e-11,0.001
M81,12a152_212,B,758.0,2.839e-12,0.001
M81,12a152_212,B,762.0,2.823e-12,0.001
M81,12a152_212,B,766.0,6.726e-11,0.002
M81,12a152_212,B,770.0,9.971e-12,0.001
M81,12a152_212,B,826.0,1.070e-17,0.000
M81,12a152_212,B,830.0,1.820e-11,0.001
M81,18a158_220,A,2.0,1.766e-7,1.000
M81,18a158_220,A,6.0,2.050e-7,1.000
M81,18a158_220,A,10.0,1.461e-7,1.000
M81,18a158_220,A,14.0,9.287e-8,1.000
M81,18a158_220,A,18.0,6.609e-8,1.000
M81,18a158_220,A,22.0,4.860e-8,1.000
M81,18a158_220,A,26.0,3.823e-8,1.000
M81,18a158_220,A,30.0,3.151e-8,1.000
M81,18a158_220,A,34.0,2.670e-8,1.000
M81,18a158_220,A,38.0,2.274e-8,1.000
M81,18a158_220,A,42.0,2.102e-8,1.000
M81,18a158_220,A,46.0,1.726e-8,1.000
M81,18a158_220,A,50.0,1.493e-8,1.000
M81,18a158_220,A,54.0,1.304e-8,1.000
M81,18a158_220,A,58.0,1.138e-8,1.000
M81,18a158_220,A,62.0,1.013e-8,1.000
M81,18a158_220,A,66.0,8.866e-9,1.000
M81,18a158_220,A,70.0,7.664e-9,1.000
M81,18a158_220,A,74.0,6.609e-9,1.000
M81,18a158_220,A,78.0,5.838e-9,1.000
M81,18a158_220,A,82.0,5.181e-9,1.000
M81,18a158_220,A,86.0,4.485e-9,1.000
M81,18a158_220,A,90.0,3.988e-9,1.000
M81,18a158_220,A,94.0,3.519e-9,1.000
M81,18a158_220,A,98.0,3.126e-9,1.000
M81,18a158_220,A,102.0,2.757e-9,1.000
M81,18a158_220,A,106.0,2.934e-9,1.000
M81,18a158_220,A,110.0,2.302e-9,0.994
M81,18a158_220,A,114.0,1.977e-9,0.976
M81,18a158_220,A,118.0,1.725e-9,0.973
M81,18a158_220,A,122.0,1.671e-9,0.949
M81,18a158_220,A,126.0,1.350e-9,0.953
M81,18a158_220,A,130.0,1.251e-9,0.939
M81,18a158_220,A,134.0,1.081e-9,0.952
M81,18a158_220,A,138.0,8.750e-10,0.967
M81,18a158_220,A,142.0,8.280e-10,0.918
M81,18a158_220,A,146.0,1.877e-9,0.864
M81,18a158_220,A,150.0,1.659e-9,0.867
M81,18a158_220,A,154.0,6.444e-10,0.872
M81,18a158_220,A,158.0,5.762e-10,0.878
M81,18a158_220,A,162.0,6.235e-10,0.859
M81,18a158_220,A,166.0,6.892e-10,0.867
M81,18a158_220,A,170.0,6.850e-10,0.889
M81,18a158_220,A,174.0,6.531e-10,0.869
M81,18a158_220,A,178.0,6.101e-10,0.845
M81,18a158_220,A,182.0,5.871e-10,0.832
M81,18a158_220,A,186.0,5.386e-10,0.803
M81,18a158_220,A,190.0,4.682e-10,0.823
M81,18a158_220,A,194.0,4.165e-10,0.790
M81,18a158_220,A,198.0,5.330e-10,0.781
M81,18a158_220,A,202.0,3.930e-10,0.750
M81,18a158_220,A,206.0,3.169e-10,0.738
M81,18a158_220,A,210.0,4.221e-10,0.709
M81,18a158_220,A,214.0,1.481e-9,0.704
M81,18a158_220,A,218.0,6.646e-10,0.690
M81,18a158_220,A,222.0,2.967e-10,0.716
M81,18a158_220,A,226.0,2.462e-10,0.671
M81,18a158_220,A,230.0,2.212e-10,0.634
M81,18a158_220,A,234.0,2.224e-10,0.588
M81,18a158_220,A,238.0,2.306e-10,0.573
M81,18a158_220,A,242.0,2.076e-10,0.577
M81,18a158_220,A,246.0,2.167e-10,0.613
M81,18a158_220,A,250.0,2.126e-10,0.635
M81,18a158_220,A,254.0,2.065e-10,0.617
M81,18a158_220,A,258.0,3.079e-10,0.598
M81,18a158_220,A,262.0,2.447e-10,0.613
M81,18a158_220,A,266.0,3.295e-10,0.652
M81,18a158_220,A,270.0,2.452e-10,0.626
M81,18a158_220,A,274.0,2.255e-10,0.625
M81,18a158_220,A,278.0,2.137e-10,0.618
M81,18a158_220,A,282.0,2.359e-10,0.600
M81,18a158_220,A,286.0,1.846e-10,0.591
M81,18a158_220,A,290.0,1.950e-10,0.658
M81,18a158_220,A,294.0,9.131e-10,0.716
M81,18a158_220,A,298.0,1.929e-9,0.724
M81,18a158_220,A,302.0,2.207e-10,0.725
M81,18a158_220,A,306.0,1.460e-10,0.726
M81,18a158_220,A,310.0,1.471e-10,0.730
M81,18a158_220,A,314.0,1.525e-10,0.739
M81,18a158_220,A,318.0,1.382e-10,0.722
M81,18a158_220,A,322.0,1.416e-10,0.730
M81,18a158_220,A,326.0,1.154e-10,0.719
M81,18a158_220,A,330.0,1.065e-10,0.757
M81,18a158_220,A,334.0,1.091e-10,0.787
M81,18a158_220,A,338.0,1.078e-10,0.807
M81,18a158_220,A,342.0,1.064e-10,0.808
M81,18a158_220,A,346.0,1.567e-10,0.821
M81,18a158_220,A,350.0,1.718e-10,0.838
M81,18a158_220,A,354.0,1.312e-10,0.842
M81,18a158_220,A,358.0,1.095e-10,0.846
M81,18a158_220,A,362.0,1.314e-10,0.848
M81,18a158_220,A,366.0,7.195e-10,0.843
M81,18a158_220,A,370.0,3.744e-10,0.852
M81,18a158_220,A,374.0,8.523e-11,0.851
M81,18a158_220,A,378.0,8.452e-11,0.859
M81,18a158_220,A,382.0,1.206e-10,0.866
M81,18a158_220,A,386.0,8.806e-11,0.847
M81,18a158_220,A,390.0,8.489e-11,0.784
M81,18a158_220,A,394.0,8.168e-11,0.715
M81,18a158_220,A,398.0,3.035e-10,0.690
M81,18a158_220,A,402.0,9.472e-11,0.652
M81,18a158_220,A,406.0,7.836e-11,0.652
M81,18a158_220,A,410.0,4.350e-10,0.635
M81,18a158_220,A,414.0,1.995e-10,0.615
M81,18a158_220,A,418.0,5.873e-11,0.607
M81,18a158_220,A,422.0,5.751e-11,0.597
M81,18a158_220,A,426.0,5.608e-11,0.583
M81,18a158_220,A,430.0,5.438e-11,0.577
M81,18a158_220,A,434.0,5.615e-11,0.568
M81,18a158_220,A,438.0,6.250e-11,0.570
M81,18a158_220,A,442.0,4.713e-10,0.567
M81,18a158_220,A,446.0,1.628e-10,0.575
M81,18a158_220,A,450.0,4.913e-11,0.555
M81,18a158_220,A,454.0,4.684e-11,0.545
M81,18a158_220,A,458.0,5.048e-11,0.539
M81,18a158_220,A,462.0,4.255e-11,0.519
M81,18a158_220,A,466.0,4.222e-11,0.501
M81,18a158_220,A,470.0,3.914e-11,0.498
M81,18a158_220,A,474.0,4.096e-11,0.500
M81,18a158_220,A,478.0,4.593e-11,0.495
M81,18a158_220,A,482.0,1.652e-10,0.486
M81,18a158_220,A,486.0,3.541e-10,0.468
M81,18a158_220,A,490.0,9.152e-10,0.463
M81,18a158_220,A,494.0,1.033e-9,0.452
M81,18a158_220,A,498.0,1.339e-9,0.446
M81,18a158_220,A,502.0,7.705e-11,0.428
M81,18a158_220,A,506.0,3.113e-11,0.412
M81,18a158_220,A,510.0,2.511e-11,0.398
M81,18a158_220,A,514.0,3.783e-11,0.401
M81,18a158_220,A,518.0,1.685e-10,0.403
M81,18a158_220,A,522.0,3.380e-10,0.408
M81,18a158_220,A,526.0,6.230e-10,0.397
M81,18a158_220,A,530.0,7.366e-11,0.381
M81,18a158_220,A,534.0,1.579e-11,0.373
M81,18a158_220,A,538.0,2.200e-11,0.360
M81,18a158_220,A,542.0,2.172e-11,0.343
M81,18a158_220,A,546.0,1.084e-11,0.320
M81,18a158_220,A,550.0,1.289e-11,0.310
M81,18a158_220,A,554.0,1.218e-11,0.288
M81,18a158_220,A,558.0,7.149e-11,0.289
M81,18a158_220,A,562.0,1.912e-10,0.283
M81,18a158_220,A,566.0,1.525e-10,0.281
M81,18a158_220,A,570.0,4.663e-12,0.272
M81,18a158_220,A,574.0,1.835e-11,0.266
M81,18a158_220,A,578.0,5.542e-11,0.273
M81,18a158_220,A,582.0,2.358e-11,0.265
M81,18a158_220,A,586.0,3.834e-12,0.257
M81,18a158_220,A,590.0,5.426e-12,0.258
M81,18a158_220,A,594.0,9.719e-12,0.264
M81,18a158_220,A,598.0,1.315e-11,0.265
M81,18a158_220,A,602.0,3.457e-11,0.275
M81,18a158_220,A,606.0,1.253e-10,0.272
M81,18a158_220,A,610.0,2.263e-10,0.273
M81,18a158_220,A,614.0,4.984e-10,0.264
M81,18a158_220,A,618.0,3.636e-10,0.248
M81,18a158_220,A,622.0,2.746e-10,0.241
M81,18a158_220,A,626.0,1.935e-10,0.242
M81,18a158_220,A,630.0,4.127e-11,0.229
M81,18a158_220,A,634.0,6.866e-12,0.217
M81,18a158_220,A,638.0,1.663e-12,0.206
M81,18a158_220,A,642.0,1.360e-12,0.198
M81,18a158_220,A,646.0,1.434e-12,0.198
M81,18a158_220,A,650.0,1.023e-10,0.196
M81,18a158_220,A,654.0,1.637e-10,0.193
M81,18a158_220,A,658.0,1.482e-10,0.178
M81,18a158_220,A,662.0,2.219e-10,0.175
M81,18a158_220,A,666.0,5.721e-11,0.165
M81,18a158_220,A,670.0,6.001e-12,0.163
M81,18a158_220,A,674.0,5.677e-12,0.154
M81,18a158_220,A,678.0,3.798e-12,0.149
M81,18a158_220,A,682.0,4.790e-11,0.145
M81,18a158_220,A,686.0,3.971e-12,0.135
M81,18a158_220,A,690.0,2.083e-13,0.121
M81,18a158_220,A,694.0,1.559e-13,0.112
M81,18a158_220,A,698.0,1.765e-13,0.113
M81,18a158_220,A,702.0,3.399e-11,0.107
M81,18a158_220,A,706.0,9.574e-12,0.107
M81,18a158_220,A,710.0,5.336e-12,0.098
M81,18a158_220,A,714.0,4.815e-14,0.084
M81,18a158_220,A,718.0,5.515e-13,0.073
M81,18a158_220,A,722.0,6.831e-15,0.060
M81,18a158_220,A,726.0,4.168e-15,0.042
M81,18a158_220,A,730.0,1.650e-13,0.013
M81,18a158_220,A,734.0,4.675e-12,0.002
M81,18a158_220,A,738.0,7.690e-13,0.002
M81,18a158_220,A,742.0,2.278e-14,0.001
M81,18a158_220,A,746.0,2.959e-15,0.001
M81,18a158_220,A,750.0,1.702e-13,0.001
M81,18a158_220,A,754.0,2.191e-11,0.002
M81,18a158_220,A,758.0,6.227e-13,0.001
M81,18a158_220,A,762.0,8.202e-13,0.001
M81,18a158_220,A,766.0,6.955e-11,0.003
M81,18a158_220,A,770.0,4.956e-12,0.002
M81,18a158_220,A,774.0,1.791e-15,0.001
M81,18a158_220,A,778.0,2.222e-15,0.000
M81,18a158_220,B,2.0,1.766e-7,1.000
M81,18a158_220,B,6.0,2.050e-7,1.000
M81,18a158_220,B,10.0,1.461e-7,1.000
M81,18a158_220,B,14.0,9.287e-8,1.000
M81,18a158_220,B,18.0,6.609e-8,1.000
M81,18a158_220,B,22.0,4.860e-8,1.000
M81,18a158_220,B,26.0,3.823e-8,1.000
M81,18a158_220,B,30.0,3.151e-8,1.000
M81,18a158_220,B,34.0,2.670e-8,1.000
M81,18a158_220,B,38.0,2.274e-8,1.000
M81,18a158_220,B,42.0,2.102e-8,1.000
M81,18a158_220,B,46.0,1.726e-8,1.000
M81,18a158_220,B,50.0,1.493e-8,1.000
M81,18a158_220,B,54.0,1.304e-8,1.000
M81,18a158_220,B,58.0,1.138e-8,1.000
M81,18a158_220,B,62.0,1.013e-8,1.000
M81,18a158_220,B,66.0,8.861e-9,1.000
M81,18a158_220,B,70.0,7.624e-9,1.000
M81,18a158_220,B,74.0,6.552e-9,1.000
M81,18a158_220,B,78.0,5.755e-9,1.000
M81,18a158_220,B,82.0,5.063e-9,1.000
M81,18a158_220,B,86.0,4.259e-9,1.000
M81,18a158_220,B,90.0,3.680e-9,1.000
M81,18a158_220,B,94.0,3.134e-9,1.000
M81,18a158_220,B,98.0,2.692e-9,1.000
M81,18a158_220,B,102.0,2.301e-9,1.000
M81,18a158_220,B,106.0,2.477e-9,1.000
M81,18a158_220,B,110.0,1.825e-9,0.982
M81,18a158_220,B,114.0,1.528e-9,0.955
M81,18a158_220,B,118.0,1.291e-9,0.955
M81,18a158_220,B,122.0,1.287e-9,0.923
M81,18a158_220,B,126.0,9.749e-10,0.932
M81,18a158_220,B,130.0,8.688e-10,0.907
M81,18a158_220,B,134.0,7.069e-10,0.906
M81,18a158_220,B,138.0,5.341e-10,0.923
M81,18a158_220,B,142.0,5.272e-10,0.851
M81,18a158_220,B,146.0,1.607e-9,0.780
M81,18a158_220,B,150.0,1.406e-9,0.784
M81,18a158_220,B,154.0,3.992e-10,0.781
M81,18a158_220,B,158.0,2.978e-10,0.786
M81,18a158_220,B,162.0,3.210e-10,0.782
M81,18a158_220,B,166.0,3.668e-10,0.818
M81,18a158_220,B,170.0,3.620e-10,0.808
M81,18a158_220,B,174.0,3.356e-10,0.778
M81,18a158_220,B,178.0,3.123e-10,0.794
M81,18a158_220,B,182.0,3.043e-10,0.760
M81,18a158_220,B,186.0,2.821e-10,0.734
M81,18a158_220,B,190.0,2.307e-10,0.738
M81,18a158_220,B,194.0,2.073e-10,0.688
M81,18a158_220,B,198.0,3.418e-10,0.666
M81,18a158_220,B,202.0,2.179e-10,0.659
M81,18a158_220,B,206.0,1.533e-10,0.636
M81,18a158_220,B,210.0,2.881e-10,0.588
M81,18a158_220,B,214.0,1.353e-9,0.585
M81,18a158_220,B,218.0,5.356e-10,0.593
M81,18a158_220,B,222.0,1.640e-10,0.583
M81,18a158_220,B,226.0,1.244e-10,0.519
M81,18a158_220,B,230.0,1.045e-10,0.479
M81,18a158_220,B,234.0,1.095e-10,0.427
M81,18a158_220,B,238.0,1.161e-10,0.431
M81,18a158_220,B,242.0,1.007e-10,0.431
M81,18a158_220,B,246.0,1.063e-10,0.469
M81,18a158_220,B,250.0,1.052e-10,0.487
M81,18a158_220,B,254.0,1.027e-10,0.492
M81,18a158_220,B,258.0,2.016e-10,0.473
M81,18a158_220,B,262.0,1.248e-10,0.471
M81,18a158_220,B,266.0,2.085e-10,0.483
M81,18a158_220,B,270.0,1.301e-10,0.477
M81,18a158_220,B,274.0,1.112e-10,0.469
M81,18a158_220,B,278.0,1.078e-10,0.444
M81,18a158_220,B,282.0,1.415e-10,0.448
M81,18a158_220,B,286.0,9.526e-11,0.472
M81,18a158_220,B,290.0,1.079e-10,0.506
M81,18a158_220,B,294.0,8.231e-10,0.580
M81,18a158_220,B,298.0,1.847e-9,0.605
M81,18a158_220,B,302.0,1.374e-10,0.604
M81,18a158_220,B,306.0,6.593e-11,0.605
M81,18a158_220,B,310.0,6.990e-11,0.605
M81,18a158_220,B,314.0,7.926e-11,0.611
M81,18a158_220,B,318.0,6.526e-11,0.601
M81,18a158_220,B,322.0,6.439e-11,0.618
M81,18a158_220,B,326.0,4.655e-11,0.609
M81,18a158_220,B,330.0,4.077e-11,0.612
M81,18a158_220,B,334.0,4.681e-11,0.565
M81,18a158_220,B,338.0,4.594e-11,0.539
M81,18a158_220,B,342.0,4.326e-11,0.522
M81,18a158_220,B,346.0,9.199e-11,0.506
M81,18a158_220,B,350.0,1.058e-10,0.482
M81,18a158_220,B,354.0,6.352e-11,0.483
M81,18a158_220,B,358.0,4.300e-11,0.495
M81,18a158_220,B,362.0,6.579e-11,0.475
M81,18a158_220,B,366.0,6.563e-10,0.465
M81,18a158_220,B,370.0,3.167e-10,0.441
M81,18a158_220,B,374.0,3.269e-11,0.418
M81,18a158_220,B,378.0,3.495e-11,0.418
M81,18a158_220,B,382.0,7.220e-11,0.420
M81,18a158_220,B,386.0,3.753e-11,0.406
M81,18a158_220,B,390.0,3.543e-11,0.392
M81,18a158_220,B,394.0,3.638e-11,0.365
M81,18a158_220,B,398.0,2.567e-10,0.359
M81,18a158_220,B,402.0,5.108e-11,0.344
M81,18a158_220,B,406.0,3.590e-11,0.351
M81,18a158_220,B,410.0,3.939e-10,0.355
M81,18a158_220,B,414.0,1.594e-10,0.360
M81,18a158_220,B,418.0,1.963e-11,0.354
M81,18a158_220,B,422.0,1.906e-11,0.358
M81,18a158_220,B,426.0,1.818e-11,0.358
M81,18a158_220,B,430.0,1.760e-11,0.347
M81,18a158_220,B,434.0,1.862e-11,0.353
M81,18a158_220,B,438.0,2.642e-11,0.351
M81,18a158_220,B,442.0,4.344e-10,0.359
M81,18a158_220,B,446.0,1.264e-10,0.355
M81,18a158_220,B,450.0,1.508e-11,0.360
M81,18a158_220,B,454.0,1.395e-11,0.351
M81,18a158_220,B,458.0,1.768e-11,0.343
M81,18a158_220,B,462.0,1.231e-11,0.329
M81,18a158_220,B,466.0,1.319e-11,0.325
M81,18a158_220,B,470.0,1.086e-11,0.325
M81,18a158_220,B,474.0,1.266e-11,0.320
M81,18a158_220,B,478.0,1.589e-11,0.321
M81,18a158_220,B,482.0,1.355e-10,0.310
M81,18a158_220,B,486.0,3.278e-10,0.304
M81,18a158_220,B,490.0,8.875e-10,0.301
M81,18a158_220,B,494.0,1.008e-9,0.297
M81,18a158_220,B,498.0,1.316e-9,0.290
M81,18a158_220,B,502.0,5.144e-11,0.277
M81,18a158_220,B,506.0,1.231e-11,0.257
M81,18a158_220,B,510.0,7.754e-12,0.239
M81,18a158_220,B,514.0,2.128e-11,0.241
M81,18a158_220,B,518.0,1.521e-10,0.230
M81,18a158_220,B,522.0,3.226e-10,0.230
M81,18a158_220,B,526.0,6.081e-10,0.225
M81,18a158_220,B,530.0,5.956e-11,0.201
M81,18a158_220,B,534.0,3.362e-12,0.185
M81,18a158_220,B,538.0,1.147e-11,0.175
M81,18a158_220,B,542.0,1.234e-11,0.154
M81,18a158_220,B,546.0,2.196e-12,0.134
M81,18a158_220,B,550.0,4.942e-12,0.118
M81,18a158_220,B,554.0,4.828e-12,0.106
M81,18a158_220,B,558.0,6.538e-11,0.096
M81,18a158_220,B,562.0,1.842e-10,0.097
M81,18a158_220,B,566.0,1.448e-10,0.082
M81,18a158_220,B,570.0,4.943e-13,0.068
M81,18a158_220,B,574.0,1.419e-11,0.060
M81,18a158_220,B,578.0,5.144e-11,0.056
M81,18a158_220,B,582.0,1.872e-11,0.052
M81,18a158_220,B,586.0,7.798e-13,0.045
M81,18a158_220,B,590.0,2.292e-12,0.043
M81,18a158_220,B,594.0,5.253e-12,0.035
M81,18a158_220,B,598.0,7.629e-12,0.021
M81,18a158_220,B,602.0,2.774e-11,0.023
M81,18a158_220,B,606.0,1.190e-10,0.022
M81,18a158_220,B,610.0,2.219e-10,0.022
M81,18a158_220,B,614.0,4.938e-10,0.022
M81,18a158_220,B,618.0,3.590e-10,0.019
M81,18a158_220,B,622.0,2.706e-10,0.017
M81,18a158_220,B,626.0,1.880e-10,0.016
M81,18a158_220,B,630.0,3.713e-11,0.013
M81,18a158_220,B,634.0,3.408e-12,0.007
M81,18a158_220,B,638.0,5.460e-14,0.002
M81,18a158_220,B,642.0,1.934e-14,0.001
M81,18a158_220,B,646.0,9.216e-14,0.002
M81,18a158_220,B,650.0,9.872e-11,0.010
M81,18a158_220,B,654.0,1.605e-10,0.012
M81,18a158_220,B,658.0,1.458e-10,0.009
M81,18a158_220,B,662.0,2.204e-10,0.008
M81,18a158_220,B,666.0,5.521e-11,0.007
M81,18a158_220,B,670.0,3.670e-12,0.006
M81,18a158_220,B,674.0,4.121e-12,0.006
M81,18a158_220,B,678.0,2.948e-12,0.003
M81,18a158_220,B,682.0,4.716e-11,0.002
M81,18a158_220,B,686.0,3.580e-12,0.001
M81,18a158_220,B,698.0,1.240e-14,0.001
M81,18a158_220,B,702.0,3.354e-11,0.003
M81,18a158_220,B,706.0,8.804e-12,0.003
M81,18a158_220,B,710.0,4.809e-12,0.002
M81,18a158_220,B,714.0,2.888e-15,0.000
M81,18a158_220,B,718.0,2.363e-13,0.002
M81,18a158_220,B,730.0,6.740e-14,0.001
M81,18a158_220,B,734.0,4.458e-12,0.001
M81,18a158_220,B,738.0,3.793e-13,0.001
M81,18a158_220,B,742.0,3.842e-15,0.000
M81,18a158_220,B,750.0,7.629e-14,0.001
M81,18a158_220,B,754.0,2.175e-11,0.002
M81,18a158_220,B,758.0,3.106e-13,0.001
M81,18a158_220,B,762.0,4.414e-13,0.001
M81,18a158_220,B,766.0,6.905e-11,0.003
M81,18a158_220,B,770.0,4.735e-12,0.002
M51,18a66_212,A,2.0,3.725e-8,1.000
M51,18a66_212,A,10.0,5.023e-8,1.000
M51,18a66_212,A,14.0,3.067e-8,1.000
M51,18a66_212,A,18.0,2.553e-8,1.000
M51,18a66_212,A,22.0,1.842e-8,0.938
M51,18a66_212,A,26.0,1.399e-8,0.964
M51,18a66_212,A,30.0,8.547e-9,0.958
M51,18a66_212,A,34.0,5.877e-9,0.944
M51,18a66_212,A,38.0,2.823e-9,0.781
M51,18a66_212,A,42.0,1.759e-9,0.889
M51,18a66_212,A,46.0,1.980e-9,0.900
M51,18a66_212,A,50.0,1.256e-9,0.977
M51,18a66_212,A,54.0,6.967e-10,0.813
M51,18a66_212,A,58.0,1.024e-9,0.795
M51,18a66_212,A,62.0,4.660e-10,0.662
M51,18a66_212,A,66.0,1.048e-9,0.672
M51,18a66_212,A,70.0,1.935e-9,0.808
M51,18a66_212,A,74.0,2.908e-9,0.847
M51,18a66_212,A,78.0,2.775e-9,0.868
M51,18a66_212,A,82.0,2.252e-9,0.875
M51,18a66_212,A,86.0,1.745e-9,0.750
M51,18a66_212,A,90.0,1.230e-9,0.792
M51,18a66_212,A,94.0,1.100e-9,0.833
M51,18a66_212,A,98.0,3.268e-9,0.844
M51,18a66_212,A,102.0,1.035e-9,0.685
M51,18a66_212,A,106.0,1.365e-9,0.738
M51,18a66_212,A,110.0,1.257e-9,0.720
M51,18a66_212,A,114.0,1.267e-9,0.777
M51,18a66_212,A,118.0,1.378e-9,0.848
M51,18a66_212,A,122.0,1.331e-9,0.852
M51,18a66_212,A,126.0,1.364e-9,0.882
M51,18a66_212,A,130.0,1.371e-9,0.861
M51,18a66_212,A,134.0,1.017e-9,0.792
M51,18a66_212,A,138.0,8.564e-10,0.681
M51,18a66_212,A,142.0,8.771e-10,0.735
M51,18a66_212,A,146.0,7.617e-10,0.705
M51,18a66_212,A,150.0,7.043e-10,0.695
M51,18a66_212,A,154.0,6.674e-10,0.718
M51,18a66_212,A,158.0,4.489e-10,0.785
M51,18a66_212,A,162.0,5.279e-10,0.784
M51,18a66_212,A,166.0,3.912e-10,0.762
M51,18a66_212,A,170.0,2.959e-10,0.815
M51,18a66_212,A,174.0,2.630e-10,0.756
M51,18a66_212,A,178.0,2.370e-10,0.713
M51,18a66_212,A,182.0,1.974e-10,0.656
M51,18a66_212,A,186.0,2.742e-10,0.646
M51,18a66_212,A,190.0,1.502e-10,0.676
M51,18a66_212,A,194.0,1.055e-10,0.619
M51,18a66_212,A,198.0,9.011e-11,0.604
M51,18a66_212,A,202.0,1.291e-10,0.716
M51,18a66_212,A,206.0,9.220e-11,0.739
M51,18a66_212,A,210.0,1.254e-10,0.695
M51,18a66_212,A,214.0,1.810e-10,0.643
M51,18a66_212,A,218.0,2.417e-10,0.595
M51,18a66_212,A,222.0,2.894e-10,0.574
M51,18a66_212,A,226.0,3.071e-10,0.528
M51,18a66_212,A,230.0,6.099e-10,0.550
M51,18a66_212,A,234.0,4.333e-10,0.548
M51,18a66_212,A,238.0,5.029e-10,0.514
M51,18a66_212,A,242.0,4.348e-10,0.516
M51,18a66_212,A,246.0,5.480e-10,0.509
M51,18a66_212,A,250.0,8.155e-10,0.480
M51,18a66_212,A,254.0,1.939e-9,0.446
M51,18a66_212,A,258.0,8.321e-10,0.458
M51,18a66_212,A,262.0,5.145e-10,0.397
M51,18a66_212,A,266.0,5.875e-10,0.394
M51,18a66_212,A,270.0,4.908e-10,0.367
M51,18a66_212,A,274.0,4.942e-10,0.361
M51,18a66_212,A,278.0,3.774e-10,0.343
M51,18a66_212,A,282.0,3.551e-10,0.294
M51,18a66_212,A,286.0,3.423e-10,0.306
M51,18a66_212,A,290.0,3.449e-10,0.261
M51,18a66_212,A,294.0,2.795e-10,0.243
M51,18a66_212,A,298.0,2.828e-10,0.220
M51,18a66_212,A,302.0,2.002e-10,0.212
M51,18a66_212,A,306.0,1.207e-10,0.173
M51,18a66_212,A,310.0,9.185e-11,0.167
M51,18a66_212,A,314.0,5.509e-11,0.156
M51,18a66_212,A,318.0,2.552e-11,0.149
M51,18a66_212,A,322.0,7.470e-12,0.109
M51,18a66_212,A,326.0,5.192e-12,0.074
M51,18a66_212,A,330.0,3.182e-12,0.088
M51,18a66_212,A,334.0,3.069e-12,0.076
M51,18a66_212,A,338.0,5.384e-13,0.036
M51,18a66_212,A,342.0,1.248e-13,0.019
M51,18a66_212,A,346.0,9.488e-14,0.006
M51,18a66_212,A,350.0,3.950e-15,0.004
M51,18a66_212,A,354.0,1.176e-13,0.003
M51,18a66_212,A,358.0,5.789e-15,0.003
M51,18a66_212,A,366.0,1.104e-14,0.003
M51,18a66_212,A,382.0,5.526e-14,0.003
M51,18a66_212,A,386.0,3.066e-12,0.008
M51,18a66_212,A,390.0,7.540e-12,0.006
M51,18a66_212,A,394.0,2.255e-12,0.005
M51,18a66_212,A,402.0,3.004e-12,0.003
M51,18a66_212,A,418.0,3.370e-11,0.005
M51,18a66_212,A,422.0,3.026e-11,0.003
M51,18a66_212,A,430.0,2.813e-13,0.003
M51,18a66_212,A,434.0,5.440e-12,0.005
M51,18a66_212,A,438.0,8.153e-10,0.007
M51,18a66_212,A,442.0,1.844e-11,0.005
M51,18a66_212,A,482.0,7.472e-16,0.002
M51,18a66_212,A,486.0,1.165e-12,0.002
M51,18a66_212,A,494.0,1.652e-10,0.004
M51,18a66_212,A,498.0,1.251e-13,0.002
M51,18a66_212,A,502.0,3.208e-12,0.004
M51,18a66_212,A,506.0,1.106e-9,0.007
M51,18a66_212,A,510.0,1.130e-11,0.004
M51,18a66_212,A,514.0,3.557e-14,0.002
M51,18a66_212,A,518.0,2.754e-14,0.002
M51,18a66_212,A,522.0,2.767e-10,0.010
M51,18a66_212,A,526.0,2.955e-12,0.011
M51,18a66_212,A,530.0,2.377e-14,0.002
M51,18a66_212,A,534.0,1.144e-11,0.002
M51,18a66_212,A,542.0,1.115e-12,0.004
M51,18a66_212,A,638.0,5.437e-11,0.003
M51,18a66_212,A,642.0,1.327e-11,0.002
M51,18a66_212,A,650.0,1.601e-15,0.002
M51,18a66_212,A,654.0,4.079e-13,0.002
M51,18a66_212,A,662.0,4.813e-11,0.005
M51,18a66_212,A,666.0,4.566e-11,0.006
M51,18a66_212,A,670.0,6.097e-14,0.002
M51,18a66_212,A,690.0,1.304e-12,0.002
M51,18a66_212,A,694.0,2.148e-11,0.002
M51,18a66_212,A,722.0,2.237e-11,0.002
M51,18a66_212,B,2.0,3.725e-8,1.000
M51,18a66_212,B,10.0,5.023e-8,1.000
M51,18a66_212,B,14.0,3.067e-8,1.000
M51,18a66_212,B,18.0,2.553e-8,1.000
M51,18a66_212,B,22.0,1.845e-8,1.000
M51,18a66_212,B,26.0,1.405e-8,0.964
M51,18a66_212,B,30.0,8.701e-9,0.958
M51,18a66_212,B,34.0,5.997e-9,0.972
M51,18a66_212,B,38.0,3.037e-9,0.781
M51,18a66_212,B,42.0,2.020e-9,0.917
M51,18a66_212,B,46.0,2.194e-9,0.950
M51,18a66_212,B,50.0,1.533e-9,1.000
M51,18a66_212,B,54.0,9.163e-10,0.854
M51,18a66_212,B,58.0,1.260e-9,0.841
M51,18a66_212,B,62.0,6.151e-10,0.706
M51,18a66_212,B,66.0,1.212e-9,0.734
M51,18a66_212,B,70.0,2.120e-9,0.808
M51,18a66_212,B,74.0,3.090e-9,0.861
M51,18a66_212,B,78.0,2.981e-9,0.882
M51,18a66_212,B,82.0,2.440e-9,0.875
M51,18a66_212,B,86.0,1.967e-9,0.774
M51,18a66_212,B,90.0,1.481e-9,0.792
M51,18a66_212,B,94.0,1.346e-9,0.845
M51,18a66_212,B,98.0,3.499e-9,0.875
M51,18a66_212,B,102.0,1.212e-9,0.717
M51,18a66_212,B,106.0,1.524e-9,0.762
M51,18a66_212,B,110.0,1.397e-9,0.780
M51,18a66_212,B,114.0,1.470e-9,0.848
M51,18a66_212,B,118.0,1.614e-9,0.870
M51,18a66_212,B,122.0,1.583e-9,0.889
M51,18a66_212,B,126.0,1.587e-9,0.897
M51,18a66_212,B,130.0,1.580e-9,0.861
M51,18a66_212,B,134.0,1.200e-9,0.842
M51,18a66_212,B,138.0,1.014e-9,0.759
M51,18a66_212,B,142.0,1.032e-9,0.765
M51,18a66_212,B,146.0,8.809e-10,0.765
M51,18a66_212,B,150.0,8.640e-10,0.734
M51,18a66_212,B,154.0,8.209e-10,0.774
M51,18a66_212,B,158.0,6.045e-10,0.792
M51,18a66_212,B,162.0,6.760e-10,0.831
M51,18a66_212,B,166.0,5.295e-10,0.819
M51,18a66_212,B,170.0,4.271e-10,0.863
M51,18a66_212,B,174.0,3.808e-10,0.833
M51,18a66_212,B,178.0,3.439e-10,0.780
M51,18a66_212,B,182.0,2.804e-10,0.672
M51,18a66_212,B,186.0,3.475e-10,0.736
M51,18a66_212,B,190.0,2.157e-10,0.745
M51,18a66_212,B,194.0,1.637e-10,0.682
M51,18a66_212,B,198.0,1.416e-10,0.707
M51,18a66_212,B,202.0,1.865e-10,0.750
M51,18a66_212,B,206.0,1.487e-10,0.811
M51,18a66_212,B,210.0,1.902e-10,0.840
M51,18a66_212,B,214.0,2.444e-10,0.811
M51,18a66_212,B,218.0,2.945e-10,0.810
M51,18a66_212,B,222.0,3.457e-10,0.838
M51,18a66_212,B,226.0,3.645e-10,0.745
M51,18a66_212,B,230.0,6.687e-10,0.714
M51,18a66_212,B,234.0,4.935e-10,0.649
M51,18a66_212,B,238.0,5.575e-10,0.573
M51,18a66_212,B,242.0,4.821e-10,0.575
M51,18a66_212,B,246.0,5.921e-10,0.537
M51,18a66_212,B,250.0,8.601e-10,0.525
M51,18a66_212,B,254.0,1.980e-9,0.517
M51,18a66_212,B,258.0,8.787e-10,0.504
M51,18a66_212,B,262.0,5.544e-10,0.451
M51,18a66_212,B,266.0,6.271e-10,0.462
M51,18a66_212,B,270.0,5.287e-10,0.454
M51,18a66_212,B,274.0,5.283e-10,0.433
M51,18a66_212,B,278.0,4.156e-10,0.419
M51,18a66_212,B,282.0,3.815e-10,0.405
M51,18a66_212,B,286.0,3.735e-10,0.371
M51,18a66_212,B,290.0,3.736e-10,0.354
M51,18a66_212,B,294.0,3.024e-10,0.314
M51,18a66_212,B,298.0,2.978e-10,0.305
M51,18a66_212,B,302.0,2.197e-10,0.301
M51,18a66_212,B,306.0,1.306e-10,0.268
M51,18a66_212,B,310.0,1.064e-10,0.232
M51,18a66_212,B,314.0,7.300e-11,0.233
M51,18a66_212,B,318.0,3.751e-11,0.225
M51,18a66_212,B,322.0,1.251e-11,0.183
M51,18a66_212,B,326.0,8.999e-12,0.169
M51,18a66_212,B,330.0,6.405e-12,0.189
M51,18a66_212,B,334.0,6.039e-12,0.181
M51,18a66_212,B,338.0,1.736e-12,0.138
M51,18a66_212,B,342.0,9.178e-13,0.149
M51,18a66_212,B,346.0,6.051e-13,0.128
M51,18a66_212,B,350.0,2.064e-13,0.091
M51,18a66_212,B,354.0,3.386e-13,0.099
M51,18a66_212,B,358.0,7.097e-14,0.065
M51,18a66_212,B,362.0,2.200e-14,0.045
M51,18a66_212,B,366.0,6.423e-14,0.009
M51,18a66_212,B,370.0,1.122e-14,0.003
M51,18a66_212,B,374.0,5.077e-16,0.003
M51,18a66_212,B,378.0,1.701e-15,0.003
M51,18a66_212,B,382.0,1.754e-13,0.009
M51,18a66_212,B,386.0,4.479e-12,0.013
M51,18a66_212,B,390.0,1.014e-11,0.009
M51,18a66_212,B,394.0,3.173e-12,0.008
M51,18a66_212,B,398.0,3.439e-15,0.006
M51,18a66_212,B,402.0,4.103e-12,0.008
M51,18a66_212,B,418.0,3.387e-11,0.010
M51,18a66_212,B,422.0,3.026e-11,0.003
M51,18a66_212,B,430.0,4.977e-13,0.003
M51,18a66_212,B,434.0,7.428e-12,0.007
M51,18a66_212,B,438.0,8.169e-10,0.007
M51,18a66_212,B,442.0,1.867e-11,0.005
M51,18a66_212,B,482.0,2.510e-14,0.002
M51,18a66_212,B,486.0,1.660e-12,0.002
M51,18a66_212,B,490.0,4.576e-15,0.002
M51,18a66_212,B,494.0,1.653e-10,0.004
M51,18a66_212,B,498.0,2.486e-13,0.002
M51,18a66_212,B,502.0,4.423e-12,0.004
M51,18a66_212,B,506.0,1.106e-9,0.007
M51,18a66_212,B,510.0,1.339e-11,0.004
M51,18a66_212,B,514.0,1.054e-13,0.002
M51,18a66_212,B,518.0,8.749e-14,0.002
M51,18a66_212,B,522.0,2.773e-10,0.012
M51,18a66_212,B,526.0,4.241e-12,0.011
M51,18a66_212,B,530.0,8.379e-14,0.002
M51,18a66_212,B,534.0,1.144e-11,0.002
M51,18a66_212,B,542.0,1.693e-12,0.004
M51,18a66_212,B,574.0,2.274e-15,0.002
M51,18a66_212,B,634.0,1.033e-14,0.002
M51,18a66_212,B,638.0,5.437e-11,0.003
M51,18a66_212,B,642.0,1.328e-11,0.006
M51,18a66_212,B,650.0,2.398e-14,0.002
M51,18a66_212,B,654.0,6.289e-13,0.002
M51,18a66_212,B,662.0,5.036e-11,0.005
M51,18a66_212,B,666.0,4.670e-11,0.006
M51,18a66_212,B,670.0,1.376e-13,0.002
M51,18a66_212,B,690.0,1.816e-12,0.002
M51,18a66_212,B,694.0,2.148e-11,0.002
M51,18a66_212,B,722.0,2.237e-11,0.002
M51,18a158_212,A,2.0,4.538e-8,1.000
M51,18a158_212,A,6.0,4.819e-8,1.000
M51,18a158_212,A,10.0,5.471e-8,1.000
M51,18a158_212,A,14.0,3.341e-8,1.000
M51,18a158_212,A,18.0,2.589e-8,1.000
M51,18a158_212,A,22.0,1.851e-8,1.000
M51,18a158_212,A,26.0,1.215e-8,0.968
M51,18a158_212,A,30.0,8.491e-9,0.953
M51,18a158_212,A,34.0,5.519e-9,0.953
M51,18a158_212,A,38.0,3.254e-9,0.915
M51,18a158_212,A,42.0,1.742e-9,0.868
M51,18a158_212,A,46.0,1.749e-9,0.962
M51,18a158_212,A,50.0,1.542e-9,0.958
M51,18a158_212,A,54.0,1.112e-9,0.842
M51,18a158_212,A,58.0,9.266e-10,0.799
M51,18a158_212,A,62.0,7.890e-10,0.698
M51,18a158_212,A,66.0,1.163e-9,0.734
M51,18a158_212,A,70.0,2.069e-9,0.796
M51,18a158_212,A,74.0,2.864e-9,0.854
M51,18a158_212,A,78.0,2.888e-9,0.890
M51,18a158_212,A,82.0,2.358e-9,0.841
M51,18a158_212,A,86.0,1.960e-9,0.814
M51,18a158_212,A,90.0,1.661e-9,0.791
M51,18a158_212,A,94.0,1.561e-9,0.849
M51,18a158_212,A,98.0,3.592e-9,0.838
M51,18a158_212,A,102.0,1.186e-9,0.786
M51,18a158_212,A,106.0,1.395e-9,0.756
M51,18a158_212,A,110.0,1.480e-9,0.820
M51,18a158_212,A,114.0,1.466e-9,0.822
M51,18a158_212,A,118.0,1.556e-9,0.839
M51,18a158_212,A,122.0,1.778e-9,0.888
M51,18a158_212,A,126.0,1.565e-9,0.888
M51,18a158_212,A,130.0,1.528e-9,0.868
M51,18a158_212,A,134.0,1.195e-9,0.824
M51,18a158_212,A,138.0,1.057e-9,0.801
M51,18a158_212,A,142.0,1.133e-9,0.771
M51,18a158_212,A,146.0,1.021e-9,0.802
M51,18a158_212,A,150.0,1.004e-9,0.766
M51,18a158_212,A,154.0,7.473e-10,0.779
M51,18a158_212,A,158.0,5.906e-10,0.793
M51,18a158_212,A,162.0,5.930e-10,0.832
M51,18a158_212,A,166.0,5.283e-10,0.826
M51,18a158_212,A,170.0,4.299e-10,0.826
M51,18a158_212,A,174.0,3.685e-10,0.813
M51,18a158_212,A,178.0,3.186e-10,0.753
M51,18a158_212,A,182.0,3.171e-10,0.693
M51,18a158_212,A,186.0,4.877e-10,0.708
M51,18a158_212,A,190.0,2.025e-10,0.742
M51,18a158_212,A,194.0,1.724e-10,0.699
M51,18a158_212,A,198.0,1.518e-10,0.698
M51,18a158_212,A,202.0,1.861e-10,0.783
M51,18a158_212,A,206.0,1.563e-10,0.829
M51,18a158_212,A,210.0,1.754e-10,0.844
M51,18a158_212,A,214.0,2.222e-10,0.822
M51,18a158_212,A,218.0,2.539e-10,0.804
M51,18a158_212,A,222.0,3.228e-10,0.821
M51,18a158_212,A,226.0,3.591e-10,0.803
M51,18a158_212,A,230.0,5.214e-10,0.705
M51,18a158_212,A,234.0,1.114e-9,0.626
M51,18a158_212,A,238.0,4.314e-10,0.594
M51,18a158_212,A,242.0,4.540e-10,0.558
M51,18a158_212,A,246.0,5.217e-10,0.553
M51,18a158_212,A,250.0,7.321e-10,0.528
M51,18a158_212,A,254.0,1.110e-9,0.522
M51,18a158_212,A,258.0,1.586e-9,0.502
M51,18a158_212,A,262.0,6.489e-10,0.474
M51,18a158_212,A,266.0,5.857e-10,0.453
M51,18a158_212,A,270.0,5.679e-10,0.447
M51,18a158_212,A,274.0,5.077e-10,0.438
M51,18a158_212,A,278.0,4.409e-10,0.415
M51,18a158_212,A,282.0,3.984e-10,0.391
M51,18a158_212,A,286.0,3.761e-10,0.372
M51,18a158_212,A,290.0,3.585e-10,0.342
M51,18a158_212,A,294.0,3.557e-10,0.324
M51,18a158_212,A,298.0,3.029e-10,0.314
M51,18a158_212,A,302.0,2.309e-10,0.294
M51,18a158_212,A,306.0,1.620e-10,0.278
M51,18a158_212,A,310.0,1.196e-10,0.251
M51,18a158_212,A,314.0,8.145e-11,0.234
M51,18a158_212,A,318.0,5.218e-11,0.215
M51,18a158_212,A,322.0,1.952e-11,0.192
M51,18a158_212,A,326.0,1.036e-11,0.172
M51,18a158_212,A,330.0,1.886e-11,0.184
M51,18a158_212,A,334.0,3.278e-11,0.176
M51,18a158_212,A,338.0,1.883e-12,0.161
M51,18a158_212,A,342.0,9.996e-13,0.141
M51,18a158_212,A,346.0,6.887e-13,0.125
M51,18a158_212,A,350.0,2.520e-13,0.103
M51,18a158_212,A,354.0,7.226e-14,0.082
M51,18a158_212,A,358.0,8.109e-13,0.067
M51,18a158_212,A,362.0,2.010e-13,0.051
M51,18a158_212,A,366.0,3.471e-15,0.013
M51,18a158_212,A,370.0,1.756e-15,0.004
M51,18a158_212,A,374.0,2.129e-15,0.002
M51,18a158_212,A,378.0,1.647e-15,0.003
M51,18a158_212,A,382.0,2.156e-14,0.005
M51,18a158_212,A,386.0,1.615e-12,0.012
M51,18a158_212,A,390.0,1.368e-11,0.013
M51,18a158_212,A,394.0,5.919e-12,0.012
M51,18a158_212,A,398.0,6.476e-13,0.008
M51,18a158_212,A,402.0,1.922e-13,0.004
M51,18a158_212,A,406.0,1.209e-16,0.000
M51,18a158_212,A,414.0,2.255e-11,0.004
M51,18a158_212,A,418.0,1.252e-10,0.007
M51,18a158_212,A,422.0,3.972e-12,0.004
M51,18a158_212,A,430.0,1.166e-12,0.003
M51,18a158_212,A,434.0,1.256e-10,0.008
M51,18a158_212,A,438.0,4.536e-10,0.007
M51,18a158_212,A,442.0,5.152e-12,0.004
M51,18a158_212,A,450.0,4.724e-14,0.000
M51,18a158_212,A,454.0,2.100e-14,0.000
M51,18a158_212,A,482.0,2.603e-13,0.002
M51,18a158_212,A,486.0,1.311e-12,0.003
M51,18a158_212,A,490.0,2.207e-12,0.002
M51,18a158_212,A,494.0,5.617e-11,0.003
M51,18a158_212,A,498.0,3.103e-13,0.001
M51,18a158_212,A,502.0,1.662e-12,0.003
M51,18a158_212,A,506.0,7.854e-11,0.005
M51,18a158_212,A,510.0,3.849e-10,0.006
M51,18a158_212,A,514.0,4.006e-12,0.005
M51,18a158_212,A,518.0,1.243e-10,0.006
M51,18a158_212,A,522.0,1.901e-10,0.010
M51,18a158_212,A,526.0,2.647e-12,0.005
M51,18a158_212,A,530.0,1.322e-12,0.001
M51,18a158_212,A,534.0,1.406e-11,0.001
M51,18a158_212,A,538.0,3.800e-13,0.001
M51,18a158_212,A,542.0,7.932e-12,0.002
M51,18a158_212,A,546.0,1.821e-12,0.001
M51,18a158_212,A,558.0,2.508e-15,0.000
M51,18a158_212,A,574.0,7.300e-13,0.002
M51,18a158_212,A,586.0,1.651e-15,0.000
M51,18a158_212,A,634.0,2.203e-12,0.001
M51,18a158_212,A,638.0,7.025e-11,0.005
M51,18a158_212,A,642.0,2.943e-11,0.003
M51,18a158_212,A,646.0,2.446e-12,0.001
M51,18a158_212,A,650.0,1.211e-11,0.001
M51,18a158_212,A,654.0,3.123e-15,0.001
M51,18a158_212,A,658.0,1.681e-11,0.004
M51,18a158_212,A,662.0,3.306e-10,0.004
M51,18a158_212,A,666.0,1.222e-10,0.006
M51,18a158_212,A,670.0,1.043e-13,0.002
M51,18a158_212,A,674.0,6.507e-14,0.000
M51,18a158_212,A,678.0,1.547e-14,0.000
M51,18a158_212,A,686.0,1.263e-13,0.001
M51,18a158_212,A,690.0,3.063e-11,0.003
M51,18a158_212,A,694.0,6.017e-13,0.001
M51,18a158_212,A,698.0,1.970e-13,0.000
M51,18a158_212,A,702.0,7.976e-14,0.001
M51,18a158_212,A,718.0,7.656e-12,0.001
M51,18a158_212,A,722.0,6.092e-14,0.001
M51,18a158_212,B,2.0,4.538e-8,1.000
M51,18a158_212,B,6.0,4.819e-8,1.000
M51,18a158_212,B,10.0,5.471e-8,1.000
M51,18a158_212,B,14.0,3.341e-8,1.000
M51,18a158_212,B,18.0,2.586e-8,1.000
M51,18a158_212,B,22.0,1.839e-8,1.000
M51,18a158_212,B,26.0,1.200e-8,0.968
M51,18a158_212,B,30.0,8.218e-9,0.939
M51,18a158_212,B,34.0,5.102e-9,0.936
M51,18a158_212,B,38.0,2.589e-9,0.880
M51,18a158_212,B,42.0,1.206e-9,0.823
M51,18a158_212,B,46.0,1.175e-9,0.911
M51,18a158_212,B,50.0,9.181e-10,0.908
M51,18a158_212,B,54.0,6.379e-10,0.778
M51,18a158_212,B,58.0,5.563e-10,0.737
M51,18a158_212,B,62.0,4.412e-10,0.651
M51,18a158_212,B,66.0,8.096e-10,0.641
M51,18a158_212,B,70.0,1.716e-9,0.695
M51,18a158_212,B,74.0,2.467e-9,0.790
M51,18a158_212,B,78.0,2.376e-9,0.838
M51,18a158_212,B,82.0,1.827e-9,0.797
M51,18a158_212,B,86.0,1.377e-9,0.745
M51,18a158_212,B,90.0,1.080e-9,0.757
M51,18a158_212,B,94.0,9.854e-10,0.770
M51,18a158_212,B,98.0,3.087e-9,0.769
M51,18a158_212,B,102.0,7.792e-10,0.677
M51,18a158_212,B,106.0,1.065e-9,0.665
M51,18a158_212,B,110.0,1.130e-9,0.717
M51,18a158_212,B,114.0,1.008e-9,0.752
M51,18a158_212,B,118.0,1.055e-9,0.760
M51,18a158_212,B,122.0,1.270e-9,0.824
M51,18a158_212,B,126.0,1.109e-9,0.807
M51,18a158_212,B,130.0,1.138e-9,0.792
M51,18a158_212,B,134.0,7.955e-10,0.733
M51,18a158_212,B,138.0,6.970e-10,0.691
M51,18a158_212,B,142.0,8.079e-10,0.665
M51,18a158_212,B,146.0,7.012e-10,0.724
M51,18a158_212,B,150.0,6.790e-10,0.664
M51,18a158_212,B,154.0,4.300e-10,0.650
M51,18a158_212,B,158.0,2.862e-10,0.685
M51,18a158_212,B,162.0,3.058e-10,0.695
M51,18a158_212,B,166.0,2.651e-10,0.682
M51,18a158_212,B,170.0,1.889e-10,0.708
M51,18a158_212,B,174.0,1.603e-10,0.644
M51,18a158_212,B,178.0,1.336e-10,0.605
M51,18a158_212,B,182.0,1.609e-10,0.584
M51,18a158_212,B,186.0,3.515e-10,0.541
M51,18a158_212,B,190.0,8.017e-11,0.551
M51,18a158_212,B,194.0,6.293e-11,0.513
M51,18a158_212,B,198.0,5.266e-11,0.479
M51,18a158_212,B,202.0,8.547e-11,0.519
M51,18a158_212,B,206.0,5.160e-11,0.542
M51,18a158_212,B,210.0,6.338e-11,0.491
M51,18a158_212,B,214.0,9.604e-11,0.454
M51,18a158_212,B,218.0,1.359e-10,0.463
M51,18a158_212,B,222.0,2.072e-10,0.453
M51,18a158_212,B,226.0,2.412e-10,0.471
M51,18a158_212,B,230.0,4.025e-10,0.477
M51,18a158_212,B,234.0,9.959e-10,0.458
M51,18a158_212,B,238.0,3.179e-10,0.449
M51,18a158_212,B,242.0,3.601e-10,0.419
M51,18a158_212,B,246.0,4.391e-10,0.416
M51,18a158_212,B,250.0,6.442e-10,0.397
M51,18a158_212,B,254.0,1.023e-9,0.384
M51,18a158_212,B,258.0,1.504e-9,0.355
M51,18a158_212,B,262.0,5.725e-10,0.327
M51,18a158_212,B,266.0,5.063e-10,0.302
M51,18a158_212,B,270.0,4.901e-10,0.283
M51,18a158_212,B,274.0,4.341e-10,0.256
M51,18a158_212,B,278.0,3.702e-10,0.243
M51,18a158_212,B,282.0,3.272e-10,0.211
M51,18a158_212,B,286.0,3.122e-10,0.196
M51,18a158_212,B,290.0,3.024e-10,0.165
M51,18a158_212,B,294.0,3.024e-10,0.137
M51,18a158_212,B,298.0,2.611e-10,0.110
M51,18a158_212,B,302.0,1.953e-10,0.081
M51,18a158_212,B,306.0,1.303e-10,0.066
M51,18a158_212,B,310.0,8.439e-11,0.060
M51,18a158_212,B,314.0,4.866e-11,0.057
M51,18a158_212,B,318.0,2.539e-11,0.050
M51,18a158_212,B,322.0,7.451e-12,0.038
M51,18a158_212,B,326.0,3.487e-12,0.023
M51,18a158_212,B,330.0,1.274e-11,0.027
M51,18a158_212,B,334.0,2.797e-11,0.024
M51,18a158_212,B,338.0,1.020e-13,0.016
M51,18a158_212,B,342.0,1.971e-14,0.007
M51,18a158_212,B,346.0,3.456e-15,0.003
M51,18a158_212,B,358.0,3.319e-13,0.001
M51,18a158_212,B,362.0,4.167e-14,0.001
M51,18a158_212,B,386.0,6.102e-13,0.004
M51,18a158_212,B,390.0,8.199e-12,0.006
M51,18a158_212,B,394.0,2.805e-12,0.006
M51,18a158_212,B,398.0,1.816e-13,0.003
M51,18a158_212,B,402.0,6.600e-14,0.000
M51,18a158_212,B,414.0,2.185e-11,0.002
M51,18a158_212,B,418.0,1.241e-10,0.005
M51,18a158_212,B,422.0,3.428e-12,0.004
M51,18a158_212,B,430.0,5.158e-13,0.002
M51,18a158_212,B,434.0,1.231e-10,0.006
M51,18a158_212,B,438.0,4.520e-10,0.007
M51,18a158_212,B,442.0,3.147e-12,0.003
M51,18a158_212,B,450.0,6.482e-15,0.000
M51,18a158_212,B,454.0,2.106e-16,0.000
M51,18a158_212,B,482.0,7.662e-14,0.001
M51,18a158_212,B,486.0,6.056e-13,0.002
M51,18a158_212,B,490.0,1.147e-12,0.001
M51,18a158_212,B,494.0,5.538e-11,0.003
M51,18a158_212,B,498.0,1.118e-13,0.001
M51,18a158_212,B,502.0,7.746e-13,0.002
M51,18a158_212,B,506.0,7.679e-11,0.005
M51,18a158_212,B,510.0,3.828e-10,0.006
M51,18a158_212,B,514.0,2.422e-12,0.003
M51,18a158_212,B,518.0,1.228e-10,0.005
M51,18a158_212,B,522.0,1.886e-10,0.008
M51,18a158_212,B,526.0,1.268e-12,0.003
M51,18a158_212,B,530.0,7.176e-13,0.001
M51,18a158_212,B,534.0,1.354e-11,0.001
M51,18a158_212,B,538.0,1.506e-13,0.001
M51,18a158_212,B,542.0,7.795e-12,0.001
M51,18a158_212,B,546.0,1.052e-12,0.001
M51,18a158_212,B,574.0,3.153e-13,0.001
M51,18a158_212,B,634.0,1.494e-12,0.001
M51,18a158_212,B,638.0,6.850e-11,0.005
M51,18a158_212,B,642.0,2.839e-11,0.002
M51,18a158_212,B,646.0,2.393e-12,0.001
M51,18a158_212,B,650.0,1.173e-11,0.001
M51,18a158_212,B,658.0,1.550e-11,0.003
M51,18a158_212,B,662.0,3.300e-10,0.004
M51,18a158_212,B,666.0,1.203e-10,0.005
M51,18a158_212,B,670.0,1.624e-14,0.001
M51,18a158_212,B,674.0,1.750e-14,0.000
M51,18a158_212,B,678.0,3.142e-16,0.000
M51,18a158_212,B,686.0,3.807e-14,0.001
M51,18a158_212,B,690.0,3.018e-11,0.002
M51,18a158_212,B,694.0,2.859e-13,0.001
M51,18a158_212,B,698.0,8.524e-14,0.000
M51,18a158_212,B,702.0,2.421e-14,0.000
M51,18a158_212,B,718.0,7.393e-12,0.001
M51,18a158_212,B,722.0,1.113e-14,0.001
M51,12a152_212,A,2.0,4.513e-8,1.000
M51,12a152_212,A,6.0,4.684e-8,1.000
M51,12a152_212,A,10.0,5.274e-8,1.000
M51,12a152_212,A,14.0,3.290e-8,1.000
M51,12a152_212,A,18.0,2.596e-8,1.000
M51,12a152_212,A,22.0,1.886e-8,1.000
M51,12a152_212,A,26.0,1.256e-8,0.978
M51,12a152_212,A,30.0,8.125e-9,0.943
M51,12a152_212,A,34.0,5.259e-9,0.945
M51,12a152_212,A,38.0,2.823e-9,0.872
M51,12a152_212,A,42.0,1.485e-9,0.861
M51,12a152_212,A,46.0,1.454e-9,0.936
M51,12a152_212,A,50.0,1.191e-9,0.927
M51,12a152_212,A,54.0,8.578e-10,0.804
M51,12a152_212,A,58.0,7.242e-10,0.783
M51,12a152_212,A,62.0,6.028e-10,0.661
M51,12a152_212,A,66.0,9.357e-10,0.703
M51,12a152_212,A,70.0,1.949e-9,0.744
M51,12a152_212,A,74.0,2.676e-9,0.830
M51,12a152_212,A,78.0,2.656e-9,0.867
M51,12a152_212,A,82.0,2.211e-9,0.824
M51,12a152_212,A,86.0,1.685e-9,0.786
M51,12a152_212,A,90.0,1.436e-9,0.772
M51,12a152_212,A,94.0,1.311e-9,0.818
M51,12a152_212,A,98.0,3.319e-9,0.816
M51,12a152_212,A,102.0,9.813e-10,0.731
M51,12a152_212,A,106.0,1.276e-9,0.709
M51,12a152_212,A,110.0,1.200e-9,0.762
M51,12a152_212,A,114.0,1.277e-9,0.793
M51,12a152_212,A,118.0,1.325e-9,0.794
M51,12a152_212,A,122.0,1.507e-9,0.860
M51,12a152_212,A,126.0,1.325e-9,0.845
M51,12a152_212,A,130.0,1.319e-9,0.840
M51,12a152_212,A,134.0,9.939e-10,0.788
M51,12a152_212,A,138.0,8.852e-10,0.739
M51,12a152_212,A,142.0,9.915e-10,0.724
M51,12a152_212,A,146.0,8.315e-10,0.767
M51,12a152_212,A,150.0,8.136e-10,0.712
M51,12a152_212,A,154.0,5.568e-10,0.728
M51,12a152_212,A,158.0,4.198e-10,0.756
M51,12a152_212,A,162.0,4.186e-10,0.761
M51,12a152_212,A,166.0,3.677e-10,0.764
M51,12a152_212,A,170.0,2.901e-10,0.779
M51,12a152_212,A,174.0,2.391e-10,0.738
M51,12a152_212,A,178.0,2.035e-10,0.682
M51,12a152_212,A,182.0,2.818e-10,0.650
M51,12a152_212,A,186.0,3.099e-10,0.606
M51,12a152_212,A,190.0,1.490e-10,0.662
M51,12a152_212,A,194.0,1.029e-10,0.619
M51,12a152_212,A,198.0,8.954e-11,0.621
M51,12a152_212,A,202.0,1.286e-10,0.718
M51,12a152_212,A,206.0,9.154e-11,0.742
M51,12a152_212,A,210.0,1.041e-10,0.691
M51,12a152_212,A,214.0,1.470e-10,0.598
M51,12a152_212,A,218.0,1.968e-10,0.587
M51,12a152_212,A,222.0,2.534e-10,0.549
M51,12a152_212,A,226.0,3.040e-10,0.537
M51,12a152_212,A,230.0,4.408e-10,0.550
M51,12a152_212,A,234.0,1.090e-9,0.524
M51,12a152_212,A,238.0,3.650e-10,0.524
M51,12a152_212,A,242.0,4.095e-10,0.492
M51,12a152_212,A,246.0,4.638e-10,0.489
M51,12a152_212,A,250.0,6.228e-10,0.463
M51,12a152_212,A,254.0,1.198e-9,0.450
M51,12a152_212,A,258.0,1.462e-9,0.417
M51,12a152_212,A,262.0,6.147e-10,0.395
M51,12a152_212,A,266.0,5.387e-10,0.371
M51,12a152_212,A,270.0,5.189e-10,0.365
M51,12a152_212,A,274.0,4.528e-10,0.347
M51,12a152_212,A,278.0,4.047e-10,0.319
M51,12a152_212,A,282.0,3.680e-10,0.305
M51,12a152_212,A,286.0,3.490e-10,0.278
M51,12a152_212,A,290.0,3.243e-10,0.253
M51,12a152_212,A,294.0,3.323e-10,0.237
M51,12a152_212,A,298.0,2.731e-10,0.222
M51,12a152_212,A,302.0,2.119e-10,0.199
M51,12a152_212,A,306.0,1.458e-10,0.178
M51,12a152_212,A,310.0,1.107e-10,0.163
M51,12a152_212,A,314.0,6.561e-11,0.137
M51,12a152_212,A,318.0,3.381e-11,0.126
M51,12a152_212,A,322.0,1.168e-11,0.104
M51,12a152_212,A,326.0,6.116e-12,0.076
M51,12a152_212,A,330.0,1.341e-11,0.064
M51,12a152_212,A,334.0,3.042e-11,0.049
M51,12a152_212,A,338.0,4.972e-13,0.021
M51,12a152_212,A,342.0,1.617e-13,0.015
M51,12a152_212,A,346.0,8.711e-14,0.012
M51,12a152_212,A,350.0,8.492e-15,0.006
M51,12a152_212,A,358.0,5.725e-13,0.002
M51,12a152_212,A,362.0,5.412e-14,0.001
M51,12a152_212,A,386.0,9.446e-13,0.005
M51,12a152_212,A,390.0,1.150e-11,0.006
M51,12a152_212,A,394.0,3.527e-12,0.006
M51,12a152_212,A,398.0,5.761e-13,0.004
M51,12a152_212,A,402.0,8.848e-14,0.001
M51,12a152_212,A,414.0,8.734e-12,0.004
M51,12a152_212,A,418.0,1.330e-10,0.006
M51,12a152_212,A,422.0,1.648e-12,0.003
M51,12a152_212,A,426.0,4.458e-17,0.000
M51,12a152_212,A,430.0,1.720e-12,0.003
M51,12a152_212,A,434.0,1.078e-10,0.007
M51,12a152_212,A,438.0,4.364e-10,0.007
M51,12a152_212,A,442.0,2.189e-12,0.004
M51,12a152_212,A,450.0,1.422e-14,0.000
M51,12a152_212,A,454.0,1.479e-15,0.000
M51,12a152_212,A,482.0,1.501e-14,0.001
M51,12a152_212,A,486.0,9.163e-13,0.003
M51,12a152_212,A,490.0,8.131e-12,0.002
M51,12a152_212,A,494.0,5.178e-11,0.003
M51,12a152_212,A,498.0,2.203e-15,0.000
M51,12a152_212,A,502.0,1.532e-12,0.003
M51,12a152_212,A,506.0,1.069e-10,0.005
M51,12a152_212,A,510.0,3.577e-10,0.006
M51,12a152_212,A,514.0,2.845e-12,0.003
M51,12a152_212,A,518.0,4.871e-11,0.006
M51,12a152_212,A,522.0,2.699e-10,0.009
M51,12a152_212,A,526.0,1.886e-12,0.003
M51,12a152_212,A,530.0,1.552e-12,0.001
M51,12a152_212,A,534.0,1.329e-11,0.002
M51,12a152_212,A,538.0,1.157e-13,0.001
M51,12a152_212,A,542.0,8.322e-12,0.002
M51,12a152_212,A,546.0,6.053e-13,0.001
M51,12a152_212,A,570.0,1.117e-15,0.000
M51,12a152_212,A,574.0,3.378e-13,0.001
M51,12a152_212,A,634.0,2.650e-12,0.001
M51,12a152_212,A,638.0,4.944e-11,0.003
M51,12a152_212,A,642.0,5.091e-11,0.004
M51,12a152_212,A,646.0,4.948e-12,0.001
M51,12a152_212,A,650.0,7.883e-12,0.001
M51,12a152_212,A,658.0,1.643e-11,0.003
M51,12a152_212,A,662.0,3.607e-10,0.004
M51,12a152_212,A,666.0,9.286e-11,0.006
M51,12a152_212,A,670.0,2.542e-14,0.001
M51,12a152_212,A,674.0,5.789e-14,0.000
M51,12a152_212,A,686.0,1.734e-12,0.001
M51,12a152_212,A,690.0,2.958e-11,0.002
M51,12a152_212,A,694.0,2.448e-12,0.001
M51,12a152_212,A,698.0,3.559e-14,0.000
M51,12a152_212,A,702.0,1.912e-13,0.000
M51,12a152_212,A,718.0,6.226e-12,0.001
M51,12a152_212,A,722.0,7.912e-16,0.000
M51,12a152_212,B,2.0,4.513e-8,1.000
M51,12a152_212,B,6.0,4.684e-8,1.000
M51,12a152_212,B,10.0,5.274e-8,1.000
M51,12a152_212,B,14.0,3.286e-8,1.000
M51,12a152_212,B,18.0,2.578e-8,1.000
M51,12a152_212,B,22.0,1.844e-8,1.000
M51,12a152_212,B,26.0,1.227e-8,0.941
M51,12a152_212,B,30.0,7.612e-9,0.943
M51,12a152_212,B,34.0,4.376e-9,0.921
M51,12a152_212,B,38.0,2.033e-9,0.860
M51,12a152_212,B,42.0,9.311e-10,0.793
M51,12a152_212,B,46.0,8.504e-10,0.855
M51,12a152_212,B,50.0,6.378e-10,0.882
M51,12a152_212,B,54.0,4.325e-10,0.742
M51,12a152_212,B,58.0,3.947e-10,0.674
M51,12a152_212,B,62.0,3.149e-10,0.589
M51,12a152_212,B,66.0,5.714e-10,0.580
M51,12a152_212,B,70.0,1.469e-9,0.629
M51,12a152_212,B,74.0,2.169e-9,0.736
M51,12a152_212,B,78.0,2.062e-9,0.794
M51,12a152_212,B,82.0,1.503e-9,0.745
M51,12a152_212,B,86.0,9.878e-10,0.726
M51,12a152_212,B,90.0,8.086e-10,0.737
M51,12a152_212,B,94.0,7.836e-10,0.706
M51,12a152_212,B,98.0,2.883e-9,0.695
M51,12a152_212,B,102.0,5.922e-10,0.614
M51,12a152_212,B,106.0,9.524e-10,0.595
M51,12a152_212,B,110.0,8.677e-10,0.650
M51,12a152_212,B,114.0,8.019e-10,0.709
M51,12a152_212,B,118.0,8.136e-10,0.707
M51,12a152_212,B,122.0,1.003e-9,0.795
M51,12a152_212,B,126.0,8.982e-10,0.757
M51,12a152_212,B,130.0,8.912e-10,0.726
M51,12a152_212,B,134.0,5.520e-10,0.659
M51,12a152_212,B,138.0,5.472e-10,0.603
M51,12a152_212,B,142.0,6.734e-10,0.608
M51,12a152_212,B,146.0,5.294e-10,0.658
M51,12a152_212,B,150.0,4.928e-10,0.595
M51,12a152_212,B,154.0,2.837e-10,0.554
M51,12a152_212,B,158.0,1.838e-10,0.590
M51,12a152_212,B,162.0,1.981e-10,0.600
M51,12a152_212,B,166.0,1.678e-10,0.600
M51,12a152_212,B,170.0,1.116e-10,0.605
M51,12a152_212,B,174.0,8.907e-11,0.537
M51,12a152_212,B,178.0,7.309e-11,0.503
M51,12a152_212,B,182.0,1.659e-10,0.449
M51,12a152_212,B,186.0,2.130e-10,0.378
M51,12a152_212,B,190.0,6.372e-11,0.371
M51,12a152_212,B,194.0,3.051e-11,0.361
M51,12a152_212,B,198.0,2.493e-11,0.344
M51,12a152_212,B,202.0,5.799e-11,0.387
M51,12a152_212,B,206.0,2.334e-11,0.403
M51,12a152_212,B,210.0,3.094e-11,0.378
M51,12a152_212,B,214.0,5.538e-11,0.367
M51,12a152_212,B,218.0,8.956e-11,0.375
M51,12a152_212,B,222.0,1.503e-10,0.370
M51,12a152_212,B,226.0,1.932e-10,0.374
M51,12a152_212,B,230.0,3.285e-10,0.384
M51,12a152_212,B,234.0,9.838e-10,0.370
M51,12a152_212,B,238.0,2.715e-10,0.372
M51,12a152_212,B,242.0,3.361e-10,0.346
M51,12a152_212,B,246.0,3.959e-10,0.331
M51,12a152_212,B,250.0,5.448e-10,0.315
M51,12a152_212,B,254.0,1.121e-9,0.300
M51,12a152_212,B,258.0,1.391e-9,0.253
M51,12a152_212,B,262.0,5.464e-10,0.232
M51,12a152_212,B,266.0,4.673e-10,0.193
M51,12a152_212,B,270.0,4.506e-10,0.163
M51,12a152_212,B,274.0,3.886e-10,0.138
M51,12a152_212,B,278.0,3.364e-10,0.121
M51,12a152_212,B,282.0,2.921e-10,0.102
M51,12a152_212,B,286.0,2.779e-10,0.098
M51,12a152_212,B,290.0,2.614e-10,0.087
M51,12a152_212,B,294.0,2.780e-10,0.078
M51,12a152_212,B,298.0,2.256e-10,0.076
M51,12a152_212,B,302.0,1.657e-10,0.067
M51,12a152_212,B,306.0,9.550e-11,0.061
M51,12a152_212,B,310.0,6.075e-11,0.056
M51,12a152_212,B,314.0,3.578e-11,0.045
M51,12a152_212,B,318.0,1.526e-11,0.037
M51,12a152_212,B,322.0,4.101e-12,0.029
M51,12a152_212,B,326.0,1.841e-12,0.020
M51,12a152_212,B,330.0,8.568e-12,0.022
M51,12a152_212,B,334.0,2.554e-11,0.018
M51,12a152_212,B,338.0,3.641e-16,0.001
M51,12a152_212,B,358.0,2.341e-13,0.001
M51,12a152_212,B,362.0,3.834e-15,0.001
M51,12a152_212,B,386.0,2.952e-13,0.003
M51,12a152_212,B,390.0,5.792e-12,0.005
M51,12a152_212,B,394.0,1.544e-12,0.004
M51,12a152_212,B,398.0,1.763e-13,0.002
M51,12a152_212,B,402.0,1.605e-14,0.001
M51,12a152_212,B,414.0,7.935e-12,0.002
M51,12a152_212,B,418.0,1.317e-10,0.004
M51,12a152_212,B,422.0,7.218e-13,0.002
M51,12a152_212,B,430.0,8.211e-13,0.001
M51,12a152_212,B,434.0,1.054e-10,0.005
M51,12a152_212,B,438.0,4.343e-10,0.006
M51,12a152_212,B,442.0,1.023e-12,0.002
M51,12a152_212,B,486.0,3.971e-13,0.001
M51,12a152_212,B,490.0,8.058e-12,0.001
M51,12a152_212,B,494.0,5.118e-11,0.003
M51,12a152_212,B,502.0,7.084e-13,0.001
M51,12a152_212,B,506.0,1.049e-10,0.004
M51,12a152_212,B,510.0,3.548e-10,0.004
M51,12a152_212,B,514.0,1.370e-12,0.002
M51,12a152_212,B,518.0,4.551e-11,0.004
M51,12a152_212,B,522.0,2.680e-10,0.007
M51,12a152_212,B,526.0,8.697e-13,0.003
M51,12a152_212,B,530.0,8.068e-13,0.000
M51,12a152_212,B,534.0,1.256e-11,0.002
M51,12a152_212,B,538.0,2.460e-14,0.000
M51,12a152_212,B,542.0,7.355e-12,0.002
M51,12a152_212,B,546.0,2.800e-13,0.001
M51,12a152_212,B,574.0,1.145e-13,0.001
M51,12a152_212,B,634.0,1.343e-12,0.001
M51,12a152_212,B,638.0,4.711e-11,0.003
M51,12a152_212,B,642.0,4.982e-11,0.003
M51,12a152_212,B,646.0,4.664e-12,0.001
M51,12a152_212,B,650.0,7.013e-12,0.001
M51,12a152_212,B,658.0,1.520e-11,0.003
M51,12a152_212,B,662.0,3.595e-10,0.003
M51,12a152_212,B,666.0,9.072e-11,0.005
M51,12a152_212,B,670.0,2.836e-16,0.000
M51,12a152_212,B,674.0,1.172e-14,0.000
M51,12a152_212,B,686.0,8.898e-13,0.001
M51,12a152_212,B,690.0,2.896e-11,0.002
M51,12a152_212,B,694.0,2.397e-12,0.001
M51,12a152_212,B,698.0,4.200e-15,0.000
M51,12a152_212,B,702.0,7.656e-14,0.000
M51,12a152_212,B,718.0,5.064e-12,0.001
M51,18a158_220,A,2.0,4.538e-8,1.000
M51,18a158_220,A,6.0,4.819e-8,1.000
M51,18a158_220,A,10.0,5.471e-8,1.000
M51,18a158_220,A,14.0,3.341e-8,1.000
M51,18a158_220,A,18.0,2.589e-8,1.000
M51,18a158_220,A,22.0,1.853e-8,1.000
M51,18a158_220,A,26.0,1.219e-8,0.984
M51,18a158_220,A,30.0,8.539e-9,0.959
M51,18a158_220,A,34.0,5.604e-9,0.971
M51,18a158_220,A,38.0,3.481e-9,0.925
M51,18a158_220,A,42.0,2.012e-9,0.900
M51,18a158_220,A,46.0,2.080e-9,0.979
M51,18a158_220,A,50.0,1.938e-9,0.979
M51,18a158_220,A,54.0,1.438e-9,0.873
M51,18a158_220,A,58.0,1.214e-9,0.860
M51,18a158_220,A,62.0,1.030e-9,0.753
M51,18a158_220,A,66.0,1.363e-9,0.794
M51,18a158_220,A,70.0,2.242e-9,0.848
M51,18a158_220,A,74.0,3.029e-9,0.889
M51,18a158_220,A,78.0,3.074e-9,0.910
M51,18a158_220,A,82.0,2.550e-9,0.888
M51,18a158_220,A,86.0,2.168e-9,0.858
M51,18a158_220,A,90.0,1.903e-9,0.815
M51,18a158_220,A,94.0,1.821e-9,0.890
M51,18a158_220,A,98.0,3.849e-9,0.876
M51,18a158_220,A,102.0,1.424e-9,0.850
M51,18a158_220,A,106.0,1.610e-9,0.804
M51,18a158_220,A,110.0,1.733e-9,0.897
M51,18a158_220,A,114.0,1.736e-9,0.862
M51,18a158_220,A,118.0,1.825e-9,0.895
M51,18a158_220,A,122.0,2.075e-9,0.925
M51,18a158_220,A,126.0,1.852e-9,0.927
M51,18a158_220,A,130.0,1.790e-9,0.907
M51,18a158_220,A,134.0,1.413e-9,0.873
M51,18a158_220,A,138.0,1.284e-9,0.841
M51,18a158_220,A,142.0,1.343e-9,0.825
M51,18a158_220,A,146.0,1.257e-9,0.851
M51,18a158_220,A,150.0,1.226e-9,0.839
M51,18a158_220,A,154.0,9.714e-10,0.844
M51,18a158_220,A,158.0,8.290e-10,0.860
M51,18a158_220,A,162.0,8.653e-10,0.899
M51,18a158_220,A,166.0,8.218e-10,0.882
M51,18a158_220,A,170.0,7.093e-10,0.884
M51,18a158_220,A,174.0,6.177e-10,0.878
M51,18a158_220,A,178.0,5.426e-10,0.840
M51,18a158_220,A,182.0,5.058e-10,0.769
M51,18a158_220,A,186.0,6.526e-10,0.797
M51,18a158_220,A,190.0,3.548e-10,0.814
M51,18a158_220,A,194.0,3.130e-10,0.781
M51,18a158_220,A,198.0,2.799e-10,0.784
M51,18a158_220,A,202.0,3.175e-10,0.860
M51,18a158_220,A,206.0,2.900e-10,0.894
M51,18a158_220,A,210.0,3.132e-10,0.892
M51,18a158_220,A,214.0,3.475e-10,0.889
M51,18a158_220,A,218.0,3.760e-10,0.864
M51,18a158_220,A,222.0,4.406e-10,0.868
M51,18a158_220,A,226.0,4.702e-10,0.880
M51,18a158_220,A,230.0,6.304e-10,0.894
M51,18a158_220,A,234.0,1.215e-9,0.887
M51,18a158_220,A,238.0,5.268e-10,0.876
M51,18a158_220,A,242.0,5.466e-10,0.876
M51,18a158_220,A,246.0,6.151e-10,0.892
M51,18a158_220,A,250.0,8.199e-10,0.881
M51,18a158_220,A,254.0,1.191e-9,0.870
M51,18a158_220,A,258.0,1.656e-9,0.824
M51,18a158_220,A,262.0,7.176e-10,0.719
M51,18a158_220,A,266.0,6.463e-10,0.634
M51,18a158_220,A,270.0,6.256e-10,0.614
M51,18a158_220,A,274.0,5.644e-10,0.592
M51,18a158_220,A,278.0,4.901e-10,0.548
M51,18a158_220,A,282.0,4.425e-10,0.529
M51,18a158_220,A,286.0,4.174e-10,0.505
M51,18a158_220,A,290.0,3.908e-10,0.476
M51,18a158_220,A,294.0,3.850e-10,0.442
M51,18a158_220,A,298.0,3.341e-10,0.433
M51,18a158_220,A,302.0,2.605e-10,0.412
M51,18a158_220,A,306.0,1.904e-10,0.410
M51,18a158_220,A,310.0,1.408e-10,0.391
M51,18a158_220,A,314.0,1.029e-10,0.358
M51,18a158_220,A,318.0,7.702e-11,0.360
M51,18a158_220,A,322.0,3.909e-11,0.316
M51,18a158_220,A,326.0,2.395e-11,0.315
M51,18a158_220,A,330.0,3.148e-11,0.302
M51,18a158_220,A,334.0,4.307e-11,0.301
M51,18a158_220,A,338.0,9.143e-12,0.285
M51,18a158_220,A,342.0,6.802e-12,0.277
M51,18a158_220,A,346.0,5.802e-12,0.272
M51,18a158_220,A,350.0,4.278e-12,0.263
M51,18a158_220,A,354.0,3.028e-12,0.250
M51,18a158_220,A,358.0,3.891e-12,0.240
M51,18a158_220,A,362.0,2.543e-12,0.225
M51,18a158_220,A,366.0,1.725e-12,0.228
M51,18a158_220,A,370.0,1.425e-12,0.228
M51,18a158_220,A,374.0,1.174e-12,0.226
M51,18a158_220,A,378.0,9.774e-13,0.211
M51,18a158_220,A,382.0,8.656e-13,0.200
M51,18a158_220,A,386.0,3.539e-12,0.191
M51,18a158_220,A,390.0,1.558e-11,0.163
M51,18a158_220,A,394.0,8.671e-12,0.141
M51,18a158_220,A,398.0,1.540e-12,0.111
M51,18a158_220,A,402.0,5.347e-13,0.091
M51,18a158_220,A,406.0,8.053e-14,0.068
M51,18a158_220,A,410.0,2.326e-14,0.055
M51,18a158_220,A,414.0,2.296e-11,0.039
M51,18a158_220,A,418.0,1.257e-10,0.021
M51,18a158_220,A,422.0,4.671e-12,0.007
M51,18a158_220,A,426.0,2.373e-17,0.000
M51,18a158_220,A,430.0,1.759e-12,0.004
M51,18a158_220,A,434.0,1.265e-10,0.008
M51,18a158_220,A,438.0,4.554e-10,0.010
M51,18a158_220,A,442.0,5.685e-12,0.005
M51,18a158_220,A,446.0,7.190e-15,0.000
M51,18a158_220,A,450.0,1.056e-13,0.001
M51,18a158_220,A,454.0,5.789e-14,0.000
M51,18a158_220,A,466.0,1.735e-15,0.000
M51,18a158_220,A,478.0,1.137e-15,0.000
M51,18a158_220,A,482.0,5.086e-13,0.003
M51,18a158_220,A,486.0,2.102e-12,0.005
M51,18a158_220,A,490.0,2.456e-12,0.003
M51,18a158_220,A,494.0,5.709e-11,0.003
M51,18a158_220,A,498.0,5.481e-13,0.002
M51,18a158_220,A,502.0,2.439e-12,0.004
M51,18a158_220,A,506.0,7.939e-11,0.005
M51,18a158_220,A,510.0,3.856e-10,0.008
M51,18a158_220,A,514.0,4.660e-12,0.006
M51,18a158_220,A,518.0,1.249e-10,0.009
M51,18a158_220,A,522.0,1.915e-10,0.011
M51,18a158_220,A,526.0,3.665e-12,0.006
M51,18a158_220,A,530.0,1.407e-12,0.002
M51,18a158_220,A,534.0,1.463e-11,0.002
M51,18a158_220,A,538.0,6.551e-13,0.001
M51,18a158_220,A,542.0,8.111e-12,0.002
M51,18a158_220,A,546.0,2.111e-12,0.001
M51,18a158_220,A,558.0,1.670e-14,0.001
M51,18a158_220,A,562.0,4.117e-15,0.001
M51,18a158_220,A,574.0,1.261e-12,0.002
M51,18a158_220,A,578.0,1.519e-16,0.000
M51,18a158_220,A,586.0,1.380e-14,0.000
M51,18a158_220,A,590.0,4.791e-15,0.001
M51,18a158_220,A,622.0,4.621e-16,0.000
M51,18a158_220,A,626.0,3.580e-15,0.000
M51,18a158_220,A,634.0,2.571e-12,0.002
M51,18a158_220,A,638.0,7.093e-11,0.005
M51,18a158_220,A,642.0,2.998e-11,0.004
M51,18a158_220,A,646.0,2.532e-12,0.002
M51,18a158_220,A,650.0,1.224e-11,0.002
M51,18a158_220,A,654.0,2.763e-14,0.001
M51,18a158_220,A,658.0,1.767e-11,0.005
M51,18a158_220,A,662.0,3.311e-10,0.004
M51,18a158_220,A,666.0,1.232e-10,0.006
M51,18a158_220,A,670.0,2.485e-13,0.002
M51,18a158_220,A,674.0,1.225e-13,0.000
M51,18a158_220,A,678.0,4.127e-14,0.000
M51,18a158_220,A,686.0,2.358e-13,0.001
M51,18a158_220,A,690.0,3.120e-11,0.003
M51,18a158_220,A,694.0,9.674e-13,0.001
M51,18a158_220,A,698.0,3.281e-13,0.000
M51,18a158_220,A,702.0,1.552e-13,0.001
M51,18a158_220,A,718.0,7.987e-12,0.002
M51,18a158_220,A,722.0,1.299e-13,0.001
M51,18a158_220,B,2.0,4.538e-8,1.000
M51,18a158_220,B,6.0,4.819e-8,1.000
M51,18a158_220,B,10.0,5.471e-8,1.000
M51,18a158_220,B,14.0,3.341e-8,1.000
M51,18a158_220,B,18.0,2.589e-8,1.000
M51,18a158_220,B,22.0,1.850e-8,1.000
M51,18a158_220,B,26.0,1.213e-8,0.968
M51,18a158_220,B,30.0,8.461e-9,0.953
M51,18a158_220,B,34.0,5.473e-9,0.953
M51,18a158_220,B,38.0,3.145e-9,0.915
M51,18a158_220,B,42.0,1.630e-9,0.868
M51,18a158_220,B,46.0,1.626e-9,0.949
M51,18a158_220,B,50.0,1.390e-9,0.954
M51,18a158_220,B,54.0,9.938e-10,0.831
M51,18a158_220,B,58.0,8.338e-10,0.795
M51,18a158_220,B,62.0,7.051e-10,0.691
M51,18a158_220,B,66.0,1.089e-9,0.716
M51,18a158_220,B,70.0,2.001e-9,0.793
M51,18a158_220,B,74.0,2.795e-9,0.844
M51,18a158_220,B,78.0,2.808e-9,0.885
M51,18a158_220,B,82.0,2.273e-9,0.836
M51,18a158_220,B,86.0,1.862e-9,0.805
M51,18a158_220,B,90.0,1.557e-9,0.785
M51,18a158_220,B,94.0,1.445e-9,0.842
M51,18a158_220,B,98.0,3.478e-9,0.826
M51,18a158_220,B,102.0,1.095e-9,0.773
M51,18a158_220,B,106.0,1.320e-9,0.743
M51,18a158_220,B,110.0,1.395e-9,0.809
M51,18a158_220,B,114.0,1.367e-9,0.814
M51,18a158_220,B,118.0,1.453e-9,0.834
M51,18a158_220,B,122.0,1.668e-9,0.880
M51,18a158_220,B,126.0,1.458e-9,0.882
M51,18a158_220,B,130.0,1.440e-9,0.864
M51,18a158_220,B,134.0,1.121e-9,0.815
M51,18a158_220,B,138.0,9.778e-10,0.786
M51,18a158_220,B,142.0,1.060e-9,0.757
M51,18a158_220,B,146.0,9.401e-10,0.791
M51,18a158_220,B,150.0,9.287e-10,0.753
M51,18a158_220,B,154.0,6.724e-10,0.768
M51,18a158_220,B,158.0,5.091e-10,0.788
M51,18a158_220,B,162.0,5.111e-10,0.820
M51,18a158_220,B,166.0,4.464e-10,0.808
M51,18a158_220,B,170.0,3.541e-10,0.814
M51,18a158_220,B,174.0,3.029e-10,0.793
M51,18a158_220,B,178.0,2.596e-10,0.732
M51,18a158_220,B,182.0,2.678e-10,0.671
M51,18a158_220,B,186.0,4.454e-10,0.677
M51,18a158_220,B,190.0,1.639e-10,0.724
M51,18a158_220,B,194.0,1.377e-10,0.679
M51,18a158_220,B,198.0,1.204e-10,0.684
M51,18a158_220,B,202.0,1.544e-10,0.769
M51,18a158_220,B,206.0,1.238e-10,0.807
M51,18a158_220,B,210.0,1.403e-10,0.826
M51,18a158_220,B,214.0,1.880e-10,0.797
M51,18a158_220,B,218.0,2.230e-10,0.791
M51,18a158_220,B,222.0,2.920e-10,0.744
M51,18a158_220,B,226.0,3.313e-10,0.662
M51,18a158_220,B,230.0,4.937e-10,0.626
M51,18a158_220,B,234.0,1.087e-9,0.590
M51,18a158_220,B,238.0,4.037e-10,0.557
M51,18a158_220,B,242.0,4.292e-10,0.527
M51,18a158_220,B,246.0,4.984e-10,0.536
M51,18a158_220,B,250.0,7.079e-10,0.512
M51,18a158_220,B,254.0,1.088e-9,0.509
M51,18a158_220,B,258.0,1.566e-9,0.484
M51,18a158_220,B,262.0,6.299e-10,0.455
M51,18a158_220,B,266.0,5.677e-10,0.430
M51,18a158_220,B,270.0,5.492e-10,0.418
M51,18a158_220,B,274.0,4.901e-10,0.413
M51,18a158_220,B,278.0,4.254e-10,0.377
M51,18a158_220,B,282.0,3.834e-10,0.372
M51,18a158_220,B,286.0,3.625e-10,0.346
M51,18a158_220,B,290.0,3.480e-10,0.323
M51,18a158_220,B,294.0,3.453e-10,0.296
M51,18a158_220,B,298.0,2.933e-10,0.290
M51,18a158_220,B,302.0,2.229e-10,0.273
M51,18a158_220,B,306.0,1.550e-10,0.260
M51,18a158_220,B,310.0,1.141e-10,0.224
M51,18a158_220,B,314.0,7.493e-11,0.204
M51,18a158_220,B,318.0,4.513e-11,0.196
M51,18a158_220,B,322.0,1.548e-11,0.171
M51,18a158_220,B,326.0,7.980e-12,0.150
M51,18a158_220,B,330.0,1.676e-11,0.154
M51,18a158_220,B,334.0,3.127e-11,0.155
M51,18a158_220,B,338.0,1.173e-12,0.130
M51,18a158_220,B,342.0,5.552e-13,0.100
M51,18a158_220,B,346.0,3.481e-13,0.093
M51,18a158_220,B,350.0,8.166e-14,0.073
M51,18a158_220,B,354.0,5.744e-15,0.037
M51,18a158_220,B,358.0,6.340e-13,0.006
M51,18a158_220,B,362.0,1.430e-13,0.006
M51,18a158_220,B,366.0,1.074e-15,0.001
M51,18a158_220,B,370.0,9.550e-17,0.001
M51,18a158_220,B,374.0,2.079e-16,0.001
M51,18a158_220,B,378.0,8.989e-17,0.001
M51,18a158_220,B,382.0,9.952e-15,0.003
M51,18a158_220,B,386.0,1.292e-12,0.011
M51,18a158_220,B,390.0,1.291e-11,0.010
M51,18a158_220,B,394.0,5.003e-12,0.010
M51,18a158_220,B,398.0,5.021e-13,0.006
M51,18a158_220,B,402.0,1.507e-13,0.001
M51,18a158_220,B,414.0,2.245e-11,0.003
M51,18a158_220,B,418.0,1.250e-10,0.007
M51,18a158_220,B,422.0,3.801e-12,0.004
M51,18a158_220,B,430.0,9.727e-13,0.003
M51,18a158_220,B,434.0,1.253e-10,0.008
M51,18a158_220,B,438.0,4.531e-10,0.007
M51,18a158_220,B,442.0,4.929e-12,0.004
M51,18a158_220,B,450.0,3.552e-14,0.000
M51,18a158_220,B,454.0,1.470e-14,0.000
M51,18a158_220,B,482.0,2.032e-13,0.002
M51,18a158_220,B,486.0,1.091e-12,0.003
M51,18a158_220,B,490.0,1.939e-12,0.002
M51,18a158_220,B,494.0,5.591e-11,0.003
M51,18a158_220,B,498.0,2.477e-13,0.001
M51,18a158_220,B,502.0,1.398e-12,0.003
M51,18a158_220,B,506.0,7.817e-11,0.005
M51,18a158_220,B,510.0,3.846e-10,0.006
M51,18a158_220,B,514.0,3.831e-12,0.004
M51,18a158_220,B,518.0,1.241e-10,0.006
M51,18a158_220,B,522.0,1.897e-10,0.009
M51,18a158_220,B,526.0,2.312e-12,0.005
M51,18a158_220,B,530.0,1.249e-12,0.001
M51,18a158_220,B,534.0,1.390e-11,0.001
M51,18a158_220,B,538.0,3.056e-13,0.001
M51,18a158_220,B,542.0,7.889e-12,0.002
M51,18a158_220,B,546.0,1.745e-12,0.001
M51,18a158_220,B,558.0,1.095e-15,0.000
M51,18a158_220,B,574.0,5.967e-13,0.002
M51,18a158_220,B,586.0,5.875e-16,0.000
M51,18a158_220,B,634.0,2.080e-12,0.001
M51,18a158_220,B,638.0,7.001e-11,0.005
M51,18a158_220,B,642.0,2.917e-11,0.003
M51,18a158_220,B,646.0,2.429e-12,0.001
M51,18a158_220,B,650.0,1.208e-11,0.001
M51,18a158_220,B,654.0,1.155e-15,0.001
M51,18a158_220,B,658.0,1.654e-11,0.004
M51,18a158_220,B,662.0,3.305e-10,0.004
M51,18a158_220,B,666.0,1.219e-10,0.006
M51,18a158_220,B,670.0,7.757e-14,0.001
M51,18a158_220,B,674.0,5.083e-14,0.000
M51,18a158_220,B,678.0,1.095e-14,0.000
M51,18a158_220,B,686.0,9.915e-14,0.001
M51,18a158_220,B,690.0,3.048e-11,0.003
M51,18a158_220,B,694.0,5.000e-13,0.001
M51,18a158_220,B,698.0,1.604e-13,0.000
M51,18a158_220,B,702.0,6.234e-14,0.001
M51,18a158_220,B,718.0,7.571e-12,0.001
M51,18a158_220,B,722.0,4.615e-14,0.001
M101,18a66_212,A,2.0,3.924e-8,1.000
M101,18a66_212,A,10.0,1.444e-8,1.000
M101,18a66_212,A,14.0,8.971e-9,1.000
M101,18a66_212,A,18.0,6.817e-9,1.000
M101,18a66_212,A,22.0,5.723e-9,1.000
M101,18a66_212,A,26.0,3.789e-9,1.000
M101,18a66_212,A,30.0,2.809e-9,1.000
M101,18a66_212,A,34.0,1.839e-9,0.972
M101,18a66_212,A,38.0,1.828e-9,1.000
M101,18a66_212,A,42.0,1.572e-9,1.000
M101,18a66_212,A,46.0,1.446e-9,0.925
M101,18a66_212,A,50.0,1.351e-9,0.977
M101,18a66_212,A,54.0,6.264e-10,0.958
M101,18a66_212,A,58.0,5.348e-10,0.864
M101,18a66_212,A,62.0,4.188e-10,0.765
M101,18a66_212,A,66.0,4.159e-10,0.734
M101,18a66_212,A,70.0,5.944e-10,0.692
M101,18a66_212,A,74.0,8.356e-10,0.750
M101,18a66_212,A,78.0,5.865e-9,0.794
M101,18a66_212,A,82.0,4.741e-10,0.653
M101,18a66_212,A,86.0,2.998e-10,0.726
M101,18a66_212,A,90.0,2.780e-10,0.694
M101,18a66_212,A,94.0,3.225e-10,0.810
M101,18a66_212,A,98.0,2.788e-10,0.583
M101,18a66_212,A,102.0,3.060e-10,0.630
M101,18a66_212,A,106.0,2.718e-10,0.588
M101,18a66_212,A,110.0,4.891e-10,0.660
M101,18a66_212,A,114.0,2.414e-10,0.679
M101,18a66_212,A,118.0,2.643e-10,0.739
M101,18a66_212,A,122.0,3.076e-10,0.731
M101,18a66_212,A,126.0,2.775e-10,0.699
M101,18a66_212,A,130.0,2.902e-10,0.685
M101,18a66_212,A,134.0,2.481e-10,0.717
M101,18a66_212,A,138.0,6.287e-10,0.698
M101,18a66_212,A,142.0,3.052e-10,0.713
M101,18a66_212,A,146.0,2.892e-10,0.735
M101,18a66_212,A,150.0,1.586e-10,0.672
M101,18a66_212,A,154.0,3.215e-10,0.613
M101,18a66_212,A,158.0,1.843e-10,0.542
M101,18a66_212,A,162.0,2.848e-10,0.554
M101,18a66_212,A,166.0,8.342e-11,0.500
M101,18a66_212,A,170.0,7.636e-11,0.589
M101,18a66_212,A,174.0,2.417e-10,0.512
M101,18a66_212,A,178.0,3.078e-10,0.567
M101,18a66_212,A,182.0,3.711e-10,0.639
M101,18a66_212,A,186.0,1.574e-10,0.639
M101,18a66_212,A,190.0,2.428e-10,0.676
M101,18a66_212,A,194.0,1.309e-10,0.608
M101,18a66_212,A,198.0,1.358e-10,0.640
M101,18a66_212,A,202.0,1.883e-10,0.653
M101,18a66_212,A,206.0,4.284e-10,0.683
M101,18a66_212,A,210.0,2.911e-10,0.720
M101,18a66_212,A,214.0,1.135e-10,0.633
M101,18a66_212,A,218.0,5.897e-11,0.655
M101,18a66_212,A,222.0,3.159e-10,0.623
M101,18a66_212,A,226.0,1.286e-10,0.606
M101,18a66_212,A,230.0,2.227e-10,0.609
M101,18a66_212,A,234.0,1.059e-10,0.607
M101,18a66_212,A,238.0,9.439e-11,0.636
M101,18a66_212,A,242.0,4.207e-10,0.635
M101,18a66_212,A,246.0,9.590e-11,0.694
M101,18a66_212,A,250.0,9.758e-11,0.686
M101,18a66_212,A,254.0,9.722e-11,0.742
M101,18a66_212,A,258.0,1.148e-10,0.720
M101,18a66_212,A,262.0,9.057e-11,0.705
M101,18a66_212,A,266.0,1.537e-10,0.691
M101,18a66_212,A,270.0,1.520e-10,0.713
M101,18a66_212,A,274.0,4.880e-10,0.687
M101,18a66_212,A,278.0,2.152e-10,0.681
M101,18a66_212,A,282.0,1.356e-10,0.675
M101,18a66_212,A,286.0,8.196e-11,0.612
M101,18a66_212,A,290.0,7.596e-11,0.586
M101,18a66_212,A,294.0,3.914e-11,0.575
M101,18a66_212,A,298.0,1.074e-11,0.521
M101,18a66_212,A,302.0,1.438e-10,0.527
M101,18a66_212,A,306.0,1.137e-11,0.493
M101,18a66_212,A,310.0,5.744e-11,0.493
M101,18a66_212,A,314.0,7.799e-10,0.444
M101,18a66_212,A,318.0,9.190e-11,0.446
M101,18a66_212,A,322.0,2.480e-11,0.410
M101,18a66_212,A,326.0,7.411e-12,0.412
M101,18a66_212,A,330.0,3.108e-12,0.439
M101,18a66_212,A,334.0,2.413e-11,0.504
M101,18a66_212,A,338.0,2.213e-11,0.539
M101,18a66_212,A,342.0,4.862e-11,0.585
M101,18a66_212,A,346.0,9.239e-11,0.631
M101,18a66_212,A,350.0,5.919e-11,0.656
M101,18a66_212,A,354.0,8.622e-11,0.668
M101,18a66_212,A,358.0,9.911e-11,0.669
M101,18a66_212,A,362.0,5.955e-11,0.636
M101,18a66_212,A,366.0,1.366e-10,0.619
M101,18a66_212,A,370.0,1.875e-10,0.528
M101,18a66_212,A,374.0,6.838e-11,0.436
M101,18a66_212,A,378.0,1.927e-11,0.334
M101,18a66_212,A,382.0,3.190e-12,0.235
M101,18a66_212,A,386.0,3.269e-11,0.210
M101,18a66_212,A,390.0,1.031e-10,0.119
M101,18a66_212,A,394.0,1.795e-11,0.059
M101,18a66_212,A,398.0,1.843e-10,0.057
M101,18a66_212,A,402.0,2.010e-10,0.039
M101,18a66_212,A,406.0,1.539e-10,0.029
M101,18a66_212,A,410.0,2.016e-11,0.048
M101,18a66_212,A,414.0,6.145e-12,0.033
M101,18a66_212,A,418.0,2.736e-12,0.031
M101,18a66_212,A,422.0,8.649e-12,0.015
M101,18a66_212,A,426.0,2.690e-12,0.026
M101,18a66_212,A,430.0,4.475e-11,0.034
M101,18a66_212,A,434.0,8.719e-11,0.017
M101,18a66_212,A,438.0,2.371e-12,0.035
M101,18a66_212,A,442.0,1.366e-11,0.013
M101,18a66_212,A,446.0,1.516e-10,0.021
M101,18a66_212,A,450.0,2.677e-11,0.015
M101,18a66_212,A,454.0,1.869e-12,0.017
M101,18a66_212,A,458.0,4.594e-11,0.041
M101,18a66_212,A,462.0,2.514e-10,0.043
M101,18a66_212,A,466.0,1.921e-10,0.043
M101,18a66_212,A,470.0,9.203e-11,0.043
M101,18a66_212,A,474.0,2.716e-10,0.057
M101,18a66_212,A,478.0,7.857e-11,0.053
M101,18a66_212,A,482.0,2.128e-11,0.059
M101,18a66_212,A,486.0,1.948e-11,0.056
M101,18a66_212,A,490.0,1.304e-11,0.038
M101,18a66_212,A,494.0,7.442e-11,0.029
M101,18a66_212,A,498.0,1.535e-11,0.029
M101,18a66_212,A,502.0,3.463e-12,0.019
M101,18a66_212,A,506.0,7.921e-13,0.016
M101,18a66_212,A,510.0,3.061e-11,0.018
M101,18a66_212,A,514.0,1.108e-10,0.014
M101,18a66_212,A,518.0,3.435e-12,0.008
M101,18a66_212,A,522.0,1.248e-11,0.010
M101,18a66_212,A,526.0,4.671e-12,0.004
M101,18a66_212,A,530.0,2.154e-12,0.007
M101,18a66_212,A,534.0,1.759e-12,0.010
M101,18a66_212,A,538.0,8.427e-14,0.002
M101,18a66_212,A,542.0,5.528e-12,0.010
M101,18a66_212,A,546.0,4.293e-12,0.009
M101,18a66_212,A,550.0,8.558e-12,0.010
M101,18a66_212,A,554.0,1.580e-10,0.008
M101,18a66_212,A,558.0,2.198e-11,0.014
M101,18a66_212,A,562.0,2.898e-12,0.010
M101,18a66_212,A,566.0,1.677e-12,0.012
M101,18a66_212,A,570.0,2.905e-11,0.017
M101,18a66_212,A,574.0,5.155e-11,0.017
M101,18a66_212,A,578.0,2.688e-11,0.030
M101,18a66_212,A,582.0,9.319e-12,0.025
M101,18a66_212,A,586.0,5.580e-12,0.023
M101,18a66_212,A,590.0,2.216e-10,0.022
M101,18a66_212,A,594.0,1.803e-12,0.010
M101,18a66_212,A,598.0,7.327e-12,0.011
M101,18a66_212,A,602.0,3.508e-12,0.010
M101,18a66_212,A,606.0,1.061e-10,0.008
M101,18a66_212,A,610.0,1.017e-12,0.006
M101,18a66_212,A,614.0,6.746e-12,0.003
M101,18a66_212,A,618.0,7.743e-14,0.004
M101,18a66_212,A,622.0,1.088e-11,0.005
M101,18a66_212,A,626.0,1.437e-10,0.011
M101,18a66_212,A,630.0,2.411e-11,0.007
M101,18a66_212,A,634.0,8.441e-11,0.003
M101,18a66_212,A,638.0,2.629e-11,0.002
M101,18a66_212,A,642.0,1.084e-13,0.002
M101,18a66_212,A,666.0,8.157e-16,0.002
M101,18a66_212,A,670.0,5.384e-15,0.002
M101,18a66_212,A,674.0,6.862e-14,0.002
M101,18a66_212,A,682.0,2.849e-13,0.002
M101,18a66_212,A,686.0,1.178e-13,0.002
M101,18a66_212,A,694.0,1.085e-13,0.002
M101,18a66_212,A,706.0,3.630e-15,0.002
M101,18a66_212,A,738.0,2.383e-11,0.002
M101,18a66_212,A,742.0,6.051e-16,0.002
M101,18a66_212,A,774.0,8.944e-13,0.002
M101,18a66_212,A,838.0,2.574e-15,0.001
M101,18a66_212,B,2.0,3.924e-8,1.000
M101,18a66_212,B,10.0,1.444e-8,1.000
M101,18a66_212,B,14.0,8.971e-9,1.000
M101,18a66_212,B,18.0,6.817e-9,1.000
M101,18a66_212,B,22.0,5.780e-9,1.000
M101,18a66_212,B,26.0,4.102e-9,1.000
M101,18a66_212,B,30.0,3.277e-9,1.000
M101,18a66_212,B,34.0,2.345e-9,1.000
M101,18a66_212,B,38.0,2.266e-9,1.000
M101,18a66_212,B,42.0,2.038e-9,1.000
M101,18a66_212,B,46.0,1.796e-9,0.925
M101,18a66_212,B,50.0,1.692e-9,0.977
M101,18a66_212,B,54.0,9.109e-10,0.958
M101,18a66_212,B,58.0,8.005e-10,0.886
M101,18a66_212,B,62.0,6.159e-10,0.824
M101,18a66_212,B,66.0,5.826e-10,0.844
M101,18a66_212,B,70.0,8.014e-10,0.769
M101,18a66_212,B,74.0,1.032e-9,0.764
M101,18a66_212,B,78.0,6.098e-9,0.824
M101,18a66_212,B,82.0,6.802e-10,0.764
M101,18a66_212,B,86.0,4.656e-10,0.774
M101,18a66_212,B,90.0,4.329e-10,0.736
M101,18a66_212,B,94.0,4.814e-10,0.833
M101,18a66_212,B,98.0,4.055e-10,0.646
M101,18a66_212,B,102.0,4.259e-10,0.696
M101,18a66_212,B,106.0,3.803e-10,0.650
M101,18a66_212,B,110.0,6.224e-10,0.730
M101,18a66_212,B,114.0,3.462e-10,0.741
M101,18a66_212,B,118.0,3.779e-10,0.804
M101,18a66_212,B,122.0,4.484e-10,0.796
M101,18a66_212,B,126.0,4.197e-10,0.750
M101,18a66_212,B,130.0,4.266e-10,0.787
M101,18a66_212,B,134.0,3.857e-10,0.792
M101,18a66_212,B,138.0,7.624e-10,0.776
M101,18a66_212,B,142.0,4.292e-10,0.787
M101,18a66_212,B,146.0,3.941e-10,0.780
M101,18a66_212,B,150.0,2.397e-10,0.734
M101,18a66_212,B,154.0,4.095e-10,0.685
M101,18a66_212,B,158.0,2.720e-10,0.625
M101,18a66_212,B,162.0,3.736e-10,0.649
M101,18a66_212,B,166.0,1.425e-10,0.613
M101,18a66_212,B,170.0,1.367e-10,0.637
M101,18a66_212,B,174.0,3.061e-10,0.619
M101,18a66_212,B,178.0,3.923e-10,0.671
M101,18a66_212,B,182.0,4.719e-10,0.728
M101,18a66_212,B,186.0,2.398e-10,0.736
M101,18a66_212,B,190.0,3.289e-10,0.734
M101,18a66_212,B,194.0,1.971e-10,0.705
M101,18a66_212,B,198.0,2.247e-10,0.720
M101,18a66_212,B,202.0,2.576e-10,0.739
M101,18a66_212,B,206.0,5.086e-10,0.778
M101,18a66_212,B,210.0,3.759e-10,0.800
M101,18a66_212,B,214.0,1.819e-10,0.735
M101,18a66_212,B,218.0,1.157e-10,0.744
M101,18a66_212,B,222.0,3.895e-10,0.716
M101,18a66_212,B,226.0,2.043e-10,0.713
M101,18a66_212,B,230.0,2.984e-10,0.695
M101,18a66_212,B,234.0,1.814e-10,0.696
M101,18a66_212,B,238.0,1.657e-10,0.727
M101,18a66_212,B,242.0,4.771e-10,0.702
M101,18a66_212,B,246.0,1.582e-10,0.764
M101,18a66_212,B,250.0,1.569e-10,0.740
M101,18a66_212,B,254.0,1.690e-10,0.804
M101,18a66_212,B,258.0,1.871e-10,0.792
M101,18a66_212,B,262.0,1.514e-10,0.777
M101,18a66_212,B,266.0,2.160e-10,0.763
M101,18a66_212,B,270.0,2.125e-10,0.771
M101,18a66_212,B,274.0,5.390e-10,0.762
M101,18a66_212,B,278.0,2.617e-10,0.782
M101,18a66_212,B,282.0,1.867e-10,0.738
M101,18a66_212,B,286.0,1.275e-10,0.724
M101,18a66_212,B,290.0,1.114e-10,0.664
M101,18a66_212,B,294.0,7.503e-11,0.661
M101,18a66_212,B,298.0,3.295e-11,0.619
M101,18a66_212,B,302.0,1.648e-10,0.620
M101,18a66_212,B,306.0,3.185e-11,0.614
M101,18a66_212,B,310.0,7.584e-11,0.638
M101,18a66_212,B,314.0,8.047e-10,0.583
M101,18a66_212,B,318.0,1.078e-10,0.572
M101,18a66_212,B,322.0,3.834e-11,0.526
M101,18a66_212,B,326.0,2.215e-11,0.560
M101,18a66_212,B,330.0,1.622e-11,0.591
M101,18a66_212,B,334.0,3.973e-11,0.630
M101,18a66_212,B,338.0,3.931e-11,0.661
M101,18a66_212,B,342.0,7.310e-11,0.725
M101,18a66_212,B,346.0,1.122e-10,0.756
M101,18a66_212,B,350.0,8.193e-11,0.786
M101,18a66_212,B,354.0,1.099e-10,0.807
M101,18a66_212,B,358.0,1.189e-10,0.818
M101,18a66_212,B,362.0,7.955e-11,0.838
M101,18a66_212,B,366.0,1.560e-10,0.843
M101,18a66_212,B,370.0,2.011e-10,0.803
M101,18a66_212,B,374.0,8.684e-11,0.802
M101,18a66_212,B,378.0,3.711e-11,0.795
M101,18a66_212,B,382.0,1.333e-11,0.753
M101,18a66_212,B,386.0,4.495e-11,0.758
M101,18a66_212,B,390.0,1.152e-10,0.741
M101,18a66_212,B,394.0,3.160e-11,0.723
M101,18a66_212,B,398.0,1.954e-10,0.723
M101,18a66_212,B,402.0,2.125e-10,0.719
M101,18a66_212,B,406.0,1.596e-10,0.705
M101,18a66_212,B,410.0,3.002e-11,0.711
M101,18a66_212,B,414.0,1.202e-11,0.688
M101,18a66_212,B,418.0,6.562e-12,0.695
M101,18a66_212,B,422.0,1.304e-11,0.678
M101,18a66_212,B,426.0,6.077e-12,0.633
M101,18a66_212,B,430.0,5.283e-11,0.598
M101,18a66_212,B,434.0,8.864e-11,0.556
M101,18a66_212,B,438.0,5.102e-12,0.478
M101,18a66_212,B,442.0,1.566e-11,0.411
M101,18a66_212,B,446.0,1.541e-10,0.371
M101,18a66_212,B,450.0,2.801e-11,0.372
M101,18a66_212,B,454.0,3.602e-12,0.331
M101,18a66_212,B,458.0,4.947e-11,0.284
M101,18a66_212,B,462.0,2.586e-10,0.172
M101,18a66_212,B,466.0,2.049e-10,0.113
M101,18a66_212,B,470.0,9.768e-11,0.077
M101,18a66_212,B,474.0,2.827e-10,0.077
M101,18a66_212,B,478.0,8.948e-11,0.078
M101,18a66_212,B,482.0,3.318e-11,0.068
M101,18a66_212,B,486.0,2.581e-11,0.065
M101,18a66_212,B,490.0,1.830e-11,0.048
M101,18a66_212,B,494.0,7.680e-11,0.042
M101,18a66_212,B,498.0,2.154e-11,0.031
M101,18a66_212,B,502.0,5.588e-12,0.028
M101,18a66_212,B,506.0,1.831e-12,0.023
M101,18a66_212,B,510.0,3.211e-11,0.026
M101,18a66_212,B,514.0,1.124e-10,0.018
M101,18a66_212,B,518.0,5.180e-12,0.011
M101,18a66_212,B,522.0,1.332e-11,0.014
M101,18a66_212,B,526.0,6.909e-12,0.013
M101,18a66_212,B,530.0,3.376e-12,0.009
M101,18a66_212,B,534.0,3.016e-12,0.016
M101,18a66_212,B,538.0,2.262e-13,0.008
M101,18a66_212,B,542.0,7.679e-12,0.019
M101,18a66_212,B,546.0,6.489e-12,0.015
M101,18a66_212,B,550.0,9.052e-12,0.018
M101,18a66_212,B,554.0,1.586e-10,0.016
M101,18a66_212,B,558.0,2.310e-11,0.014
M101,18a66_212,B,562.0,4.798e-12,0.015
M101,18a66_212,B,566.0,3.008e-12,0.014
M101,18a66_212,B,570.0,3.408e-11,0.017
M101,18a66_212,B,574.0,5.365e-11,0.022
M101,18a66_212,B,578.0,3.096e-11,0.043
M101,18a66_212,B,582.0,1.442e-11,0.029
M101,18a66_212,B,586.0,8.690e-12,0.031
M101,18a66_212,B,590.0,2.236e-10,0.030
M101,18a66_212,B,594.0,3.083e-12,0.025
M101,18a66_212,B,598.0,1.055e-11,0.015
M101,18a66_212,B,602.0,5.553e-12,0.014
M101,18a66_212,B,606.0,1.062e-10,0.012
M101,18a66_212,B,610.0,1.698e-12,0.006
M101,18a66_212,B,614.0,7.316e-12,0.003
M101,18a66_212,B,618.0,2.359e-13,0.004
M101,18a66_212,B,622.0,1.131e-11,0.005
M101,18a66_212,B,626.0,1.446e-10,0.013
M101,18a66_212,B,630.0,2.432e-11,0.007
M101,18a66_212,B,634.0,8.505e-11,0.003
M101,18a66_212,B,638.0,2.629e-11,0.005
M101,18a66_212,B,642.0,2.477e-13,0.002
M101,18a66_212,B,658.0,1.578e-14,0.004
M101,18a66_212,B,666.0,2.662e-14,0.002
M101,18a66_212,B,670.0,4.665e-14,0.002
M101,18a66_212,B,674.0,1.730e-13,0.002
M101,18a66_212,B,678.0,5.098e-16,0.002
M101,18a66_212,B,682.0,5.152e-13,0.003
M101,18a66_212,B,686.0,2.505e-13,0.002
M101,18a66_212,B,694.0,2.370e-13,0.002
M101,18a66_212,B,706.0,3.896e-14,0.002
M101,18a66_212,B,730.0,4.606e-15,0.001
M101,18a66_212,B,738.0,2.383e-11,0.002
M101,18a66_212,B,742.0,2.461e-14,0.002
M101,18a66_212,B,774.0,1.370e-12,0.002
M101,18a66_212,B,778.0,7.890e-15,0.001
M101,18a66_212,B,838.0,3.113e-14,0.001
M101,18a158_212,A,2.0,5.543e-8,1.000
M101,18a158_212,A,6.0,2.140e-8,1.000
M101,18a158_212,A,10.0,1.275e-8,1.000
M101,18a158_212,A,14.0,9.196e-9,1.000
M101,18a158_212,A,18.0,7.083e-9,1.000
M101,18a158_212,A,22.0,5.298e-9,1.000
M101,18a158_212,A,26.0,3.933e-9,1.000
M101,18a158_212,A,30.0,2.930e-9,1.000
M101,18a158_212,A,34.0,2.396e-9,1.000
M101,18a158_212,A,38.0,2.096e-9,1.000
M101,18a158_212,A,42.0,1.728e-9,0.995
M101,18a158_212,A,46.0,1.755e-9,0.962
M101,18a158_212,A,50.0,1.676e-9,0.963
M101,18a158_212,A,54.0,1.109e-9,0.972
M101,18a158_212,A,58.0,7.135e-10,0.880
M101,18a158_212,A,62.0,5.330e-10,0.824
M101,18a158_212,A,66.0,5.194e-10,0.834
M101,18a158_212,A,70.0,7.985e-10,0.787
M101,18a158_212,A,74.0,1.073e-9,0.792
M101,18a158_212,A,78.0,2.823e-9,0.805
M101,18a158_212,A,82.0,1.561e-9,0.766
M101,18a158_212,A,86.0,5.026e-10,0.766
M101,18a158_212,A,90.0,4.162e-10,0.750
M101,18a158_212,A,94.0,4.040e-10,0.792
M101,18a158_212,A,98.0,3.939e-10,0.706
M101,18a158_212,A,102.0,3.856e-10,0.647
M101,18a158_212,A,106.0,4.702e-10,0.681
M101,18a158_212,A,110.0,4.438e-10,0.708
M101,18a158_212,A,114.0,4.190e-10,0.741
M101,18a158_212,A,118.0,3.626e-10,0.768
M101,18a158_212,A,122.0,3.391e-10,0.785
M101,18a158_212,A,126.0,3.627e-10,0.734
M101,18a158_212,A,130.0,3.814e-10,0.737
M101,18a158_212,A,134.0,4.180e-10,0.773
M101,18a158_212,A,138.0,4.663e-10,0.749
M101,18a158_212,A,142.0,4.859e-10,0.774
M101,18a158_212,A,146.0,3.181e-10,0.796
M101,18a158_212,A,150.0,2.411e-10,0.754
M101,18a158_212,A,154.0,2.434e-10,0.676
M101,18a158_212,A,158.0,4.134e-10,0.635
M101,18a158_212,A,162.0,2.240e-10,0.589
M101,18a158_212,A,166.0,2.293e-10,0.590
M101,18a158_212,A,170.0,1.169e-10,0.588
M101,18a158_212,A,174.0,2.402e-10,0.584
M101,18a158_212,A,178.0,3.502e-10,0.655
M101,18a158_212,A,182.0,4.985e-10,0.700
M101,18a158_212,A,186.0,3.929e-10,0.719
M101,18a158_212,A,190.0,2.733e-10,0.699
M101,18a158_212,A,194.0,1.832e-10,0.708
M101,18a158_212,A,198.0,2.751e-10,0.708
M101,18a158_212,A,202.0,3.337e-10,0.737
M101,18a158_212,A,206.0,5.194e-10,0.750
M101,18a158_212,A,210.0,4.649e-10,0.741
M101,18a158_212,A,214.0,1.463e-10,0.695
M101,18a158_212,A,218.0,1.292e-10,0.689
M101,18a158_212,A,222.0,1.630e-10,0.674
M101,18a158_212,A,226.0,4.605e-10,0.683
M101,18a158_212,A,230.0,3.369e-10,0.680
M101,18a158_212,A,234.0,2.206e-10,0.679
M101,18a158_212,A,238.0,2.294e-10,0.693
M101,18a158_212,A,242.0,3.156e-10,0.734
M101,18a158_212,A,246.0,1.786e-10,0.746
M101,18a158_212,A,250.0,1.666e-10,0.774
M101,18a158_212,A,254.0,1.409e-10,0.784
M101,18a158_212,A,258.0,1.436e-10,0.767
M101,18a158_212,A,262.0,1.284e-10,0.748
M101,18a158_212,A,266.0,1.805e-10,0.761
M101,18a158_212,A,270.0,2.110e-10,0.761
M101,18a158_212,A,274.0,3.935e-10,0.770
M101,18a158_212,A,278.0,2.978e-10,0.755
M101,18a158_212,A,282.0,1.352e-10,0.730
M101,18a158_212,A,286.0,1.393e-10,0.679
M101,18a158_212,A,290.0,1.686e-10,0.655
M101,18a158_212,A,294.0,6.975e-11,0.639
M101,18a158_212,A,298.0,5.273e-11,0.622
M101,18a158_212,A,302.0,4.700e-11,0.616
M101,18a158_212,A,306.0,6.838e-11,0.603
M101,18a158_212,A,310.0,5.048e-10,0.620
M101,18a158_212,A,314.0,6.281e-10,0.580
M101,18a158_212,A,318.0,7.311e-11,0.554
M101,18a158_212,A,322.0,3.802e-11,0.498
M101,18a158_212,A,326.0,1.996e-11,0.525
M101,18a158_212,A,330.0,6.094e-11,0.542
M101,18a158_212,A,334.0,2.181e-11,0.598
M101,18a158_212,A,338.0,2.814e-11,0.668
M101,18a158_212,A,342.0,6.618e-11,0.707
M101,18a158_212,A,346.0,5.738e-11,0.728
M101,18a158_212,A,350.0,1.103e-10,0.759
M101,18a158_212,A,354.0,9.242e-11,0.797
M101,18a158_212,A,358.0,1.192e-10,0.810
M101,18a158_212,A,362.0,9.407e-11,0.814
M101,18a158_212,A,366.0,8.676e-11,0.796
M101,18a158_212,A,370.0,9.163e-11,0.778
M101,18a158_212,A,374.0,2.278e-10,0.768
M101,18a158_212,A,378.0,3.187e-11,0.760
M101,18a158_212,A,382.0,2.798e-11,0.739
M101,18a158_212,A,386.0,2.652e-11,0.715
M101,18a158_212,A,390.0,3.845e-11,0.700
M101,18a158_212,A,394.0,8.908e-11,0.699
M101,18a158_212,A,398.0,3.767e-10,0.685
M101,18a158_212,A,402.0,2.122e-10,0.665
M101,18a158_212,A,406.0,9.321e-11,0.660
M101,18a158_212,A,410.0,2.409e-11,0.674
M101,18a158_212,A,414.0,6.535e-12,0.662
M101,18a158_212,A,418.0,2.961e-12,0.584
M101,18a158_212,A,422.0,8.333e-12,0.485
M101,18a158_212,A,426.0,1.193e-11,0.407
M101,18a158_212,A,430.0,2.829e-11,0.385
M101,18a158_212,A,434.0,4.997e-11,0.358
M101,18a158_212,A,438.0,9.271e-12,0.316
M101,18a158_212,A,442.0,8.998e-12,0.251
M101,18a158_212,A,446.0,1.598e-10,0.188
M101,18a158_212,A,450.0,3.616e-11,0.114
M101,18a158_212,A,454.0,1.706e-11,0.048
M101,18a158_212,A,458.0,3.832e-11,0.051
M101,18a158_212,A,462.0,1.178e-10,0.056
M101,18a158_212,A,466.0,6.370e-10,0.056
M101,18a158_212,A,470.0,1.961e-10,0.060
M101,18a158_212,A,474.0,1.684e-10,0.076
M101,18a158_212,A,478.0,7.450e-11,0.080
M101,18a158_212,A,482.0,3.254e-11,0.074
M101,18a158_212,A,486.0,2.125e-11,0.060
M101,18a158_212,A,490.0,3.172e-11,0.037
M101,18a158_212,A,494.0,3.520e-11,0.029
M101,18a158_212,A,498.0,1.082e-11,0.029
M101,18a158_212,A,502.0,2.100e-12,0.019
M101,18a158_212,A,506.0,2.215e-12,0.017
M101,18a158_212,A,510.0,1.138e-10,0.017
M101,18a158_212,A,514.0,1.918e-10,0.015
M101,18a158_212,A,518.0,2.747e-11,0.012
M101,18a158_212,A,522.0,1.404e-11,0.010
M101,18a158_212,A,526.0,8.867e-12,0.013
M101,18a158_212,A,530.0,3.276e-12,0.012
M101,18a158_212,A,534.0,2.258e-12,0.013
M101,18a158_212,A,538.0,2.284e-12,0.008
M101,18a158_212,A,542.0,2.207e-12,0.011
M101,18a158_212,A,546.0,1.097e-11,0.017
M101,18a158_212,A,550.0,1.240e-10,0.015
M101,18a158_212,A,554.0,1.380e-11,0.012
M101,18a158_212,A,558.0,8.681e-12,0.013
M101,18a158_212,A,562.0,9.534e-12,0.014
M101,18a158_212,A,566.0,5.969e-12,0.013
M101,18a158_212,A,570.0,1.710e-11,0.020
M101,18a158_212,A,574.0,7.237e-11,0.020
M101,18a158_212,A,578.0,3.892e-11,0.033
M101,18a158_212,A,582.0,2.000e-11,0.036
M101,18a158_212,A,586.0,8.294e-12,0.031
M101,18a158_212,A,590.0,7.431e-11,0.023
M101,18a158_212,A,594.0,2.783e-11,0.018
M101,18a158_212,A,598.0,5.959e-12,0.014
M101,18a158_212,A,602.0,6.335e-12,0.012
M101,18a158_212,A,606.0,1.597e-11,0.010
M101,18a158_212,A,610.0,2.223e-10,0.008
M101,18a158_212,A,614.0,3.753e-11,0.008
M101,18a158_212,A,618.0,1.752e-12,0.004
M101,18a158_212,A,622.0,4.951e-11,0.006
M101,18a158_212,A,626.0,1.693e-10,0.010
M101,18a158_212,A,630.0,3.276e-11,0.009
M101,18a158_212,A,634.0,2.348e-10,0.004
M101,18a158_212,A,638.0,5.193e-11,0.005
M101,18a158_212,A,642.0,8.301e-14,0.002
M101,18a158_212,A,646.0,2.285e-14,0.000
M101,18a158_212,A,650.0,3.041e-13,0.001
M101,18a158_212,A,666.0,4.247e-14,0.001
M101,18a158_212,A,670.0,2.736e-12,0.002
M101,18a158_212,A,674.0,7.822e-12,0.003
M101,18a158_212,A,678.0,7.630e-13,0.001
M101,18a158_212,A,682.0,5.688e-13,0.003
M101,18a158_212,A,686.0,1.367e-13,0.002
M101,18a158_212,A,690.0,1.848e-15,0.000
M101,18a158_212,A,694.0,5.040e-14,0.000
M101,18a158_212,A,698.0,3.474e-14,0.001
M101,18a158_212,A,706.0,2.934e-14,0.001
M101,18a158_212,A,710.0,3.695e-14,0.001
M101,18a158_212,A,734.0,9.550e-15,0.000
M101,18a158_212,A,738.0,7.767e-12,0.002
M101,18a158_212,A,742.0,8.090e-12,0.001
M101,18a158_212,A,746.0,9.958e-15,0.000
M101,18a158_212,A,774.0,3.119e-12,0.002
M101,18a158_212,A,778.0,2.317e-14,0.000
M101,18a158_212,B,2.0,5.543e-8,1.000
M101,18a158_212,B,6.0,2.140e-8,1.000
M101,18a158_212,B,10.0,1.275e-8,1.000
M101,18a158_212,B,14.0,9.196e-9,1.000
M101,18a158_212,B,18.0,7.051e-9,1.000
M101,18a158_212,B,22.0,4.805e-9,1.000
M101,18a158_212,B,26.0,3.038e-9,1.000
M101,18a158_212,B,30.0,1.933e-9,0.993
M101,18a158_212,B,34.0,1.511e-9,0.994
M101,18a158_212,B,38.0,1.315e-9,1.000
M101,18a158_212,B,42.0,1.054e-9,0.973
M101,18a158_212,B,46.0,1.126e-9,0.919
M101,18a158_212,B,50.0,1.154e-9,0.908
M101,18a158_212,B,54.0,6.649e-10,0.937
M101,18a158_212,B,58.0,3.677e-10,0.808
M101,18a158_212,B,62.0,2.742e-10,0.670
M101,18a158_212,B,66.0,2.770e-10,0.697
M101,18a158_212,B,70.0,4.775e-10,0.698
M101,18a158_212,B,74.0,7.090e-10,0.708
M101,18a158_212,B,78.0,2.475e-9,0.725
M101,18a158_212,B,82.0,1.289e-9,0.652
M101,18a158_212,B,86.0,2.570e-10,0.658
M101,18a158_212,B,90.0,2.035e-10,0.639
M101,18a158_212,B,94.0,1.972e-10,0.656
M101,18a158_212,B,98.0,2.093e-10,0.574
M101,18a158_212,B,102.0,2.287e-10,0.519
M101,18a158_212,B,106.0,3.263e-10,0.506
M101,18a158_212,B,110.0,2.584e-10,0.553
M101,18a158_212,B,114.0,2.431e-10,0.593
M101,18a158_212,B,118.0,1.813e-10,0.648
M101,18a158_212,B,122.0,1.622e-10,0.654
M101,18a158_212,B,126.0,1.786e-10,0.640
M101,18a158_212,B,130.0,1.926e-10,0.632
M101,18a158_212,B,134.0,2.145e-10,0.658
M101,18a158_212,B,138.0,2.795e-10,0.648
M101,18a158_212,B,142.0,3.114e-10,0.624
M101,18a158_212,B,146.0,1.677e-10,0.636
M101,18a158_212,B,150.0,1.153e-10,0.591
M101,18a158_212,B,154.0,1.223e-10,0.532
M101,18a158_212,B,158.0,2.819e-10,0.487
M101,18a158_212,B,162.0,1.238e-10,0.448
M101,18a158_212,B,166.0,1.396e-10,0.460
M101,18a158_212,B,170.0,4.354e-11,0.428
M101,18a158_212,B,174.0,1.569e-10,0.419
M101,18a158_212,B,178.0,2.397e-10,0.487
M101,18a158_212,B,182.0,3.523e-10,0.575
M101,18a158_212,B,186.0,2.506e-10,0.583
M101,18a158_212,B,190.0,1.565e-10,0.561
M101,18a158_212,B,194.0,8.453e-11,0.545
M101,18a158_212,B,198.0,1.672e-10,0.534
M101,18a158_212,B,202.0,2.080e-10,0.577
M101,18a158_212,B,206.0,4.068e-10,0.611
M101,18a158_212,B,210.0,3.535e-10,0.604
M101,18a158_212,B,214.0,5.742e-11,0.546
M101,18a158_212,B,218.0,4.737e-11,0.518
M101,18a158_212,B,222.0,7.340e-11,0.527
M101,18a158_212,B,226.0,3.556e-10,0.552
M101,18a158_212,B,230.0,2.323e-10,0.575
M101,18a158_212,B,234.0,1.182e-10,0.566
M101,18a158_212,B,238.0,1.389e-10,0.562
M101,18a158_212,B,242.0,2.241e-10,0.582
M101,18a158_212,B,246.0,8.931e-11,0.614
M101,18a158_212,B,250.0,7.978e-11,0.631
M101,18a158_212,B,254.0,5.260e-11,0.620
M101,18a158_212,B,258.0,5.817e-11,0.598
M101,18a158_212,B,262.0,4.823e-11,0.609
M101,18a158_212,B,266.0,9.510e-11,0.611
M101,18a158_212,B,270.0,1.276e-10,0.614
M101,18a158_212,B,274.0,3.200e-10,0.595
M101,18a158_212,B,278.0,2.311e-10,0.572
M101,18a158_212,B,282.0,6.599e-11,0.546
M101,18a158_212,B,286.0,8.310e-11,0.513
M101,18a158_212,B,290.0,1.188e-10,0.501
M101,18a158_212,B,294.0,2.937e-11,0.471
M101,18a158_212,B,298.0,2.136e-11,0.404
M101,18a158_212,B,302.0,2.096e-11,0.346
M101,18a158_212,B,306.0,4.177e-11,0.323
M101,18a158_212,B,310.0,4.773e-10,0.320
M101,18a158_212,B,314.0,6.034e-10,0.262
M101,18a158_212,B,318.0,5.279e-11,0.218
M101,18a158_212,B,322.0,2.052e-11,0.154
M101,18a158_212,B,326.0,3.922e-12,0.123
M101,18a158_212,B,330.0,4.655e-11,0.079
M101,18a158_212,B,334.0,8.223e-12,0.032
M101,18a158_212,B,338.0,1.062e-11,0.033
M101,18a158_212,B,342.0,3.893e-11,0.044
M101,18a158_212,B,346.0,3.226e-11,0.035
M101,18a158_212,B,350.0,8.457e-11,0.042
M101,18a158_212,B,354.0,6.334e-11,0.046
M101,18a158_212,B,358.0,8.876e-11,0.046
M101,18a158_212,B,362.0,7.201e-11,0.041
M101,18a158_212,B,366.0,6.504e-11,0.036
M101,18a158_212,B,370.0,7.351e-11,0.038
M101,18a158_212,B,374.0,2.102e-10,0.044
M101,18a158_212,B,378.0,1.798e-11,0.045
M101,18a158_212,B,382.0,1.471e-11,0.039
M101,18a158_212,B,386.0,1.552e-11,0.029
M101,18a158_212,B,390.0,2.411e-11,0.037
M101,18a158_212,B,394.0,7.380e-11,0.038
M101,18a158_212,B,398.0,3.593e-10,0.045
M101,18a158_212,B,402.0,1.960e-10,0.041
M101,18a158_212,B,406.0,8.445e-11,0.026
M101,18a158_212,B,410.0,1.490e-11,0.032
M101,18a158_212,B,414.0,2.130e-12,0.018
M101,18a158_212,B,418.0,6.869e-13,0.013
M101,18a158_212,B,422.0,3.585e-12,0.021
M101,18a158_212,B,426.0,5.393e-12,0.022
M101,18a158_212,B,430.0,2.174e-11,0.022
M101,18a158_212,B,434.0,4.306e-11,0.022
M101,18a158_212,B,438.0,6.631e-12,0.013
M101,18a158_212,B,442.0,5.769e-12,0.012
M101,18a158_212,B,446.0,1.560e-10,0.015
M101,18a158_212,B,450.0,3.296e-11,0.016
M101,18a158_212,B,454.0,1.148e-11,0.017
M101,18a158_212,B,458.0,3.025e-11,0.030
M101,18a158_212,B,462.0,1.038e-10,0.041
M101,18a158_212,B,466.0,6.232e-10,0.038
M101,18a158_212,B,470.0,1.838e-10,0.038
M101,18a158_212,B,474.0,1.494e-10,0.052
M101,18a158_212,B,478.0,5.479e-11,0.050
M101,18a158_212,B,482.0,1.728e-11,0.051
M101,18a158_212,B,486.0,1.318e-11,0.036
M101,18a158_212,B,490.0,2.803e-11,0.018
M101,18a158_212,B,494.0,2.818e-11,0.020
M101,18a158_212,B,498.0,5.188e-12,0.016
M101,18a158_212,B,502.0,6.738e-13,0.011
M101,18a158_212,B,506.0,8.231e-13,0.008
M101,18a158_212,B,510.0,1.117e-10,0.010
M101,18a158_212,B,514.0,1.901e-10,0.011
M101,18a158_212,B,518.0,2.552e-11,0.009
M101,18a158_212,B,522.0,1.207e-11,0.006
M101,18a158_212,B,526.0,6.300e-12,0.006
M101,18a158_212,B,530.0,1.620e-12,0.006
M101,18a158_212,B,534.0,9.161e-13,0.007
M101,18a158_212,B,538.0,1.082e-12,0.004
M101,18a158_212,B,542.0,9.087e-13,0.007
M101,18a158_212,B,546.0,8.144e-12,0.009
M101,18a158_212,B,550.0,1.209e-10,0.010
M101,18a158_212,B,554.0,1.158e-11,0.006
M101,18a158_212,B,558.0,6.665e-12,0.007
M101,18a158_212,B,562.0,4.842e-12,0.011
M101,18a158_212,B,566.0,3.289e-12,0.008
M101,18a158_212,B,570.0,1.156e-11,0.014
M101,18a158_212,B,574.0,6.780e-11,0.015
M101,18a158_212,B,578.0,3.173e-11,0.022
M101,18a158_212,B,582.0,1.245e-11,0.021
M101,18a158_212,B,586.0,3.682e-12,0.021
M101,18a158_212,B,590.0,7.215e-11,0.013
M101,18a158_212,B,594.0,2.609e-11,0.007
M101,18a158_212,B,598.0,3.113e-12,0.010
M101,18a158_212,B,602.0,5.362e-12,0.008
M101,18a158_212,B,606.0,1.388e-11,0.006
M101,18a158_212,B,610.0,2.214e-10,0.007
M101,18a158_212,B,614.0,3.687e-11,0.004
M101,18a158_212,B,618.0,8.692e-13,0.003
M101,18a158_212,B,622.0,4.839e-11,0.004
M101,18a158_212,B,626.0,1.669e-10,0.009
M101,18a158_212,B,630.0,3.105e-11,0.006
M101,18a158_212,B,634.0,2.342e-10,0.003
M101,18a158_212,B,638.0,5.108e-11,0.004
M101,18a158_212,B,642.0,1.667e-14,0.001
M101,18a158_212,B,646.0,2.306e-15,0.000
M101,18a158_212,B,650.0,1.405e-13,0.001
M101,18a158_212,B,666.0,6.629e-15,0.000
M101,18a158_212,B,670.0,2.533e-12,0.001
M101,18a158_212,B,674.0,7.192e-12,0.002
M101,18a158_212,B,678.0,3.893e-13,0.001
M101,18a158_212,B,682.0,2.096e-13,0.002
M101,18a158_212,B,686.0,2.136e-14,0.001
M101,18a158_212,B,694.0,1.370e-14,0.000
M101,18a158_212,B,698.0,3.434e-15,0.001
M101,18a158_212,B,706.0,2.802e-15,0.000
M101,18a158_212,B,710.0,7.098e-15,0.000
M101,18a158_212,B,734.0,1.728e-17,0.000
M101,18a158_212,B,738.0,7.641e-12,0.001
M101,18a158_212,B,742.0,7.418e-12,0.001
M101,18a158_212,B,746.0,3.653e-17,0.000
M101,18a158_212,B,774.0,2.662e-12,0.001
M101,18a158_212,B,778.0,3.283e-15,0.000
M101,12a152_212,A,2.0,5.371e-8,1.000
M101,12a152_212,A,6.0,2.341e-8,1.000
M101,12a152_212,A,10.0,1.309e-8,1.000
M101,12a152_212,A,14.0,9.128e-9,1.000
M101,12a152_212,A,18.0,7.085e-9,1.000
M101,12a152_212,A,22.0,5.304e-9,1.000
M101,12a152_212,A,26.0,3.619e-9,1.000
M101,12a152_212,A,30.0,2.407e-9,1.000
M101,12a152_212,A,34.0,1.879e-9,1.000
M101,12a152_212,A,38.0,1.720e-9,1.000
M101,12a152_212,A,42.0,1.325e-9,0.995
M101,12a152_212,A,46.0,1.356e-9,0.941
M101,12a152_212,A,50.0,1.565e-9,0.968
M101,12a152_212,A,54.0,6.971e-10,0.954
M101,12a152_212,A,58.0,4.984e-10,0.851
M101,12a152_212,A,62.0,3.756e-10,0.747
M101,12a152_212,A,66.0,3.615e-10,0.743
M101,12a152_212,A,70.0,6.580e-10,0.744
M101,12a152_212,A,74.0,8.657e-10,0.766
M101,12a152_212,A,78.0,2.780e-9,0.758
M101,12a152_212,A,82.0,1.292e-9,0.720
M101,12a152_212,A,86.0,3.568e-10,0.704
M101,12a152_212,A,90.0,2.904e-10,0.721
M101,12a152_212,A,94.0,2.642e-10,0.715
M101,12a152_212,A,98.0,2.775e-10,0.629
M101,12a152_212,A,102.0,3.079e-10,0.566
M101,12a152_212,A,106.0,3.630e-10,0.589
M101,12a152_212,A,110.0,3.305e-10,0.608
M101,12a152_212,A,114.0,3.143e-10,0.659
M101,12a152_212,A,118.0,2.514e-10,0.697
M101,12a152_212,A,122.0,2.288e-10,0.724
M101,12a152_212,A,126.0,2.467e-10,0.696
M101,12a152_212,A,130.0,2.794e-10,0.702
M101,12a152_212,A,134.0,2.641e-10,0.697
M101,12a152_212,A,138.0,3.947e-10,0.717
M101,12a152_212,A,142.0,3.487e-10,0.677
M101,12a152_212,A,146.0,2.188e-10,0.715
M101,12a152_212,A,150.0,1.669e-10,0.681
M101,12a152_212,A,154.0,1.583e-10,0.591
M101,12a152_212,A,158.0,3.384e-10,0.543
M101,12a152_212,A,162.0,1.973e-10,0.524
M101,12a152_212,A,166.0,1.368e-10,0.515
M101,12a152_212,A,170.0,7.340e-11,0.491
M101,12a152_212,A,174.0,2.041e-10,0.489
M101,12a152_212,A,178.0,2.949e-10,0.571
M101,12a152_212,A,182.0,4.106e-10,0.632
M101,12a152_212,A,186.0,3.063e-10,0.639
M101,12a152_212,A,190.0,1.880e-10,0.636
M101,12a152_212,A,194.0,1.404e-10,0.624
M101,12a152_212,A,198.0,1.981e-10,0.618
M101,12a152_212,A,202.0,2.707e-10,0.659
M101,12a152_212,A,206.0,5.665e-10,0.680
M101,12a152_212,A,210.0,3.081e-10,0.667
M101,12a152_212,A,214.0,8.737e-11,0.618
M101,12a152_212,A,218.0,7.602e-11,0.611
M101,12a152_212,A,222.0,9.943e-11,0.589
M101,12a152_212,A,226.0,5.047e-10,0.610
M101,12a152_212,A,230.0,1.856e-10,0.617
M101,12a152_212,A,234.0,1.538e-10,0.613
M101,12a152_212,A,238.0,1.928e-10,0.616
M101,12a152_212,A,242.0,2.360e-10,0.664
M101,12a152_212,A,246.0,1.080e-10,0.677
M101,12a152_212,A,250.0,1.295e-10,0.707
M101,12a152_212,A,254.0,8.031e-11,0.702
M101,12a152_212,A,258.0,8.710e-11,0.681
M101,12a152_212,A,262.0,7.559e-11,0.678
M101,12a152_212,A,266.0,1.240e-10,0.696
M101,12a152_212,A,270.0,1.614e-10,0.700
M101,12a152_212,A,274.0,3.060e-10,0.699
M101,12a152_212,A,278.0,2.814e-10,0.666
M101,12a152_212,A,282.0,8.875e-11,0.642
M101,12a152_212,A,286.0,1.032e-10,0.603
M101,12a152_212,A,290.0,1.448e-10,0.581
M101,12a152_212,A,294.0,3.688e-11,0.553
M101,12a152_212,A,298.0,2.778e-11,0.518
M101,12a152_212,A,302.0,2.671e-11,0.510
M101,12a152_212,A,306.0,5.229e-11,0.491
M101,12a152_212,A,310.0,2.582e-10,0.490
M101,12a152_212,A,314.0,9.813e-10,0.446
M101,12a152_212,A,318.0,5.844e-11,0.407
M101,12a152_212,A,322.0,2.652e-11,0.386
M101,12a152_212,A,326.0,1.274e-11,0.401
M101,12a152_212,A,330.0,4.497e-11,0.396
M101,12a152_212,A,334.0,1.017e-11,0.440
M101,12a152_212,A,338.0,1.074e-11,0.524
M101,12a152_212,A,342.0,5.048e-11,0.565
M101,12a152_212,A,346.0,4.588e-11,0.589
M101,12a152_212,A,350.0,8.500e-11,0.615
M101,12a152_212,A,354.0,7.204e-11,0.619
M101,12a152_212,A,358.0,9.996e-11,0.591
M101,12a152_212,A,362.0,7.543e-11,0.553
M101,12a152_212,A,366.0,7.320e-11,0.455
M101,12a152_212,A,370.0,8.254e-11,0.361
M101,12a152_212,A,374.0,2.093e-10,0.295
M101,12a152_212,A,378.0,2.768e-11,0.201
M101,12a152_212,A,382.0,1.977e-11,0.145
M101,12a152_212,A,386.0,1.673e-11,0.057
M101,12a152_212,A,390.0,1.915e-11,0.045
M101,12a152_212,A,394.0,1.018e-10,0.051
M101,12a152_212,A,398.0,3.357e-10,0.050
M101,12a152_212,A,402.0,2.312e-10,0.044
M101,12a152_212,A,406.0,8.033e-11,0.033
M101,12a152_212,A,410.0,2.242e-11,0.041
M101,12a152_212,A,414.0,2.876e-12,0.024
M101,12a152_212,A,418.0,1.086e-12,0.017
M101,12a152_212,A,422.0,4.817e-12,0.026
M101,12a152_212,A,426.0,7.726e-12,0.029
M101,12a152_212,A,430.0,2.591e-11,0.029
M101,12a152_212,A,434.0,3.761e-11,0.028
M101,12a152_212,A,438.0,1.264e-11,0.019
M101,12a152_212,A,442.0,7.199e-12,0.017
M101,12a152_212,A,446.0,1.333e-10,0.020
M101,12a152_212,A,450.0,6.152e-11,0.026
M101,12a152_212,A,454.0,1.175e-11,0.023
M101,12a152_212,A,458.0,3.212e-11,0.039
M101,12a152_212,A,462.0,8.951e-11,0.047
M101,12a152_212,A,466.0,7.483e-10,0.042
M101,12a152_212,A,470.0,2.029e-10,0.047
M101,12a152_212,A,474.0,1.631e-10,0.062
M101,12a152_212,A,478.0,6.452e-11,0.061
M101,12a152_212,A,482.0,1.996e-11,0.060
M101,12a152_212,A,486.0,1.539e-11,0.047
M101,12a152_212,A,490.0,2.991e-11,0.024
M101,12a152_212,A,494.0,3.135e-11,0.024
M101,12a152_212,A,498.0,7.470e-12,0.021
M101,12a152_212,A,502.0,1.067e-12,0.013
M101,12a152_212,A,506.0,1.133e-12,0.012
M101,12a152_212,A,510.0,7.793e-11,0.012
M101,12a152_212,A,514.0,2.395e-10,0.013
M101,12a152_212,A,518.0,2.500e-11,0.009
M101,12a152_212,A,522.0,1.256e-11,0.007
M101,12a152_212,A,526.0,7.325e-12,0.007
M101,12a152_212,A,530.0,2.334e-12,0.009
M101,12a152_212,A,534.0,1.218e-12,0.008
M101,12a152_212,A,538.0,1.119e-12,0.006
M101,12a152_212,A,542.0,1.008e-12,0.009
M101,12a152_212,A,546.0,1.483e-11,0.012
M101,12a152_212,A,550.0,1.067e-10,0.011
M101,12a152_212,A,554.0,2.453e-11,0.010
M101,12a152_212,A,558.0,6.813e-12,0.010
M101,12a152_212,A,562.0,5.105e-12,0.011
M101,12a152_212,A,566.0,5.325e-12,0.010
M101,12a152_212,A,570.0,1.568e-11,0.014
M101,12a152_212,A,574.0,6.540e-11,0.017
M101,12a152_212,A,578.0,3.886e-11,0.027
M101,12a152_212,A,582.0,1.315e-11,0.028
M101,12a152_212,A,586.0,6.089e-12,0.024
M101,12a152_212,A,590.0,7.684e-11,0.016
M101,12a152_212,A,594.0,2.929e-11,0.011
M101,12a152_212,A,598.0,4.834e-12,0.012
M101,12a152_212,A,602.0,5.988e-12,0.009
M101,12a152_212,A,606.0,1.452e-11,0.006
M101,12a152_212,A,610.0,2.330e-10,0.007
M101,12a152_212,A,614.0,4.301e-11,0.006
M101,12a152_212,A,618.0,1.028e-12,0.002
M101,12a152_212,A,622.0,3.355e-11,0.005
M101,12a152_212,A,626.0,1.747e-10,0.009
M101,12a152_212,A,630.0,4.214e-11,0.007
M101,12a152_212,A,634.0,3.383e-10,0.004
M101,12a152_212,A,638.0,2.546e-11,0.004
M101,12a152_212,A,642.0,1.806e-13,0.001
M101,12a152_212,A,650.0,1.865e-13,0.001
M101,12a152_212,A,666.0,1.552e-14,0.001
M101,12a152_212,A,670.0,3.692e-12,0.001
M101,12a152_212,A,674.0,6.775e-12,0.002
M101,12a152_212,A,678.0,2.688e-13,0.001
M101,12a152_212,A,682.0,3.370e-13,0.002
M101,12a152_212,A,686.0,6.674e-14,0.002
M101,12a152_212,A,690.0,4.776e-15,0.000
M101,12a152_212,A,694.0,3.234e-15,0.000
M101,12a152_212,A,698.0,4.348e-15,0.001
M101,12a152_212,A,702.0,4.633e-14,0.000
M101,12a152_212,A,710.0,1.476e-14,0.001
M101,12a152_212,A,734.0,1.078e-13,0.001
M101,12a152_212,A,738.0,7.380e-12,0.001
M101,12a152_212,A,742.0,8.523e-12,0.001
M101,12a152_212,A,770.0,2.607e-13,0.000
M101,12a152_212,A,774.0,1.420e-12,0.001
M101,12a152_212,A,778.0,3.929e-15,0.000
M101,12a152_212,B,2.0,5.371e-8,1.000
M101,12a152_212,B,6.0,2.341e-8,1.000
M101,12a152_212,B,10.0,1.309e-8,1.000
M101,12a152_212,B,14.0,9.074e-9,1.000
M101,12a152_212,B,18.0,6.541e-9,1.000
M101,12a152_212,B,22.0,3.972e-9,1.000
M101,12a152_212,B,26.0,2.242e-9,1.000
M101,12a152_212,B,30.0,1.373e-9,1.000
M101,12a152_212,B,34.0,1.033e-9,0.988
M101,12a152_212,B,38.0,1.000e-9,0.994
M101,12a152_212,B,42.0,7.130e-10,0.957
M101,12a152_212,B,46.0,7.426e-10,0.864
M101,12a152_212,B,50.0,1.070e-9,0.868
M101,12a152_212,B,54.0,3.481e-10,0.892
M101,12a152_212,B,58.0,2.340e-10,0.743
M101,12a152_212,B,62.0,1.783e-10,0.605
M101,12a152_212,B,66.0,1.690e-10,0.593
M101,12a152_212,B,70.0,3.571e-10,0.632
M101,12a152_212,B,74.0,5.262e-10,0.673
M101,12a152_212,B,78.0,2.506e-9,0.664
M101,12a152_212,B,82.0,1.092e-9,0.582
M101,12a152_212,B,86.0,1.627e-10,0.580
M101,12a152_212,B,90.0,1.287e-10,0.593
M101,12a152_212,B,94.0,1.148e-10,0.568
M101,12a152_212,B,98.0,1.314e-10,0.494
M101,12a152_212,B,102.0,1.825e-10,0.428
M101,12a152_212,B,106.0,2.460e-10,0.428
M101,12a152_212,B,110.0,1.750e-10,0.443
M101,12a152_212,B,114.0,1.816e-10,0.511
M101,12a152_212,B,118.0,1.160e-10,0.527
M101,12a152_212,B,122.0,9.742e-11,0.545
M101,12a152_212,B,126.0,1.075e-10,0.568
M101,12a152_212,B,130.0,1.265e-10,0.551
M101,12a152_212,B,134.0,1.208e-10,0.560
M101,12a152_212,B,138.0,2.386e-10,0.570
M101,12a152_212,B,142.0,2.120e-10,0.533
M101,12a152_212,B,146.0,1.128e-10,0.510
M101,12a152_212,B,150.0,7.724e-11,0.455
M101,12a152_212,B,154.0,7.150e-11,0.426
M101,12a152_212,B,158.0,2.298e-10,0.427
M101,12a152_212,B,162.0,1.200e-10,0.387
M101,12a152_212,B,166.0,7.436e-11,0.357
M101,12a152_212,B,170.0,2.338e-11,0.325
M101,12a152_212,B,174.0,1.481e-10,0.318
M101,12a152_212,B,178.0,2.046e-10,0.406
M101,12a152_212,B,182.0,2.853e-10,0.460
M101,12a152_212,B,186.0,1.915e-10,0.477
M101,12a152_212,B,190.0,9.601e-11,0.403
M101,12a152_212,B,194.0,6.446e-11,0.429
M101,12a152_212,B,198.0,1.192e-10,0.422
M101,12a152_212,B,202.0,1.778e-10,0.465
M101,12a152_212,B,206.0,4.862e-10,0.503
M101,12a152_212,B,210.0,2.203e-10,0.511
M101,12a152_212,B,214.0,2.776e-11,0.458
M101,12a152_212,B,218.0,2.274e-11,0.424
M101,12a152_212,B,222.0,3.575e-11,0.440
M101,12a152_212,B,226.0,4.311e-10,0.487
M101,12a152_212,B,230.0,1.065e-10,0.485
M101,12a152_212,B,234.0,7.759e-11,0.503
M101,12a152_212,B,238.0,1.301e-10,0.491
M101,12a152_212,B,242.0,1.770e-10,0.509
M101,12a152_212,B,246.0,4.599e-11,0.491
M101,12a152_212,B,250.0,6.734e-11,0.497
M101,12a152_212,B,254.0,2.497e-11,0.497
M101,12a152_212,B,258.0,3.467e-11,0.457
M101,12a152_212,B,262.0,2.554e-11,0.384
M101,12a152_212,B,266.0,6.551e-11,0.264
M101,12a152_212,B,270.0,1.054e-10,0.230
M101,12a152_212,B,274.0,2.542e-10,0.194
M101,12a152_212,B,278.0,2.347e-10,0.126
M101,12a152_212,B,282.0,4.224e-11,0.101
M101,12a152_212,B,286.0,6.560e-11,0.085
M101,12a152_212,B,290.0,1.143e-10,0.077
M101,12a152_212,B,294.0,1.395e-11,0.059
M101,12a152_212,B,298.0,1.272e-11,0.049
M101,12a152_212,B,302.0,1.478e-11,0.036
M101,12a152_212,B,306.0,4.138e-11,0.032
M101,12a152_212,B,310.0,2.454e-10,0.043
M101,12a152_212,B,314.0,9.707e-10,0.040
M101,12a152_212,B,318.0,4.353e-11,0.026
M101,12a152_212,B,322.0,1.709e-11,0.015
M101,12a152_212,B,326.0,5.947e-12,0.016
M101,12a152_212,B,330.0,4.035e-11,0.012
M101,12a152_212,B,334.0,7.087e-12,0.009
M101,12a152_212,B,338.0,5.556e-12,0.021
M101,12a152_212,B,342.0,3.532e-11,0.033
M101,12a152_212,B,346.0,3.070e-11,0.027
M101,12a152_212,B,350.0,6.766e-11,0.035
M101,12a152_212,B,354.0,5.161e-11,0.037
M101,12a152_212,B,358.0,7.747e-11,0.042
M101,12a152_212,B,362.0,6.404e-11,0.036
M101,12a152_212,B,366.0,6.040e-11,0.029
M101,12a152_212,B,370.0,7.506e-11,0.030
M101,12a152_212,B,374.0,1.966e-10,0.037
M101,12a152_212,B,378.0,1.980e-11,0.026
M101,12a152_212,B,382.0,1.232e-11,0.026
M101,12a152_212,B,386.0,9.177e-12,0.021
M101,12a152_212,B,390.0,1.218e-11,0.026
M101,12a152_212,B,394.0,8.923e-11,0.033
M101,12a152_212,B,398.0,3.218e-10,0.039
M101,12a152_212,B,402.0,2.139e-10,0.034
M101,12a152_212,B,406.0,7.261e-11,0.022
M101,12a152_212,B,410.0,1.409e-11,0.023
M101,12a152_212,B,414.0,8.088e-13,0.015
M101,12a152_212,B,418.0,1.986e-13,0.007
M101,12a152_212,B,422.0,2.077e-12,0.013
M101,12a152_212,B,426.0,3.367e-12,0.015
M101,12a152_212,B,430.0,1.865e-11,0.016
M101,12a152_212,B,434.0,3.040e-11,0.016
M101,12a152_212,B,438.0,1.087e-11,0.008
M101,12a152_212,B,442.0,4.382e-12,0.008
M101,12a152_212,B,446.0,1.301e-10,0.012
M101,12a152_212,B,450.0,5.863e-11,0.012
M101,12a152_212,B,454.0,7.527e-12,0.010
M101,12a152_212,B,458.0,2.469e-11,0.025
M101,12a152_212,B,462.0,7.524e-11,0.033
M101,12a152_212,B,466.0,7.330e-10,0.033
M101,12a152_212,B,470.0,1.856e-10,0.032
M101,12a152_212,B,474.0,1.465e-10,0.040
M101,12a152_212,B,478.0,4.499e-11,0.036
M101,12a152_212,B,482.0,9.168e-12,0.037
M101,12a152_212,B,486.0,7.547e-12,0.022
M101,12a152_212,B,490.0,2.560e-11,0.013
M101,12a152_212,B,494.0,2.423e-11,0.019
M101,12a152_212,B,498.0,3.431e-12,0.013
M101,12a152_212,B,502.0,2.964e-13,0.005
M101,12a152_212,B,506.0,3.298e-13,0.006
M101,12a152_212,B,510.0,7.594e-11,0.006
M101,12a152_212,B,514.0,2.380e-10,0.007
M101,12a152_212,B,518.0,2.163e-11,0.008
M101,12a152_212,B,522.0,1.033e-11,0.004
M101,12a152_212,B,526.0,5.195e-12,0.005
M101,12a152_212,B,530.0,1.117e-12,0.004
M101,12a152_212,B,534.0,4.067e-13,0.005
M101,12a152_212,B,538.0,5.039e-13,0.002
M101,12a152_212,B,542.0,3.565e-13,0.003
M101,12a152_212,B,546.0,1.196e-11,0.009
M101,12a152_212,B,550.0,1.049e-10,0.006
M101,12a152_212,B,554.0,2.285e-11,0.007
M101,12a152_212,B,558.0,4.501e-12,0.005
M101,12a152_212,B,562.0,2.420e-12,0.008
M101,12a152_212,B,566.0,2.683e-12,0.005
M101,12a152_212,B,570.0,1.019e-11,0.010
M101,12a152_212,B,574.0,6.016e-11,0.013
M101,12a152_212,B,578.0,3.147e-11,0.019
M101,12a152_212,B,582.0,8.039e-12,0.018
M101,12a152_212,B,586.0,2.684e-12,0.014
M101,12a152_212,B,590.0,7.539e-11,0.008
M101,12a152_212,B,594.0,2.846e-11,0.004
M101,12a152_212,B,598.0,2.285e-12,0.008
M101,12a152_212,B,602.0,4.559e-12,0.005
M101,12a152_212,B,606.0,1.307e-11,0.005
M101,12a152_212,B,610.0,2.314e-10,0.006
M101,12a152_212,B,614.0,4.149e-11,0.003
M101,12a152_212,B,618.0,5.199e-13,0.001
M101,12a152_212,B,622.0,3.214e-11,0.004
M101,12a152_212,B,626.0,1.723e-10,0.007
M101,12a152_212,B,630.0,3.957e-11,0.005
M101,12a152_212,B,634.0,3.372e-10,0.003
M101,12a152_212,B,638.0,2.370e-11,0.002
M101,12a152_212,B,642.0,7.451e-14,0.000
M101,12a152_212,B,650.0,6.999e-14,0.001
M101,12a152_212,B,670.0,3.541e-12,0.001
M101,12a152_212,B,674.0,5.788e-12,0.002
M101,12a152_212,B,678.0,1.191e-13,0.001
M101,12a152_212,B,682.0,1.038e-13,0.002
M101,12a152_212,B,686.0,4.095e-15,0.001
M101,12a152_212,B,702.0,1.003e-14,0.000
M101,12a152_212,B,710.0,6.501e-17,0.000
M101,12a152_212,B,734.0,3.844e-14,0.000
M101,12a152_212,B,738.0,6.993e-12,0.001
M101,12a152_212,B,742.0,7.513e-12,0.001
M101,12a152_212,B,770.0,1.269e-13,0.000
M101,12a152_212,B,774.0,7.539e-13,0.001
M101,18a158_220,A,2.0,5.543e-8,1.000
M101,18a158_220,A,6.0,2.140e-8,1.000
M101,18a158_220,A,10.0,1.275e-8,1.000
M101,18a158_220,A,14.0,9.196e-9,1.000
M101,18a158_220,A,18.0,7.083e-9,1.000
M101,18a158_220,A,22.0,5.303e-9,1.000
M101,18a158_220,A,26.0,4.055e-9,1.000
M101,18a158_220,A,30.0,3.171e-9,1.000
M101,18a158_220,A,34.0,2.739e-9,1.000
M101,18a158_220,A,38.0,2.481e-9,1.000
M101,18a158_220,A,42.0,2.116e-9,1.000
M101,18a158_220,A,46.0,2.083e-9,0.983
M101,18a158_220,A,50.0,2.035e-9,0.983
M101,18a158_220,A,54.0,1.496e-9,0.986
M101,18a158_220,A,58.0,1.008e-9,0.932
M101,18a158_220,A,62.0,7.758e-10,0.904
M101,18a158_220,A,66.0,7.497e-10,0.887
M101,18a158_220,A,70.0,1.067e-9,0.848
M101,18a158_220,A,74.0,1.360e-9,0.851
M101,18a158_220,A,78.0,3.104e-9,0.855
M101,18a158_220,A,82.0,1.841e-9,0.834
M101,18a158_220,A,86.0,7.897e-10,0.844
M101,18a158_220,A,90.0,6.441e-10,0.802
M101,18a158_220,A,94.0,6.180e-10,0.860
M101,18a158_220,A,98.0,5.672e-10,0.796
M101,18a158_220,A,102.0,5.462e-10,0.722
M101,18a158_220,A,106.0,6.351e-10,0.800
M101,18a158_220,A,110.0,6.091e-10,0.816
M101,18a158_220,A,114.0,5.814e-10,0.840
M101,18a158_220,A,118.0,5.360e-10,0.832
M101,18a158_220,A,122.0,5.278e-10,0.862
M101,18a158_220,A,126.0,5.511e-10,0.820
M101,18a158_220,A,130.0,5.709e-10,0.823
M101,18a158_220,A,134.0,6.250e-10,0.839
M101,18a158_220,A,138.0,6.525e-10,0.816
M101,18a158_220,A,142.0,6.595e-10,0.845
M101,18a158_220,A,146.0,4.842e-10,0.866
M101,18a158_220,A,150.0,3.943e-10,0.840
M101,18a158_220,A,154.0,3.814e-10,0.790
M101,18a158_220,A,158.0,5.442e-10,0.734
M101,18a158_220,A,162.0,3.403e-10,0.698
M101,18a158_220,A,166.0,3.371e-10,0.740
M101,18a158_220,A,170.0,2.126e-10,0.732
M101,18a158_220,A,174.0,3.386e-10,0.740
M101,18a158_220,A,178.0,4.682e-10,0.768
M101,18a158_220,A,182.0,6.340e-10,0.806
M101,18a158_220,A,186.0,5.319e-10,0.802
M101,18a158_220,A,190.0,3.949e-10,0.793
M101,18a158_220,A,194.0,2.978e-10,0.812
M101,18a158_220,A,198.0,3.980e-10,0.810
M101,18a158_220,A,202.0,4.647e-10,0.814
M101,18a158_220,A,206.0,6.443e-10,0.829
M101,18a158_220,A,210.0,5.892e-10,0.839
M101,18a158_220,A,214.0,2.574e-10,0.803
M101,18a158_220,A,218.0,2.328e-10,0.811
M101,18a158_220,A,222.0,2.679e-10,0.797
M101,18a158_220,A,226.0,5.736e-10,0.775
M101,18a158_220,A,230.0,4.522e-10,0.778
M101,18a158_220,A,234.0,3.385e-10,0.769
M101,18a158_220,A,238.0,3.406e-10,0.783
M101,18a158_220,A,242.0,4.294e-10,0.797
M101,18a158_220,A,246.0,2.873e-10,0.800
M101,18a158_220,A,250.0,2.799e-10,0.860
M101,18a158_220,A,254.0,2.550e-10,0.874
M101,18a158_220,A,258.0,2.537e-10,0.860
M101,18a158_220,A,262.0,2.359e-10,0.834
M101,18a158_220,A,266.0,2.869e-10,0.843
M101,18a158_220,A,270.0,3.131e-10,0.850
M101,18a158_220,A,274.0,4.847e-10,0.837
M101,18a158_220,A,278.0,3.845e-10,0.819
M101,18a158_220,A,282.0,2.192e-10,0.815
M101,18a158_220,A,286.0,2.134e-10,0.786
M101,18a158_220,A,290.0,2.402e-10,0.775
M101,18a158_220,A,294.0,1.326e-10,0.764
M101,18a158_220,A,298.0,1.080e-10,0.763
M101,18a158_220,A,302.0,9.455e-11,0.749
M101,18a158_220,A,306.0,1.156e-10,0.744
M101,18a158_220,A,310.0,5.519e-10,0.762
M101,18a158_220,A,314.0,6.708e-10,0.746
M101,18a158_220,A,318.0,1.107e-10,0.712
M101,18a158_220,A,322.0,7.155e-11,0.653
M101,18a158_220,A,326.0,5.504e-11,0.672
M101,18a158_220,A,330.0,9.465e-11,0.681
M101,18a158_220,A,334.0,5.717e-11,0.711
M101,18a158_220,A,338.0,6.996e-11,0.775
M101,18a158_220,A,342.0,1.152e-10,0.816
M101,18a158_220,A,346.0,1.026e-10,0.853
M101,18a158_220,A,350.0,1.569e-10,0.871
M101,18a158_220,A,354.0,1.400e-10,0.888
M101,18a158_220,A,358.0,1.673e-10,0.888
M101,18a158_220,A,362.0,1.427e-10,0.888
M101,18a158_220,A,366.0,1.311e-10,0.888
M101,18a158_220,A,370.0,1.330e-10,0.884
M101,18a158_220,A,374.0,2.664e-10,0.860
M101,18a158_220,A,378.0,7.144e-11,0.855
M101,18a158_220,A,382.0,6.403e-11,0.859
M101,18a158_220,A,386.0,5.958e-11,0.841
M101,18a158_220,A,390.0,7.200e-11,0.835
M101,18a158_220,A,394.0,1.212e-10,0.826
M101,18a158_220,A,398.0,4.104e-10,0.813
M101,18a158_220,A,402.0,2.419e-10,0.808
M101,18a158_220,A,406.0,1.172e-10,0.820
M101,18a158_220,A,410.0,5.075e-11,0.840
M101,18a158_220,A,414.0,2.904e-11,0.837
M101,18a158_220,A,418.0,2.141e-11,0.811
M101,18a158_220,A,422.0,2.745e-11,0.820
M101,18a158_220,A,426.0,3.279e-11,0.838
M101,18a158_220,A,430.0,4.673e-11,0.822
M101,18a158_220,A,434.0,6.705e-11,0.814
M101,18a158_220,A,438.0,2.344e-11,0.802
M101,18a158_220,A,442.0,2.251e-11,0.794
M101,18a158_220,A,446.0,1.729e-10,0.789
M101,18a158_220,A,450.0,4.912e-11,0.797
M101,18a158_220,A,454.0,2.977e-11,0.798
M101,18a158_220,A,458.0,5.394e-11,0.801
M101,18a158_220,A,462.0,1.354e-10,0.799
M101,18a158_220,A,466.0,6.500e-10,0.817
M101,18a158_220,A,470.0,2.073e-10,0.814
M101,18a158_220,A,474.0,1.853e-10,0.824
M101,18a158_220,A,478.0,9.249e-11,0.821
M101,18a158_220,A,482.0,4.965e-11,0.807
M101,18a158_220,A,486.0,3.231e-11,0.777
M101,18a158_220,A,490.0,3.808e-11,0.746
M101,18a158_220,A,494.0,4.215e-11,0.734
M101,18a158_220,A,498.0,1.792e-11,0.700
M101,18a158_220,A,502.0,5.552e-12,0.682
M101,18a158_220,A,506.0,5.327e-12,0.679
M101,18a158_220,A,510.0,1.160e-10,0.663
M101,18a158_220,A,514.0,1.946e-10,0.616
M101,18a158_220,A,518.0,3.026e-11,0.538
M101,18a158_220,A,522.0,1.573e-11,0.414
M101,18a158_220,A,526.0,1.115e-11,0.360
M101,18a158_220,A,530.0,4.908e-12,0.296
M101,18a158_220,A,534.0,4.225e-12,0.234
M101,18a158_220,A,538.0,3.381e-12,0.185
M101,18a158_220,A,542.0,4.042e-12,0.154
M101,18a158_220,A,546.0,1.363e-11,0.130
M101,18a158_220,A,550.0,1.263e-10,0.103
M101,18a158_220,A,554.0,1.597e-11,0.055
M101,18a158_220,A,558.0,1.062e-11,0.026
M101,18a158_220,A,562.0,1.349e-11,0.024
M101,18a158_220,A,566.0,8.003e-12,0.021
M101,18a158_220,A,570.0,2.124e-11,0.026
M101,18a158_220,A,574.0,7.614e-11,0.030
M101,18a158_220,A,578.0,4.439e-11,0.045
M101,18a158_220,A,582.0,2.697e-11,0.046
M101,18a158_220,A,586.0,1.357e-11,0.045
M101,18a158_220,A,590.0,7.680e-11,0.036
M101,18a158_220,A,594.0,2.977e-11,0.034
M101,18a158_220,A,598.0,8.367e-12,0.021
M101,18a158_220,A,602.0,7.804e-12,0.020
M101,18a158_220,A,606.0,1.739e-11,0.018
M101,18a158_220,A,610.0,2.237e-10,0.012
M101,18a158_220,A,614.0,3.844e-11,0.011
M101,18a158_220,A,618.0,2.358e-12,0.007
M101,18a158_220,A,622.0,5.036e-11,0.012
M101,18a158_220,A,626.0,1.705e-10,0.016
M101,18a158_220,A,630.0,3.451e-11,0.013
M101,18a158_220,A,634.0,2.351e-10,0.006
M101,18a158_220,A,638.0,5.271e-11,0.007
M101,18a158_220,A,642.0,2.165e-13,0.003
M101,18a158_220,A,646.0,6.042e-14,0.001
M101,18a158_220,A,650.0,5.213e-13,0.001
M101,18a158_220,A,654.0,5.403e-15,0.001
M101,18a158_220,A,658.0,5.953e-15,0.001
M101,18a158_220,A,662.0,3.527e-15,0.000
M101,18a158_220,A,666.0,1.097e-13,0.001
M101,18a158_220,A,670.0,3.030e-12,0.003
M101,18a158_220,A,674.0,8.138e-12,0.006
M101,18a158_220,A,678.0,1.052e-12,0.003
M101,18a158_220,A,682.0,1.064e-12,0.004
M101,18a158_220,A,686.0,3.312e-13,0.003
M101,18a158_220,A,690.0,1.433e-14,0.001
M101,18a158_220,A,694.0,1.000e-13,0.001
M101,18a158_220,A,698.0,9.303e-14,0.001
M101,18a158_220,A,702.0,1.957e-15,0.000
M101,18a158_220,A,706.0,8.783e-14,0.002
M101,18a158_220,A,710.0,8.721e-14,0.001
M101,18a158_220,A,714.0,2.567e-15,0.001
M101,18a158_220,A,718.0,1.480e-15,0.000
M101,18a158_220,A,722.0,2.363e-15,0.001
M101,18a158_220,A,726.0,5.571e-16,0.000
M101,18a158_220,A,730.0,6.954e-16,0.000
M101,18a158_220,A,734.0,3.864e-14,0.001
M101,18a158_220,A,738.0,7.803e-12,0.002
M101,18a158_220,A,742.0,8.645e-12,0.001
M101,18a158_220,A,746.0,3.010e-14,0.000
M101,18a158_220,A,750.0,5.510e-17,0.000
M101,18a158_220,A,754.0,1.816e-16,0.000
M101,18a158_220,A,770.0,1.260e-15,0.000
M101,18a158_220,A,774.0,3.278e-12,0.002
M101,18a158_220,A,778.0,5.287e-14,0.000
M101,18a158_220,A,782.0,1.169e-15,0.000
M101,18a158_220,B,2.0,5.543e-8,1.000
M101,18a158_220,B,6.0,2.140e-8,1.000
M101,18a158_220,B,10.0,1.275e-8,1.000
M101,18a158_220,B,14.0,9.196e-9,1.000
M101,18a158_220,B,18.0,7.083e-9,1.000
M101,18a158_220,B,22.0,5.294e-9,1.000
M101,18a158_220,B,26.0,3.882e-9,1.000
M101,18a158_220,B,30.0,2.849e-9,1.000
M101,18a158_220,B,34.0,2.293e-9,1.000
M101,18a158_220,B,38.0,1.996e-9,1.000
M101,18a158_220,B,42.0,1.627e-9,0.995
M101,18a158_220,B,46.0,1.668e-9,0.962
M101,18a158_220,B,50.0,1.594e-9,0.963
M101,18a158_220,B,54.0,1.023e-9,0.972
M101,18a158_220,B,58.0,6.506e-10,0.870
M101,18a158_220,B,62.0,4.837e-10,0.812
M101,18a158_220,B,66.0,4.746e-10,0.828
M101,18a158_220,B,70.0,7.438e-10,0.784
M101,18a158_220,B,74.0,1.013e-9,0.787
M101,18a158_220,B,78.0,2.762e-9,0.797
M101,18a158_220,B,82.0,1.505e-9,0.762
M101,18a158_220,B,86.0,4.479e-10,0.755
M101,18a158_220,B,90.0,3.717e-10,0.750
M101,18a158_220,B,94.0,3.625e-10,0.785
M101,18a158_220,B,98.0,3.587e-10,0.695
M101,18a158_220,B,102.0,3.544e-10,0.632
M101,18a158_220,B,106.0,4.392e-10,0.665
M101,18a158_220,B,110.0,4.107e-10,0.695
M101,18a158_220,B,114.0,3.872e-10,0.729
M101,18a158_220,B,118.0,3.290e-10,0.763
M101,18a158_220,B,122.0,3.025e-10,0.776
M101,18a158_220,B,126.0,3.260e-10,0.733
M101,18a158_220,B,130.0,3.444e-10,0.732
M101,18a158_220,B,134.0,3.769e-10,0.768
M101,18a158_220,B,138.0,4.298e-10,0.745
M101,18a158_220,B,142.0,4.531e-10,0.765
M101,18a158_220,B,146.0,2.876e-10,0.788
M101,18a158_220,B,150.0,2.143e-10,0.743
M101,18a158_220,B,154.0,2.186e-10,0.668
M101,18a158_220,B,158.0,3.889e-10,0.629
M101,18a158_220,B,162.0,2.031e-10,0.578
M101,18a158_220,B,166.0,2.109e-10,0.575
M101,18a158_220,B,170.0,1.011e-10,0.567
M101,18a158_220,B,174.0,2.238e-10,0.571
M101,18a158_220,B,178.0,3.293e-10,0.648
M101,18a158_220,B,182.0,4.731e-10,0.690
M101,18a158_220,B,186.0,3.672e-10,0.712
M101,18a158_220,B,190.0,2.520e-10,0.693
M101,18a158_220,B,194.0,1.639e-10,0.700
M101,18a158_220,B,198.0,2.538e-10,0.693
M101,18a158_220,B,202.0,3.103e-10,0.733
M101,18a158_220,B,206.0,4.978e-10,0.741
M101,18a158_220,B,210.0,4.440e-10,0.733
M101,18a158_220,B,214.0,1.286e-10,0.686
M101,18a158_220,B,218.0,1.128e-10,0.679
M101,18a158_220,B,222.0,1.458e-10,0.662
M101,18a158_220,B,226.0,4.410e-10,0.676
M101,18a158_220,B,230.0,3.175e-10,0.673
M101,18a158_220,B,234.0,2.005e-10,0.670
M101,18a158_220,B,238.0,2.113e-10,0.689
M101,18a158_220,B,242.0,2.974e-10,0.725
M101,18a158_220,B,246.0,1.615e-10,0.739
M101,18a158_220,B,250.0,1.490e-10,0.767
M101,18a158_220,B,254.0,1.236e-10,0.774
M101,18a158_220,B,258.0,1.266e-10,0.757
M101,18a158_220,B,262.0,1.120e-10,0.743
M101,18a158_220,B,266.0,1.641e-10,0.756
M101,18a158_220,B,270.0,1.953e-10,0.755
M101,18a158_220,B,274.0,3.802e-10,0.757
M101,18a158_220,B,278.0,2.855e-10,0.747
M101,18a158_220,B,282.0,1.235e-10,0.719
M101,18a158_220,B,286.0,1.293e-10,0.665
M101,18a158_220,B,290.0,1.589e-10,0.645
M101,18a158_220,B,294.0,6.201e-11,0.628
M101,18a158_220,B,298.0,4.642e-11,0.611
M101,18a158_220,B,302.0,4.204e-11,0.607
M101,18a158_220,B,306.0,6.333e-11,0.588
M101,18a158_220,B,310.0,4.999e-10,0.604
M101,18a158_220,B,314.0,6.237e-10,0.568
M101,18a158_220,B,318.0,6.966e-11,0.538
M101,18a158_220,B,322.0,3.503e-11,0.485
M101,18a158_220,B,326.0,1.676e-11,0.504
M101,18a158_220,B,330.0,5.809e-11,0.529
M101,18a158_220,B,334.0,1.899e-11,0.584
M101,18a158_220,B,338.0,2.444e-11,0.660
M101,18a158_220,B,342.0,6.089e-11,0.696
M101,18a158_220,B,346.0,5.297e-11,0.717
M101,18a158_220,B,350.0,1.057e-10,0.745
M101,18a158_220,B,354.0,8.764e-11,0.782
M101,18a158_220,B,358.0,1.141e-10,0.794
M101,18a158_220,B,362.0,8.928e-11,0.804
M101,18a158_220,B,366.0,8.251e-11,0.779
M101,18a158_220,B,370.0,8.795e-11,0.763
M101,18a158_220,B,374.0,2.246e-10,0.749
M101,18a158_220,B,378.0,2.851e-11,0.736
M101,18a158_220,B,382.0,2.517e-11,0.722
M101,18a158_220,B,386.0,2.403e-11,0.685
M101,18a158_220,B,390.0,3.551e-11,0.681
M101,18a158_220,B,394.0,8.609e-11,0.670
M101,18a158_220,B,398.0,3.732e-10,0.654
M101,18a158_220,B,402.0,2.095e-10,0.634
M101,18a158_220,B,406.0,9.151e-11,0.618
M101,18a158_220,B,410.0,2.208e-11,0.617
M101,18a158_220,B,414.0,5.308e-12,0.530
M101,18a158_220,B,418.0,2.281e-12,0.407
M101,18a158_220,B,422.0,7.345e-12,0.344
M101,18a158_220,B,426.0,1.040e-11,0.317
M101,18a158_220,B,430.0,2.714e-11,0.300
M101,18a158_220,B,434.0,4.886e-11,0.252
M101,18a158_220,B,438.0,8.764e-12,0.176
M101,18a158_220,B,442.0,8.414e-12,0.083
M101,18a158_220,B,446.0,1.591e-10,0.028
M101,18a158_220,B,450.0,3.552e-11,0.029
M101,18a158_220,B,454.0,1.629e-11,0.041
M101,18a158_220,B,458.0,3.673e-11,0.048
M101,18a158_220,B,462.0,1.154e-10,0.053
M101,18a158_220,B,466.0,6.352e-10,0.054
M101,18a158_220,B,470.0,1.946e-10,0.057
M101,18a158_220,B,474.0,1.657e-10,0.076
M101,18a158_220,B,478.0,7.154e-11,0.078
M101,18a158_220,B,482.0,2.989e-11,0.073
M101,18a158_220,B,486.0,1.977e-11,0.057
M101,18a158_220,B,490.0,3.100e-11,0.034
M101,18a158_220,B,494.0,3.406e-11,0.028
M101,18a158_220,B,498.0,9.717e-12,0.026
M101,18a158_220,B,502.0,1.791e-12,0.019
M101,18a158_220,B,506.0,1.900e-12,0.017
M101,18a158_220,B,510.0,1.136e-10,0.016
M101,18a158_220,B,514.0,1.914e-10,0.014
M101,18a158_220,B,518.0,2.703e-11,0.011
M101,18a158_220,B,522.0,1.370e-11,0.009
M101,18a158_220,B,526.0,8.418e-12,0.012
M101,18a158_220,B,530.0,3.032e-12,0.012
M101,18a158_220,B,534.0,1.960e-12,0.012
M101,18a158_220,B,538.0,2.085e-12,0.007
M101,18a158_220,B,542.0,1.922e-12,0.011
M101,18a158_220,B,546.0,1.048e-11,0.017
M101,18a158_220,B,550.0,1.235e-10,0.015
M101,18a158_220,B,554.0,1.334e-11,0.011
M101,18a158_220,B,558.0,8.329e-12,0.013
M101,18a158_220,B,562.0,8.688e-12,0.013
M101,18a158_220,B,566.0,5.534e-12,0.012
M101,18a158_220,B,570.0,1.616e-11,0.019
M101,18a158_220,B,574.0,7.155e-11,0.019
M101,18a158_220,B,578.0,3.790e-11,0.032
M101,18a158_220,B,582.0,1.862e-11,0.034
M101,18a158_220,B,586.0,7.391e-12,0.030
M101,18a158_220,B,590.0,7.394e-11,0.022
M101,18a158_220,B,594.0,2.749e-11,0.017
M101,18a158_220,B,598.0,5.529e-12,0.013
M101,18a158_220,B,602.0,6.125e-12,0.012
M101,18a158_220,B,606.0,1.570e-11,0.009
M101,18a158_220,B,610.0,2.221e-10,0.008
M101,18a158_220,B,614.0,3.739e-11,0.007
M101,18a158_220,B,618.0,1.601e-12,0.004
M101,18a158_220,B,622.0,4.935e-11,0.006
M101,18a158_220,B,626.0,1.690e-10,0.010
M101,18a158_220,B,630.0,3.246e-11,0.008
M101,18a158_220,B,634.0,2.347e-10,0.004
M101,18a158_220,B,638.0,5.177e-11,0.005
M101,18a158_220,B,642.0,6.911e-14,0.002
M101,18a158_220,B,646.0,1.905e-14,0.000
M101,18a158_220,B,650.0,2.655e-13,0.001
M101,18a158_220,B,666.0,3.526e-14,0.001
M101,18a158_220,B,670.0,2.688e-12,0.002
M101,18a158_220,B,674.0,7.763e-12,0.003
M101,18a158_220,B,678.0,6.892e-13,0.001
M101,18a158_220,B,682.0,4.882e-13,0.003
M101,18a158_220,B,686.0,1.139e-13,0.002
M101,18a158_220,B,690.0,1.255e-15,0.000
M101,18a158_220,B,694.0,4.285e-14,0.000
M101,18a158_220,B,698.0,2.882e-14,0.001
M101,18a158_220,B,706.0,2.422e-14,0.001
M101,18a158_220,B,710.0,3.091e-14,0.001
M101,18a158_220,B,734.0,7.732e-15,0.000
M101,18a158_220,B,738.0,7.764e-12,0.002
M101,18a158_220,B,742.0,7.956e-12,0.001
M101,18a158_220,B,746.0,8.078e-15,0.000
M101,18a158_220,B,774.0,3.093e-12,0.002
M101,18a158_220,B,778.0,1.943e-14,0.000
NGC205,18a66_212,A,2.0,1.305e-8,1.000
NGC205,18a66_212,A,10.0,1.480e-8,1.000
NGC205,18a66_212,A,14.0,1.135e-8,1.000
NGC205,18a66_212,A,18.0,9.205e-9,1.000
NGC205,18a66_212,A,22.0,8.624e-9,1.000
NGC205,18a66_212,A,26.0,7.434e-9,1.000
NGC205,18a66_212,A,30.0,5.961e-9,1.000
NGC205,18a66_212,A,34.0,4.933e-9,1.000
NGC205,18a66_212,A,38.0,4.019e-9,1.000
NGC205,18a66_212,A,42.0,3.410e-9,1.000
NGC205,18a66_212,A,46.0,2.749e-9,1.000
NGC205,18a66_212,A,50.0,2.130e-9,1.000
NGC205,18a66_212,A,54.0,1.782e-9,1.000
NGC205,18a66_212,A,58.0,1.219e-9,1.000
NGC205,18a66_212,A,62.0,1.488e-9,1.000
NGC205,18a66_212,A,66.0,7.215e-10,1.000
NGC205,18a66_212,A,70.0,5.626e-10,1.000
NGC205,18a66_212,A,74.0,5.027e-10,1.000
NGC205,18a66_212,A,78.0,6.689e-10,1.000
NGC205,18a66_212,A,82.0,3.722e-10,0.958
NGC205,18a66_212,A,86.0,3.174e-10,0.917
NGC205,18a66_212,A,90.0,2.736e-10,0.903
NGC205,18a66_212,A,94.0,2.135e-10,0.786
NGC205,18a66_212,A,98.0,2.022e-10,0.792
NGC205,18a66_212,A,102.0,1.775e-10,0.761
NGC205,18a66_212,A,106.0,1.276e-10,0.713
NGC205,18a66_212,A,110.0,1.051e-10,0.640
NGC205,18a66_212,A,114.0,1.644e-10,0.598
NGC205,18a66_212,A,118.0,6.482e-11,0.511
NGC205,18a66_212,A,122.0,5.536e-11,0.519
NGC205,18a66_212,A,126.0,5.067e-11,0.441
NGC205,18a66_212,A,130.0,8.084e-11,0.389
NGC205,18a66_212,A,134.0,4.106e-11,0.400
NGC205,18a66_212,A,138.0,6.005e-11,0.336
NGC205,18a66_212,A,142.0,3.752e-11,0.338
NGC205,18a66_212,A,146.0,3.876e-10,0.364
NGC205,18a66_212,A,150.0,1.285e-9,0.234
NGC205,18a66_212,A,154.0,6.440e-11,0.250
NGC205,18a66_212,A,158.0,3.583e-11,0.250
NGC205,18a66_212,A,162.0,5.207e-12,0.189
NGC205,18a66_212,A,166.0,8.581e-11,0.175
NGC205,18a66_212,A,170.0,3.781e-12,0.161
NGC205,18a66_212,A,174.0,1.509e-11,0.179
NGC205,18a66_212,A,178.0,5.355e-11,0.165
NGC205,18a66_212,A,182.0,1.685e-11,0.094
NGC205,18a66_212,A,186.0,1.687e-12,0.090
NGC205,18a66_212,A,190.0,2.158e-12,0.090
NGC205,18a66_212,A,194.0,7.990e-11,0.097
NGC205,18a66_212,A,198.0,2.038e-12,0.104
NGC205,18a66_212,A,202.0,1.176e-12,0.074
NGC205,18a66_212,A,206.0,1.294e-12,0.061
NGC205,18a66_212,A,210.0,9.926e-13,0.060
NGC205,18a66_212,A,214.0,1.862e-12,0.087
NGC205,18a66_212,A,218.0,1.339e-12,0.054
NGC205,18a66_212,A,222.0,8.433e-11,0.059
NGC205,18a66_212,A,226.0,9.513e-12,0.060
NGC205,18a66_212,A,230.0,2.448e-11,0.036
NGC205,18a66_212,A,234.0,1.200e-10,0.048
NGC205,18a66_212,A,238.0,1.270e-11,0.045
NGC205,18a66_212,A,242.0,2.185e-10,0.044
NGC205,18a66_212,A,246.0,1.041e-9,0.028
NGC205,18a66_212,A,250.0,7.771e-11,0.029
NGC205,18a66_212,A,254.0,1.348e-10,0.025
NGC205,18a66_212,A,258.0,4.650e-11,0.017
NGC205,18a66_212,A,262.0,4.897e-11,0.036
NGC205,18a66_212,A,266.0,7.441e-12,0.008
NGC205,18a66_212,A,270.0,4.045e-11,0.021
NGC205,18a66_212,A,274.0,6.911e-10,0.020
NGC205,18a66_212,A,278.0,5.575e-11,0.028
NGC205,18a66_212,A,282.0,6.703e-11,0.016
NGC205,18a66_212,A,286.0,4.922e-11,0.017
NGC205,18a66_212,A,290.0,2.470e-10,0.026
NGC205,18a66_212,A,294.0,1.367e-10,0.014
NGC205,18a66_212,A,298.0,5.732e-11,0.017
NGC205,18a66_212,A,302.0,2.633e-11,0.007
NGC205,18a66_212,A,306.0,1.223e-10,0.007
NGC205,18a66_212,A,310.0,1.831e-10,0.022
NGC205,18a66_212,A,314.0,5.378e-12,0.017
NGC205,18a66_212,A,318.0,4.409e-12,0.018
NGC205,18a66_212,A,322.0,1.043e-10,0.022
NGC205,18a66_212,A,326.0,1.135e-9,0.028
NGC205,18a66_212,A,330.0,7.827e-10,0.037
NGC205,18a66_212,A,334.0,1.542e-9,0.047
NGC205,18a66_212,A,338.0,2.951e-10,0.020
NGC205,18a66_212,A,342.0,2.173e-11,0.009
NGC205,18a66_212,A,346.0,3.071e-10,0.026
NGC205,18a66_212,A,350.0,5.453e-10,0.043
NGC205,18a66_212,A,354.0,7.060e-10,0.028
NGC205,18a66_212,A,358.0,5.027e-10,0.032
NGC205,18a66_212,A,362.0,2.883e-10,0.032
NGC205,18a66_212,A,366.0,2.304e-11,0.017
NGC205,18a66_212,A,370.0,2.210e-11,0.014
NGC205,18a66_212,A,374.0,1.116e-10,0.015
NGC205,18a66_212,A,378.0,6.700e-11,0.018
NGC205,18a66_212,A,382.0,5.918e-10,0.009
NGC205,18a66_212,A,390.0,1.809e-10,0.019
NGC205,18a66_212,A,394.0,8.725e-11,0.011
NGC205,18a66_212,A,398.0,2.545e-10,0.009
NGC205,18a66_212,A,402.0,2.618e-11,0.008
NGC205,18a66_212,A,406.0,2.512e-11,0.019
NGC205,18a66_212,A,410.0,3.965e-11,0.020
NGC205,18a66_212,A,414.0,9.789e-11,0.036
NGC205,18a66_212,A,418.0,4.018e-10,0.026
NGC205,18a66_212,A,422.0,7.071e-10,0.028
NGC205,18a66_212,A,426.0,4.185e-10,0.047
NGC205,18a66_212,A,430.0,3.423e-10,0.043
NGC205,18a66_212,A,434.0,3.921e-10,0.039
NGC205,18a66_212,A,438.0,6.365e-11,0.030
NGC205,18a66_212,A,442.0,1.155e-10,0.028
NGC205,18a66_212,A,446.0,6.740e-12,0.018
NGC205,18a66_212,A,450.0,1.387e-11,0.015
NGC205,18a66_212,A,454.0,8.527e-10,0.017
NGC205,18a66_212,A,458.0,1.381e-11,0.017
NGC205,18a66_212,A,462.0,6.707e-12,0.016
NGC205,18a66_212,A,466.0,2.954e-12,0.005
NGC205,18a66_212,A,474.0,6.751e-11,0.014
NGC205,18a66_212,A,478.0,4.681e-12,0.008
NGC205,18a66_212,A,482.0,4.599e-11,0.014
NGC205,18a66_212,A,486.0,2.788e-10,0.016
NGC205,18a66_212,A,490.0,1.199e-10,0.014
NGC205,18a66_212,A,494.0,8.100e-10,0.022
NGC205,18a66_212,A,498.0,8.877e-11,0.022
NGC205,18a66_212,A,502.0,2.803e-11,0.013
NGC205,18a66_212,A,506.0,6.492e-11,0.018
NGC205,18a66_212,A,510.0,2.949e-11,0.009
NGC205,18a66_212,A,514.0,4.967e-11,0.018
NGC205,18a66_212,A,518.0,1.162e-10,0.023
NGC205,18a66_212,A,522.0,1.063e-9,0.035
NGC205,18a66_212,A,526.0,4.282e-10,0.025
NGC205,18a66_212,A,530.0,2.522e-11,0.019
NGC205,18a66_212,A,534.0,4.373e-10,0.020
NGC205,18a66_212,A,538.0,6.728e-11,0.024
NGC205,18a66_212,A,542.0,1.305e-9,0.029
NGC205,18a66_212,A,546.0,3.251e-10,0.030
NGC205,18a66_212,A,550.0,1.238e-10,0.030
NGC205,18a66_212,A,554.0,3.669e-10,0.021
NGC205,18a66_212,A,558.0,1.436e-10,0.033
NGC205,18a66_212,A,562.0,1.199e-11,0.023
NGC205,18a66_212,A,566.0,3.903e-11,0.024
NGC205,18a66_212,A,570.0,1.933e-10,0.036
NGC205,18a66_212,A,574.0,1.410e-9,0.033
NGC205,18a66_212,A,578.0,1.499e-10,0.032
NGC205,18a66_212,A,582.0,6.484e-11,0.020
NGC205,18a66_212,A,586.0,3.627e-10,0.019
NGC205,18a66_212,A,590.0,7.318e-11,0.018
NGC205,18a66_212,A,594.0,1.550e-10,0.023
NGC205,18a66_212,A,598.0,1.041e-9,0.022
NGC205,18a66_212,A,602.0,7.852e-11,0.016
NGC205,18a66_212,A,606.0,8.299e-10,0.018
NGC205,18a66_212,A,610.0,2.930e-10,0.021
NGC205,18a66_212,A,614.0,8.889e-10,0.024
NGC205,18a66_212,A,618.0,1.187e-12,0.011
NGC205,18a66_212,A,622.0,4.136e-10,0.016
NGC205,18a66_212,A,626.0,2.425e-11,0.009
NGC205,18a66_212,A,630.0,1.011e-10,0.014
NGC205,18a66_212,A,634.0,8.157e-11,0.015
NGC205,18a66_212,A,638.0,2.865e-11,0.010
NGC205,18a66_212,A,642.0,6.204e-13,0.008
NGC205,18a66_212,A,646.0,2.036e-11,0.007
NGC205,18a66_212,A,650.0,1.050e-10,0.010
NGC205,18a66_212,A,654.0,5.708e-10,0.021
NGC205,18a66_212,A,658.0,5.116e-11,0.018
NGC205,18a66_212,A,662.0,1.268e-11,0.013
NGC205,18a66_212,A,666.0,1.238e-11,0.005
NGC205,18a66_212,A,670.0,2.755e-11,0.003
NGC205,18a66_212,A,674.0,4.387e-11,0.010
NGC205,18a66_212,A,678.0,1.216e-11,0.005
NGC205,18a66_212,A,682.0,5.329e-11,0.007
NGC205,18a66_212,A,686.0,6.006e-13,0.003
NGC205,18a66_212,A,690.0,2.708e-12,0.005
NGC205,18a66_212,A,694.0,1.907e-11,0.008
NGC205,18a66_212,A,698.0,5.646e-12,0.008
NGC205,18a66_212,A,702.0,1.044e-11,0.003
NGC205,18a66_212,A,718.0,1.372e-11,0.005
NGC205,18a66_212,A,722.0,8.918e-14,0.003
NGC205,18a66_212,A,726.0,1.609e-14,0.003
NGC205,18a66_212,A,730.0,1.608e-12,0.001
NGC205,18a66_212,A,734.0,1.757e-12,0.002
NGC205,18a66_212,A,738.0,7.831e-14,0.003
NGC205,18a66_212,A,742.0,8.557e-12,0.003
NGC205,18a66_212,A,746.0,1.531e-14,0.001
NGC205,18a66_212,A,750.0,3.160e-14,0.001
NGC205,18a66_212,A,754.0,3.628e-12,0.006
NGC205,18a66_212,A,758.0,2.478e-13,0.005
NGC205,18a66_212,A,766.0,9.346e-11,0.004
NGC205,18a66_212,A,778.0,5.995e-12,0.003
NGC205,18a66_212,A,782.0,8.186e-12,0.003
NGC205,18a66_212,A,786.0,1.431e-12,0.001
NGC205,18a66_212,A,790.0,6.221e-12,0.003
NGC205,18a66_212,A,794.0,1.379e-11,0.003
NGC205,18a66_212,A,798.0,3.006e-12,0.004
NGC205,18a66_212,A,802.0,2.033e-13,0.003
NGC205,18a66_212,A,806.0,3.983e-11,0.006
NGC205,18a66_212,A,810.0,4.765e-10,0.001
NGC205,18a66_212,A,814.0,2.429e-13,0.003
NGC205,18a66_212,A,818.0,1.524e-12,0.001
NGC205,18a66_212,A,822.0,5.167e-13,0.001
NGC205,18a66_212,A,826.0,5.614e-12,0.003
NGC205,18a66_212,A,842.0,8.510e-14,0.001
NGC205,18a66_212,B,2.0,1.305e-8,1.000
NGC205,18a66_212,B,10.0,1.480e-8,1.000
NGC205,18a66_212,B,14.0,1.135e-8,1.000
NGC205,18a66_212,B,18.0,9.205e-9,1.000
NGC205,18a66_212,B,22.0,8.624e-9,1.000
NGC205,18a66_212,B,26.0,7.479e-9,1.000
NGC205,18a66_212,B,30.0,6.115e-9,1.000
NGC205,18a66_212,B,34.0,5.112e-9,1.000
NGC205,18a66_212,B,38.0,4.186e-9,1.000
NGC205,18a66_212,B,42.0,3.564e-9,1.000
NGC205,18a66_212,B,46.0,3.023e-9,1.000
NGC205,18a66_212,B,50.0,2.456e-9,1.000
NGC205,18a66_212,B,54.0,2.119e-9,1.000
NGC205,18a66_212,B,58.0,1.503e-9,1.000
NGC205,18a66_212,B,62.0,1.731e-9,1.000
NGC205,18a66_212,B,66.0,9.252e-10,1.000
NGC205,18a66_212,B,70.0,7.357e-10,1.000
NGC205,18a66_212,B,74.0,6.609e-10,1.000
NGC205,18a66_212,B,78.0,8.047e-10,1.000
NGC205,18a66_212,B,82.0,4.961e-10,1.000
NGC205,18a66_212,B,86.0,4.254e-10,0.940
NGC205,18a66_212,B,90.0,3.709e-10,0.944
NGC205,18a66_212,B,94.0,2.920e-10,0.833
NGC205,18a66_212,B,98.0,2.774e-10,0.813
NGC205,18a66_212,B,102.0,2.452e-10,0.793
NGC205,18a66_212,B,106.0,1.810e-10,0.787
NGC205,18a66_212,B,110.0,1.506e-10,0.690
NGC205,18a66_212,B,114.0,2.046e-10,0.652
NGC205,18a66_212,B,118.0,9.593e-11,0.554
NGC205,18a66_212,B,122.0,8.332e-11,0.556
NGC205,18a66_212,B,126.0,7.503e-11,0.522
NGC205,18a66_212,B,130.0,1.089e-10,0.454
NGC205,18a66_212,B,134.0,6.154e-11,0.425
NGC205,18a66_212,B,138.0,7.336e-11,0.379
NGC205,18a66_212,B,142.0,5.487e-11,0.360
NGC205,18a66_212,B,146.0,4.030e-10,0.402
NGC205,18a66_212,B,150.0,1.293e-9,0.289
NGC205,18a66_212,B,154.0,7.572e-11,0.250
NGC205,18a66_212,B,158.0,5.065e-11,0.278
NGC205,18a66_212,B,162.0,1.033e-11,0.223
NGC205,18a66_212,B,166.0,9.043e-11,0.212
NGC205,18a66_212,B,170.0,7.635e-12,0.202
NGC205,18a66_212,B,174.0,2.237e-11,0.196
NGC205,18a66_212,B,178.0,5.917e-11,0.207
NGC205,18a66_212,B,182.0,2.296e-11,0.161
NGC205,18a66_212,B,186.0,3.691e-12,0.125
NGC205,18a66_212,B,190.0,4.447e-12,0.133
NGC205,18a66_212,B,194.0,8.212e-11,0.125
NGC205,18a66_212,B,198.0,4.184e-12,0.122
NGC205,18a66_212,B,202.0,2.694e-12,0.108
NGC205,18a66_212,B,206.0,2.839e-12,0.106
NGC205,18a66_212,B,210.0,2.222e-12,0.110
NGC205,18a66_212,B,214.0,3.672e-12,0.087
NGC205,18a66_212,B,218.0,2.823e-12,0.089
NGC205,18a66_212,B,222.0,8.635e-11,0.103
NGC205,18a66_212,B,226.0,1.297e-11,0.074
NGC205,18a66_212,B,230.0,2.489e-11,0.064
NGC205,18a66_212,B,234.0,1.248e-10,0.071
NGC205,18a66_212,B,238.0,1.657e-11,0.064
NGC205,18a66_212,B,242.0,2.228e-10,0.052
NGC205,18a66_212,B,246.0,1.045e-9,0.051
NGC205,18a66_212,B,250.0,7.844e-11,0.044
NGC205,18a66_212,B,254.0,1.353e-10,0.033
NGC205,18a66_212,B,258.0,4.764e-11,0.030
NGC205,18a66_212,B,262.0,5.055e-11,0.036
NGC205,18a66_212,B,266.0,9.582e-12,0.017
NGC205,18a66_212,B,270.0,4.302e-11,0.025
NGC205,18a66_212,B,274.0,6.927e-10,0.020
NGC205,18a66_212,B,278.0,6.250e-11,0.036
NGC205,18a66_212,B,282.0,6.809e-11,0.016
NGC205,18a66_212,B,286.0,5.402e-11,0.017
NGC205,18a66_212,B,290.0,2.491e-10,0.026
NGC205,18a66_212,B,294.0,1.387e-10,0.018
NGC205,18a66_212,B,298.0,5.856e-11,0.017
NGC205,18a66_212,B,302.0,2.816e-11,0.010
NGC205,18a66_212,B,306.0,1.231e-10,0.007
NGC205,18a66_212,B,310.0,1.838e-10,0.029
NGC205,18a66_212,B,314.0,7.196e-12,0.017
NGC205,18a66_212,B,318.0,6.020e-12,0.018
NGC205,18a66_212,B,322.0,1.058e-10,0.026
NGC205,18a66_212,B,326.0,1.140e-9,0.028
NGC205,18a66_212,B,330.0,7.872e-10,0.037
NGC205,18a66_212,B,334.0,1.543e-9,0.054
NGC205,18a66_212,B,338.0,2.967e-10,0.020
NGC205,18a66_212,B,342.0,2.197e-11,0.016
NGC205,18a66_212,B,346.0,3.093e-10,0.029
NGC205,18a66_212,B,350.0,5.519e-10,0.043
NGC205,18a66_212,B,354.0,7.090e-10,0.031
NGC205,18a66_212,B,358.0,5.073e-10,0.039
NGC205,18a66_212,B,362.0,2.916e-10,0.039
NGC205,18a66_212,B,366.0,2.531e-11,0.017
NGC205,18a66_212,B,370.0,2.319e-11,0.017
NGC205,18a66_212,B,374.0,1.120e-10,0.018
NGC205,18a66_212,B,378.0,7.209e-11,0.018
NGC205,18a66_212,B,382.0,5.920e-10,0.009
NGC205,18a66_212,B,390.0,1.820e-10,0.025
NGC205,18a66_212,B,394.0,8.788e-11,0.011
NGC205,18a66_212,B,398.0,2.549e-10,0.012
NGC205,18a66_212,B,402.0,2.682e-11,0.014
NGC205,18a66_212,B,406.0,2.654e-11,0.024
NGC205,18a66_212,B,410.0,4.102e-11,0.025
NGC205,18a66_212,B,414.0,1.020e-10,0.039
NGC205,18a66_212,B,418.0,4.060e-10,0.026
NGC205,18a66_212,B,422.0,7.077e-10,0.039
NGC205,18a66_212,B,426.0,4.221e-10,0.052
NGC205,18a66_212,B,430.0,3.439e-10,0.049
NGC205,18a66_212,B,434.0,3.981e-10,0.049
NGC205,18a66_212,B,438.0,6.705e-11,0.030
NGC205,18a66_212,B,442.0,1.197e-10,0.031
NGC205,18a66_212,B,446.0,8.924e-12,0.021
NGC205,18a66_212,B,450.0,1.770e-11,0.018
NGC205,18a66_212,B,454.0,8.531e-10,0.026
NGC205,18a66_212,B,458.0,1.509e-11,0.019
NGC205,18a66_212,B,462.0,8.826e-12,0.019
NGC205,18a66_212,B,466.0,3.817e-12,0.005
NGC205,18a66_212,B,474.0,6.795e-11,0.014
NGC205,18a66_212,B,478.0,6.081e-12,0.008
NGC205,18a66_212,B,482.0,4.642e-11,0.014
NGC205,18a66_212,B,486.0,2.800e-10,0.018
NGC205,18a66_212,B,490.0,1.205e-10,0.017
NGC205,18a66_212,B,494.0,8.110e-10,0.025
NGC205,18a66_212,B,498.0,9.039e-11,0.027
NGC205,18a66_212,B,502.0,2.885e-11,0.013
NGC205,18a66_212,B,506.0,6.659e-11,0.020
NGC205,18a66_212,B,510.0,3.056e-11,0.011
NGC205,18a66_212,B,514.0,5.144e-11,0.021
NGC205,18a66_212,B,518.0,1.172e-10,0.028
NGC205,18a66_212,B,522.0,1.066e-9,0.037
NGC205,18a66_212,B,526.0,4.302e-10,0.034
NGC205,18a66_212,B,530.0,2.741e-11,0.030
NGC205,18a66_212,B,534.0,4.407e-10,0.020
NGC205,18a66_212,B,538.0,6.918e-11,0.026
NGC205,18a66_212,B,542.0,1.309e-9,0.029
NGC205,18a66_212,B,546.0,3.309e-10,0.032
NGC205,18a66_212,B,550.0,1.274e-10,0.030
NGC205,18a66_212,B,554.0,3.692e-10,0.023
NGC205,18a66_212,B,558.0,1.493e-10,0.037
NGC205,18a66_212,B,562.0,1.509e-11,0.027
NGC205,18a66_212,B,566.0,4.222e-11,0.024
NGC205,18a66_212,B,570.0,1.973e-10,0.040
NGC205,18a66_212,B,574.0,1.413e-9,0.037
NGC205,18a66_212,B,578.0,1.561e-10,0.034
NGC205,18a66_212,B,582.0,6.648e-11,0.020
NGC205,18a66_212,B,586.0,3.635e-10,0.019
NGC205,18a66_212,B,590.0,7.503e-11,0.022
NGC205,18a66_212,B,594.0,1.565e-10,0.027
NGC205,18a66_212,B,598.0,1.044e-9,0.026
NGC205,18a66_212,B,602.0,8.092e-11,0.016
NGC205,18a66_212,B,606.0,8.323e-10,0.027
NGC205,18a66_212,B,610.0,2.941e-10,0.024
NGC205,18a66_212,B,614.0,8.916e-10,0.025
NGC205,18a66_212,B,618.0,1.723e-12,0.017
NGC205,18a66_212,B,622.0,4.164e-10,0.016
NGC205,18a66_212,B,626.0,2.461e-11,0.011
NGC205,18a66_212,B,630.0,1.014e-10,0.014
NGC205,18a66_212,B,634.0,8.275e-11,0.017
NGC205,18a66_212,B,638.0,3.042e-11,0.010
NGC205,18a66_212,B,642.0,9.913e-13,0.010
NGC205,18a66_212,B,646.0,2.055e-11,0.007
NGC205,18a66_212,B,650.0,1.064e-10,0.010
NGC205,18a66_212,B,654.0,5.723e-10,0.021
NGC205,18a66_212,B,658.0,5.369e-11,0.018
NGC205,18a66_212,B,662.0,1.321e-11,0.013
NGC205,18a66_212,B,666.0,1.248e-11,0.005
NGC205,18a66_212,B,670.0,2.755e-11,0.003
NGC205,18a66_212,B,674.0,4.440e-11,0.012
NGC205,18a66_212,B,678.0,1.302e-11,0.005
NGC205,18a66_212,B,682.0,5.422e-11,0.007
NGC205,18a66_212,B,686.0,8.303e-13,0.003
NGC205,18a66_212,B,690.0,3.522e-12,0.005
NGC205,18a66_212,B,694.0,2.137e-11,0.008
NGC205,18a66_212,B,698.0,7.271e-12,0.008
NGC205,18a66_212,B,702.0,1.045e-11,0.003
NGC205,18a66_212,B,718.0,1.471e-11,0.005
NGC205,18a66_212,B,722.0,1.812e-13,0.003
NGC205,18a66_212,B,726.0,5.710e-14,0.003
NGC205,18a66_212,B,730.0,2.052e-12,0.001
NGC205,18a66_212,B,734.0,2.254e-12,0.005
NGC205,18a66_212,B,738.0,1.475e-13,0.003
NGC205,18a66_212,B,742.0,8.604e-12,0.003
NGC205,18a66_212,B,746.0,4.337e-14,0.001
NGC205,18a66_212,B,750.0,6.985e-14,0.001
NGC205,18a66_212,B,754.0,4.724e-12,0.006
NGC205,18a66_212,B,758.0,4.043e-13,0.006
NGC205,18a66_212,B,766.0,9.350e-11,0.004
NGC205,18a66_212,B,778.0,6.587e-12,0.003
NGC205,18a66_212,B,782.0,8.413e-12,0.003
NGC205,18a66_212,B,786.0,1.834e-12,0.003
NGC205,18a66_212,B,790.0,6.337e-12,0.003
NGC205,18a66_212,B,794.0,1.393e-11,0.003
NGC205,18a66_212,B,798.0,3.871e-12,0.004
NGC205,18a66_212,B,802.0,3.159e-13,0.003
NGC205,18a66_212,B,806.0,4.091e-11,0.006
NGC205,18a66_212,B,810.0,4.765e-10,0.001
NGC205,18a66_212,B,814.0,3.802e-13,0.003
NGC205,18a66_212,B,818.0,1.946e-12,0.001
NGC205,18a66_212,B,822.0,6.989e-13,0.001
NGC205,18a66_212,B,826.0,5.634e-12,0.003
NGC205,18a66_212,B,842.0,1.427e-13,0.001
NGC205,18a158_212,A,2.0,1.473e-8,1.000
NGC205,18a158_212,A,6.0,1.774e-8,1.000
NGC205,18a158_212,A,10.0,1.471e-8,1.000
NGC205,18a158_212,A,14.0,1.157e-8,1.000
NGC205,18a158_212,A,18.0,9.809e-9,1.000
NGC205,18a158_212,A,22.0,8.454e-9,1.000
NGC205,18a158_212,A,26.0,7.165e-9,1.000
NGC205,18a158_212,A,30.0,6.094e-9,1.000
NGC205,18a158_212,A,34.0,5.235e-9,1.000
NGC205,18a158_212,A,38.0,4.380e-9,1.000
NGC205,18a158_212,A,42.0,3.566e-9,1.000
NGC205,18a158_212,A,46.0,3.054e-9,1.000
NGC205,18a158_212,A,50.0,2.468e-9,1.000
NGC205,18a158_212,A,54.0,2.020e-9,1.000
NGC205,18a158_212,A,58.0,1.527e-9,1.000
NGC205,18a158_212,A,62.0,2.012e-9,1.000
NGC205,18a158_212,A,66.0,1.279e-9,1.000
NGC205,18a158_212,A,70.0,8.521e-10,0.997
NGC205,18a158_212,A,74.0,6.722e-10,0.993
NGC205,18a158_212,A,78.0,6.147e-10,0.998
NGC205,18a158_212,A,82.0,6.240e-10,0.995
NGC205,18a158_212,A,86.0,4.702e-10,0.979
NGC205,18a158_212,A,90.0,4.139e-10,0.948
NGC205,18a158_212,A,94.0,3.057e-10,0.895
NGC205,18a158_212,A,98.0,2.913e-10,0.845
NGC205,18a158_212,A,102.0,2.465e-10,0.814
NGC205,18a158_212,A,106.0,2.735e-10,0.759
NGC205,18a158_212,A,110.0,1.927e-10,0.722
NGC205,18a158_212,A,114.0,1.895e-10,0.667
NGC205,18a158_212,A,118.0,1.162e-10,0.608
NGC205,18a158_212,A,122.0,9.429e-11,0.543
NGC205,18a158_212,A,126.0,1.035e-10,0.509
NGC205,18a158_212,A,130.0,1.868e-10,0.485
NGC205,18a158_212,A,134.0,7.093e-11,0.456
NGC205,18a158_212,A,138.0,4.951e-11,0.405
NGC205,18a158_212,A,142.0,1.628e-10,0.402
NGC205,18a158_212,A,146.0,1.655e-9,0.369
NGC205,18a158_212,A,150.0,1.328e-9,0.344
NGC205,18a158_212,A,154.0,3.702e-10,0.301
NGC205,18a158_212,A,158.0,4.441e-11,0.280
NGC205,18a158_212,A,162.0,1.272e-11,0.250
NGC205,18a158_212,A,166.0,2.038e-11,0.225
NGC205,18a158_212,A,170.0,2.655e-11,0.224
NGC205,18a158_212,A,174.0,6.212e-11,0.207
NGC205,18a158_212,A,178.0,1.304e-10,0.195
NGC205,18a158_212,A,182.0,5.479e-11,0.178
NGC205,18a158_212,A,186.0,5.329e-12,0.151
NGC205,18a158_212,A,190.0,1.178e-11,0.131
NGC205,18a158_212,A,194.0,5.740e-11,0.131
NGC205,18a158_212,A,198.0,4.247e-12,0.131
NGC205,18a158_212,A,202.0,3.801e-12,0.126
NGC205,18a158_212,A,206.0,3.240e-12,0.108
NGC205,18a158_212,A,210.0,4.170e-12,0.092
NGC205,18a158_212,A,214.0,6.347e-12,0.103
NGC205,18a158_212,A,218.0,2.978e-11,0.096
NGC205,18a158_212,A,222.0,1.476e-10,0.102
NGC205,18a158_212,A,226.0,1.813e-10,0.070
NGC205,18a158_212,A,230.0,2.131e-12,0.063
NGC205,18a158_212,A,234.0,2.124e-11,0.067
NGC205,18a158_212,A,238.0,1.148e-10,0.067
NGC205,18a158_212,A,242.0,6.338e-10,0.062
NGC205,18a158_212,A,246.0,3.663e-10,0.058
NGC205,18a158_212,A,250.0,3.580e-11,0.046
NGC205,18a158_212,A,254.0,1.873e-10,0.026
NGC205,18a158_212,A,258.0,8.241e-11,0.028
NGC205,18a158_212,A,262.0,1.205e-10,0.025
NGC205,18a158_212,A,266.0,2.470e-11,0.024
NGC205,18a158_212,A,270.0,2.520e-10,0.038
NGC205,18a158_212,A,274.0,9.530e-11,0.032
NGC205,18a158_212,A,278.0,1.277e-10,0.026
NGC205,18a158_212,A,282.0,7.913e-11,0.027
NGC205,18a158_212,A,286.0,8.925e-11,0.027
NGC205,18a158_212,A,290.0,1.878e-10,0.031
NGC205,18a158_212,A,294.0,1.344e-10,0.026
NGC205,18a158_212,A,298.0,6.823e-11,0.014
NGC205,18a158_212,A,302.0,2.985e-11,0.010
NGC205,18a158_212,A,306.0,4.423e-10,0.010
NGC205,18a158_212,A,310.0,5.194e-10,0.025
NGC205,18a158_212,A,314.0,2.270e-11,0.016
NGC205,18a158_212,A,318.0,1.994e-11,0.019
NGC205,18a158_212,A,322.0,3.981e-10,0.023
NGC205,18a158_212,A,326.0,5.141e-10,0.034
NGC205,18a158_212,A,330.0,4.212e-10,0.045
NGC205,18a158_212,A,334.0,1.509e-9,0.036
NGC205,18a158_212,A,338.0,8.137e-11,0.025
NGC205,18a158_212,A,342.0,8.348e-11,0.022
NGC205,18a158_212,A,346.0,4.070e-10,0.032
NGC205,18a158_212,A,350.0,9.624e-10,0.036
NGC205,18a158_212,A,354.0,5.151e-10,0.037
NGC205,18a158_212,A,358.0,7.161e-10,0.038
NGC205,18a158_212,A,362.0,7.906e-11,0.030
NGC205,18a158_212,A,366.0,1.540e-10,0.027
NGC205,18a158_212,A,370.0,2.629e-11,0.019
NGC205,18a158_212,A,374.0,9.306e-11,0.018
NGC205,18a158_212,A,378.0,5.505e-11,0.027
NGC205,18a158_212,A,382.0,2.852e-10,0.011
NGC205,18a158_212,A,386.0,4.367e-11,0.012
NGC205,18a158_212,A,390.0,7.103e-11,0.019
NGC205,18a158_212,A,394.0,3.436e-11,0.011
NGC205,18a158_212,A,398.0,4.567e-11,0.011
NGC205,18a158_212,A,402.0,1.137e-10,0.015
NGC205,18a158_212,A,406.0,1.473e-10,0.020
NGC205,18a158_212,A,410.0,2.198e-11,0.024
NGC205,18a158_212,A,414.0,1.077e-10,0.030
NGC205,18a158_212,A,418.0,6.717e-10,0.033
NGC205,18a158_212,A,422.0,4.589e-10,0.040
NGC205,18a158_212,A,426.0,5.743e-10,0.045
NGC205,18a158_212,A,430.0,5.990e-10,0.038
NGC205,18a158_212,A,434.0,4.267e-10,0.037
NGC205,18a158_212,A,438.0,1.626e-10,0.041
NGC205,18a158_212,A,442.0,5.802e-11,0.036
NGC205,18a158_212,A,446.0,3.196e-11,0.029
NGC205,18a158_212,A,450.0,2.087e-10,0.025
NGC205,18a158_212,A,454.0,2.919e-10,0.021
NGC205,18a158_212,A,458.0,5.436e-11,0.014
NGC205,18a158_212,A,462.0,3.242e-12,0.012
NGC205,18a158_212,A,466.0,5.194e-12,0.010
NGC205,18a158_212,A,470.0,1.238e-11,0.007
NGC205,18a158_212,A,474.0,1.831e-11,0.011
NGC205,18a158_212,A,478.0,1.672e-11,0.011
NGC205,18a158_212,A,482.0,6.575e-11,0.014
NGC205,18a158_212,A,486.0,8.459e-11,0.014
NGC205,18a158_212,A,490.0,1.045e-10,0.019
NGC205,18a158_212,A,494.0,5.953e-10,0.023
NGC205,18a158_212,A,498.0,1.661e-10,0.023
NGC205,18a158_212,A,502.0,3.218e-11,0.018
NGC205,18a158_212,A,506.0,8.143e-11,0.017
NGC205,18a158_212,A,510.0,6.809e-11,0.014
NGC205,18a158_212,A,514.0,8.958e-11,0.018
NGC205,18a158_212,A,518.0,2.840e-10,0.024
NGC205,18a158_212,A,522.0,3.765e-10,0.029
NGC205,18a158_212,A,526.0,6.315e-10,0.040
NGC205,18a158_212,A,530.0,2.527e-10,0.032
NGC205,18a158_212,A,534.0,1.154e-10,0.024
NGC205,18a158_212,A,538.0,1.144e-10,0.025
NGC205,18a158_212,A,542.0,6.050e-10,0.024
NGC205,18a158_212,A,546.0,1.771e-10,0.028
NGC205,18a158_212,A,550.0,3.440e-10,0.032
NGC205,18a158_212,A,554.0,3.306e-10,0.030
NGC205,18a158_212,A,558.0,4.744e-10,0.027
NGC205,18a158_212,A,562.0,9.056e-11,0.031
NGC205,18a158_212,A,566.0,2.898e-11,0.025
NGC205,18a158_212,A,570.0,1.230e-10,0.029
NGC205,18a158_212,A,574.0,7.491e-10,0.035
NGC205,18a158_212,A,578.0,4.513e-10,0.028
NGC205,18a158_212,A,582.0,1.334e-10,0.028
NGC205,18a158_212,A,586.0,1.706e-10,0.025
NGC205,18a158_212,A,590.0,6.213e-10,0.030
NGC205,18a158_212,A,594.0,2.323e-10,0.029
NGC205,18a158_212,A,598.0,4.917e-10,0.024
NGC205,18a158_212,A,602.0,1.925e-10,0.024
NGC205,18a158_212,A,606.0,4.300e-10,0.023
NGC205,18a158_212,A,610.0,3.830e-10,0.025
NGC205,18a158_212,A,614.0,3.698e-10,0.020
NGC205,18a158_212,A,618.0,2.615e-10,0.013
NGC205,18a158_212,A,622.0,6.465e-11,0.010
NGC205,18a158_212,A,626.0,7.559e-11,0.012
NGC205,18a158_212,A,630.0,5.443e-11,0.014
NGC205,18a158_212,A,634.0,2.913e-10,0.016
NGC205,18a158_212,A,638.0,7.148e-11,0.015
NGC205,18a158_212,A,642.0,3.071e-11,0.008
NGC205,18a158_212,A,646.0,4.563e-11,0.007
NGC205,18a158_212,A,650.0,2.829e-10,0.013
NGC205,18a158_212,A,654.0,2.129e-10,0.016
NGC205,18a158_212,A,658.0,7.944e-11,0.015
NGC205,18a158_212,A,662.0,6.292e-11,0.010
NGC205,18a158_212,A,666.0,4.510e-11,0.007
NGC205,18a158_212,A,670.0,1.760e-11,0.005
NGC205,18a158_212,A,674.0,3.921e-11,0.008
NGC205,18a158_212,A,678.0,2.456e-11,0.006
NGC205,18a158_212,A,682.0,2.572e-11,0.005
NGC205,18a158_212,A,686.0,1.148e-11,0.004
NGC205,18a158_212,A,690.0,1.779e-11,0.005
NGC205,18a158_212,A,694.0,6.061e-11,0.007
NGC205,18a158_212,A,698.0,1.750e-11,0.008
NGC205,18a158_212,A,702.0,2.677e-12,0.003
NGC205,18a158_212,A,706.0,1.168e-13,0.001
NGC205,18a158_212,A,714.0,3.134e-12,0.002
NGC205,18a158_212,A,718.0,3.902e-12,0.003
NGC205,18a158_212,A,722.0,5.012e-13,0.001
NGC205,18a158_212,A,726.0,5.462e-12,0.003
NGC205,18a158_212,A,730.0,4.913e-12,0.004
NGC205,18a158_212,A,734.0,6.468e-12,0.005
NGC205,18a158_212,A,738.0,4.011e-12,0.003
NGC205,18a158_212,A,742.0,1.885e-13,0.001
NGC205,18a158_212,A,746.0,2.743e-12,0.002
NGC205,18a158_212,A,750.0,5.323e-12,0.002
NGC205,18a158_212,A,754.0,1.026e-11,0.004
NGC205,18a158_212,A,758.0,1.035e-11,0.005
NGC205,18a158_212,A,762.0,3.805e-11,0.003
NGC205,18a158_212,A,766.0,5.428e-13,0.002
NGC205,18a158_212,A,770.0,6.421e-16,0.000
NGC205,18a158_212,A,774.0,1.359e-12,0.002
NGC205,18a158_212,A,778.0,4.339e-12,0.002
NGC205,18a158_212,A,782.0,7.173e-12,0.003
NGC205,18a158_212,A,786.0,3.339e-12,0.002
NGC205,18a158_212,A,790.0,1.597e-11,0.002
NGC205,18a158_212,A,794.0,4.374e-11,0.004
NGC205,18a158_212,A,798.0,5.971e-12,0.003
NGC205,18a158_212,B,2.0,1.473e-8,1.000
NGC205,18a158_212,B,6.0,1.774e-8,1.000
NGC205,18a158_212,B,10.0,1.471e-8,1.000
NGC205,18a158_212,B,14.0,1.157e-8,1.000
NGC205,18a158_212,B,18.0,9.801e-9,1.000
NGC205,18a158_212,B,22.0,8.291e-9,1.000
NGC205,18a158_212,B,26.0,6.841e-9,1.000
NGC205,18a158_212,B,30.0,5.590e-9,1.000
NGC205,18a158_212,B,34.0,4.580e-9,1.000
NGC205,18a158_212,B,38.0,3.576e-9,1.000
NGC205,18a158_212,B,42.0,2.571e-9,1.000
NGC205,18a158_212,B,46.0,1.980e-9,1.000
NGC205,18a158_212,B,50.0,1.450e-9,1.000
NGC205,18a158_212,B,54.0,1.060e-9,1.000
NGC205,18a158_212,B,58.0,7.453e-10,1.000
NGC205,18a158_212,B,62.0,1.385e-9,1.000
NGC205,18a158_212,B,66.0,7.464e-10,0.997
NGC205,18a158_212,B,70.0,3.737e-10,0.994
NGC205,18a158_212,B,74.0,2.819e-10,0.960
NGC205,18a158_212,B,78.0,2.534e-10,0.948
NGC205,18a158_212,B,82.0,3.097e-10,0.897
NGC205,18a158_212,B,86.0,1.854e-10,0.826
NGC205,18a158_212,B,90.0,1.609e-10,0.783
NGC205,18a158_212,B,94.0,1.099e-10,0.708
NGC205,18a158_212,B,98.0,1.050e-10,0.664
NGC205,18a158_212,B,102.0,8.901e-11,0.583
NGC205,18a158_212,B,106.0,1.344e-10,0.546
NGC205,18a158_212,B,110.0,7.427e-11,0.522
NGC205,18a158_212,B,114.0,8.756e-11,0.466
NGC205,18a158_212,B,118.0,3.384e-11,0.423
NGC205,18a158_212,B,122.0,2.530e-11,0.389
NGC205,18a158_212,B,126.0,4.610e-11,0.345
NGC205,18a158_212,B,130.0,1.328e-10,0.331
NGC205,18a158_212,B,134.0,2.728e-11,0.298
NGC205,18a158_212,B,138.0,1.591e-11,0.271
NGC205,18a158_212,B,142.0,1.249e-10,0.240
NGC205,18a158_212,B,146.0,1.618e-9,0.207
NGC205,18a158_212,B,150.0,1.296e-9,0.196
NGC205,18a158_212,B,154.0,3.389e-10,0.149
NGC205,18a158_212,B,158.0,2.339e-11,0.141
NGC205,18a158_212,B,162.0,1.412e-12,0.094
NGC205,18a158_212,B,166.0,9.954e-12,0.090
NGC205,18a158_212,B,170.0,1.560e-11,0.094
NGC205,18a158_212,B,174.0,5.056e-11,0.066
NGC205,18a158_212,B,178.0,1.152e-10,0.078
NGC205,18a158_212,B,182.0,4.759e-11,0.052
NGC205,18a158_212,B,186.0,3.619e-13,0.040
NGC205,18a158_212,B,190.0,4.654e-12,0.036
NGC205,18a158_212,B,194.0,4.683e-11,0.045
NGC205,18a158_212,B,198.0,2.222e-13,0.033
NGC205,18a158_212,B,202.0,1.905e-13,0.031
NGC205,18a158_212,B,206.0,2.514e-13,0.017
NGC205,18a158_212,B,210.0,8.545e-13,0.018
NGC205,18a158_212,B,214.0,1.607e-12,0.023
NGC205,18a158_212,B,218.0,1.887e-11,0.025
NGC205,18a158_212,B,222.0,1.421e-10,0.029
NGC205,18a158_212,B,226.0,1.765e-10,0.019
NGC205,18a158_212,B,230.0,4.127e-13,0.008
NGC205,18a158_212,B,234.0,1.495e-11,0.020
NGC205,18a158_212,B,238.0,9.873e-11,0.027
NGC205,18a158_212,B,242.0,6.249e-10,0.030
NGC205,18a158_212,B,246.0,3.569e-10,0.020
NGC205,18a158_212,B,250.0,2.549e-11,0.020
NGC205,18a158_212,B,254.0,1.843e-10,0.014
NGC205,18a158_212,B,258.0,7.726e-11,0.012
NGC205,18a158_212,B,262.0,1.147e-10,0.013
NGC205,18a158_212,B,266.0,1.967e-11,0.012
NGC205,18a158_212,B,270.0,2.442e-10,0.026
NGC205,18a158_212,B,274.0,8.856e-11,0.020
NGC205,18a158_212,B,278.0,1.213e-10,0.016
NGC205,18a158_212,B,282.0,7.250e-11,0.018
NGC205,18a158_212,B,286.0,8.223e-11,0.022
NGC205,18a158_212,B,290.0,1.808e-10,0.025
NGC205,18a158_212,B,294.0,1.247e-10,0.021
NGC205,18a158_212,B,298.0,6.655e-11,0.010
NGC205,18a158_212,B,302.0,2.638e-11,0.006
NGC205,18a158_212,B,306.0,4.396e-10,0.008
NGC205,18a158_212,B,310.0,5.130e-10,0.018
NGC205,18a158_212,B,314.0,1.452e-11,0.012
NGC205,18a158_212,B,318.0,1.571e-11,0.014
NGC205,18a158_212,B,322.0,3.920e-10,0.016
NGC205,18a158_212,B,326.0,5.023e-10,0.026
NGC205,18a158_212,B,330.0,4.100e-10,0.035
NGC205,18a158_212,B,334.0,1.501e-9,0.028
NGC205,18a158_212,B,338.0,7.404e-11,0.020
NGC205,18a158_212,B,342.0,8.094e-11,0.013
NGC205,18a158_212,B,346.0,3.964e-10,0.025
NGC205,18a158_212,B,350.0,9.511e-10,0.030
NGC205,18a158_212,B,354.0,5.052e-10,0.028
NGC205,18a158_212,B,358.0,7.026e-10,0.033
NGC205,18a158_212,B,362.0,6.904e-11,0.021
NGC205,18a158_212,B,366.0,1.476e-10,0.018
NGC205,18a158_212,B,370.0,2.065e-11,0.011
NGC205,18a158_212,B,374.0,8.669e-11,0.014
NGC205,18a158_212,B,378.0,4.733e-11,0.020
NGC205,18a158_212,B,382.0,2.831e-10,0.008
NGC205,18a158_212,B,386.0,3.827e-11,0.010
NGC205,18a158_212,B,390.0,6.477e-11,0.014
NGC205,18a158_212,B,394.0,3.022e-11,0.009
NGC205,18a158_212,B,398.0,4.227e-11,0.006
NGC205,18a158_212,B,402.0,1.065e-10,0.013
NGC205,18a158_212,B,406.0,1.447e-10,0.012
NGC205,18a158_212,B,410.0,1.709e-11,0.016
NGC205,18a158_212,B,414.0,9.758e-11,0.023
NGC205,18a158_212,B,418.0,6.603e-10,0.029
NGC205,18a158_212,B,422.0,4.464e-10,0.031
NGC205,18a158_212,B,426.0,5.617e-10,0.033
NGC205,18a158_212,B,430.0,5.899e-10,0.029
NGC205,18a158_212,B,434.0,4.149e-10,0.030
NGC205,18a158_212,B,438.0,1.446e-10,0.032
NGC205,18a158_212,B,442.0,4.946e-11,0.024
NGC205,18a158_212,B,446.0,2.525e-11,0.016
NGC205,18a158_212,B,450.0,2.004e-10,0.018
NGC205,18a158_212,B,454.0,2.863e-10,0.016
NGC205,18a158_212,B,458.0,5.121e-11,0.010
NGC205,18a158_212,B,462.0,1.541e-12,0.005
NGC205,18a158_212,B,466.0,2.329e-12,0.005
NGC205,18a158_212,B,470.0,1.011e-11,0.005
NGC205,18a158_212,B,474.0,1.650e-11,0.008
NGC205,18a158_212,B,478.0,1.454e-11,0.007
NGC205,18a158_212,B,482.0,6.076e-11,0.008
NGC205,18a158_212,B,486.0,7.942e-11,0.011
NGC205,18a158_212,B,490.0,9.922e-11,0.013
NGC205,18a158_212,B,494.0,5.879e-10,0.019
NGC205,18a158_212,B,498.0,1.602e-10,0.020
NGC205,18a158_212,B,502.0,2.530e-11,0.013
NGC205,18a158_212,B,506.0,7.698e-11,0.014
NGC205,18a158_212,B,510.0,6.383e-11,0.010
NGC205,18a158_212,B,514.0,8.332e-11,0.010
NGC205,18a158_212,B,518.0,2.761e-10,0.021
NGC205,18a158_212,B,522.0,3.658e-10,0.025
NGC205,18a158_212,B,526.0,6.208e-10,0.029
NGC205,18a158_212,B,530.0,2.410e-10,0.025
NGC205,18a158_212,B,534.0,1.089e-10,0.019
NGC205,18a158_212,B,538.0,1.089e-10,0.017
NGC205,18a158_212,B,542.0,5.998e-10,0.016
NGC205,18a158_212,B,546.0,1.659e-10,0.024
NGC205,18a158_212,B,550.0,3.363e-10,0.024
NGC205,18a158_212,B,554.0,3.232e-10,0.023
NGC205,18a158_212,B,558.0,4.668e-10,0.021
NGC205,18a158_212,B,562.0,7.999e-11,0.023
NGC205,18a158_212,B,566.0,2.232e-11,0.019
NGC205,18a158_212,B,570.0,1.119e-10,0.022
NGC205,18a158_212,B,574.0,7.422e-10,0.026
NGC205,18a158_212,B,578.0,4.429e-10,0.023
NGC205,18a158_212,B,582.0,1.237e-10,0.022
NGC205,18a158_212,B,586.0,1.638e-10,0.017
NGC205,18a158_212,B,590.0,6.121e-10,0.024
NGC205,18a158_212,B,594.0,2.222e-10,0.022
NGC205,18a158_212,B,598.0,4.867e-10,0.016
NGC205,18a158_212,B,602.0,1.844e-10,0.018
NGC205,18a158_212,B,606.0,4.245e-10,0.017
NGC205,18a158_212,B,610.0,3.761e-10,0.020
NGC205,18a158_212,B,614.0,3.638e-10,0.015
NGC205,18a158_212,B,618.0,2.599e-10,0.009
NGC205,18a158_212,B,622.0,6.115e-11,0.008
NGC205,18a158_212,B,626.0,7.364e-11,0.009
NGC205,18a158_212,B,630.0,5.088e-11,0.011
NGC205,18a158_212,B,634.0,2.872e-10,0.013
NGC205,18a158_212,B,638.0,6.780e-11,0.009
NGC205,18a158_212,B,642.0,2.770e-11,0.007
NGC205,18a158_212,B,646.0,4.374e-11,0.006
NGC205,18a158_212,B,650.0,2.785e-10,0.010
NGC205,18a158_212,B,654.0,2.081e-10,0.014
NGC205,18a158_212,B,658.0,7.515e-11,0.011
NGC205,18a158_212,B,662.0,6.051e-11,0.008
NGC205,18a158_212,B,666.0,4.356e-11,0.005
NGC205,18a158_212,B,670.0,1.524e-11,0.004
NGC205,18a158_212,B,674.0,3.604e-11,0.007
NGC205,18a158_212,B,678.0,2.276e-11,0.005
NGC205,18a158_212,B,682.0,2.416e-11,0.003
NGC205,18a158_212,B,686.0,9.839e-12,0.003
NGC205,18a158_212,B,690.0,1.662e-11,0.004
NGC205,18a158_212,B,694.0,5.870e-11,0.006
NGC205,18a158_212,B,698.0,1.491e-11,0.006
NGC205,18a158_212,B,702.0,1.454e-12,0.002
NGC205,18a158_212,B,706.0,3.488e-14,0.000
NGC205,18a158_212,B,714.0,2.160e-12,0.001
NGC205,18a158_212,B,718.0,2.051e-12,0.002
NGC205,18a158_212,B,722.0,2.210e-13,0.001
NGC205,18a158_212,B,726.0,4.518e-12,0.002
NGC205,18a158_212,B,730.0,2.700e-12,0.003
NGC205,18a158_212,B,734.0,4.650e-12,0.003
NGC205,18a158_212,B,738.0,2.319e-12,0.002
NGC205,18a158_212,B,742.0,5.952e-14,0.001
NGC205,18a158_212,B,746.0,2.274e-12,0.001
NGC205,18a158_212,B,750.0,4.891e-12,0.001
NGC205,18a158_212,B,754.0,8.609e-12,0.003
NGC205,18a158_212,B,758.0,8.113e-12,0.003
NGC205,18a158_212,B,762.0,3.707e-11,0.003
NGC205,18a158_212,B,766.0,1.951e-13,0.001
NGC205,18a158_212,B,774.0,5.972e-13,0.002
NGC205,18a158_212,B,778.0,2.443e-12,0.002
NGC205,18a158_212,B,782.0,5.946e-12,0.003
NGC205,18a158_212,B,786.0,3.147e-12,0.001
NGC205,18a158_212,B,790.0,1.550e-11,0.001
NGC205,18a158_212,B,794.0,4.252e-11,0.003
NGC205,18a158_212,B,798.0,4.880e-12,0.002
NGC205,12a152_212,A,2.0,1.472e-8,1.000
NGC205,12a152_212,A,6.0,1.819e-8,1.000
NGC205,12a152_212,A,10.0,1.491e-8,1.000
NGC205,12a152_212,A,14.0,1.145e-8,1.000
NGC205,12a152_212,A,18.0,9.892e-9,1.000
NGC205,12a152_212,A,22.0,8.500e-9,1.000
NGC205,12a152_212,A,26.0,7.194e-9,1.000
NGC205,12a152_212,A,30.0,5.905e-9,1.000
NGC205,12a152_212,A,34.0,4.946e-9,1.000
NGC205,12a152_212,A,38.0,4.115e-9,1.000
NGC205,12a152_212,A,42.0,3.235e-9,1.000
NGC205,12a152_212,A,46.0,2.596e-9,1.000
NGC205,12a152_212,A,50.0,2.019e-9,1.000
NGC205,12a152_212,A,54.0,1.538e-9,1.000
NGC205,12a152_212,A,58.0,1.102e-9,1.000
NGC205,12a152_212,A,62.0,1.720e-9,1.000
NGC205,12a152_212,A,66.0,9.538e-10,1.000
NGC205,12a152_212,A,70.0,5.761e-10,0.994
NGC205,12a152_212,A,74.0,4.523e-10,0.992
NGC205,12a152_212,A,78.0,4.115e-10,0.983
NGC205,12a152_212,A,82.0,4.450e-10,0.973
NGC205,12a152_212,A,86.0,3.115e-10,0.920
NGC205,12a152_212,A,90.0,2.648e-10,0.876
NGC205,12a152_212,A,94.0,1.989e-10,0.813
NGC205,12a152_212,A,98.0,1.763e-10,0.782
NGC205,12a152_212,A,102.0,1.652e-10,0.721
NGC205,12a152_212,A,106.0,1.975e-10,0.636
NGC205,12a152_212,A,110.0,1.210e-10,0.608
NGC205,12a152_212,A,114.0,1.405e-10,0.575
NGC205,12a152_212,A,118.0,6.231e-11,0.507
NGC205,12a152_212,A,122.0,4.887e-11,0.466
NGC205,12a152_212,A,126.0,8.541e-11,0.425
NGC205,12a152_212,A,130.0,1.821e-10,0.407
NGC205,12a152_212,A,134.0,3.556e-11,0.374
NGC205,12a152_212,A,138.0,3.158e-11,0.353
NGC205,12a152_212,A,142.0,2.396e-10,0.336
NGC205,12a152_212,A,146.0,1.532e-9,0.322
NGC205,12a152_212,A,150.0,1.212e-9,0.280
NGC205,12a152_212,A,154.0,2.507e-10,0.226
NGC205,12a152_212,A,158.0,2.828e-11,0.215
NGC205,12a152_212,A,162.0,4.926e-12,0.184
NGC205,12a152_212,A,166.0,1.656e-11,0.166
NGC205,12a152_212,A,170.0,1.894e-11,0.171
NGC205,12a152_212,A,174.0,4.556e-11,0.155
NGC205,12a152_212,A,178.0,1.212e-10,0.141
NGC205,12a152_212,A,182.0,5.400e-11,0.118
NGC205,12a152_212,A,186.0,2.278e-12,0.094
NGC205,12a152_212,A,190.0,2.061e-11,0.090
NGC205,12a152_212,A,194.0,3.840e-11,0.090
NGC205,12a152_212,A,198.0,1.389e-12,0.083
NGC205,12a152_212,A,202.0,1.363e-12,0.077
NGC205,12a152_212,A,206.0,6.738e-13,0.065
NGC205,12a152_212,A,210.0,8.325e-13,0.061
NGC205,12a152_212,A,214.0,2.034e-12,0.073
NGC205,12a152_212,A,218.0,2.821e-11,0.059
NGC205,12a152_212,A,222.0,1.698e-10,0.055
NGC205,12a152_212,A,226.0,1.187e-10,0.039
NGC205,12a152_212,A,230.0,1.791e-12,0.027
NGC205,12a152_212,A,234.0,3.184e-11,0.038
NGC205,12a152_212,A,238.0,8.165e-11,0.038
NGC205,12a152_212,A,242.0,6.754e-10,0.035
NGC205,12a152_212,A,246.0,3.725e-10,0.030
NGC205,12a152_212,A,250.0,3.627e-11,0.030
NGC205,12a152_212,A,254.0,2.108e-10,0.016
NGC205,12a152_212,A,258.0,5.537e-11,0.016
NGC205,12a152_212,A,262.0,1.145e-10,0.016
NGC205,12a152_212,A,266.0,2.781e-11,0.013
NGC205,12a152_212,A,270.0,1.836e-10,0.033
NGC205,12a152_212,A,274.0,1.153e-10,0.022
NGC205,12a152_212,A,278.0,1.177e-10,0.024
NGC205,12a152_212,A,282.0,5.634e-11,0.016
NGC205,12a152_212,A,286.0,9.093e-11,0.022
NGC205,12a152_212,A,290.0,1.764e-10,0.030
NGC205,12a152_212,A,294.0,1.341e-10,0.022
NGC205,12a152_212,A,298.0,7.960e-11,0.016
NGC205,12a152_212,A,302.0,1.867e-11,0.006
NGC205,12a152_212,A,306.0,5.480e-10,0.014
NGC205,12a152_212,A,310.0,3.528e-10,0.017
NGC205,12a152_212,A,314.0,4.281e-11,0.013
NGC205,12a152_212,A,318.0,2.338e-11,0.019
NGC205,12a152_212,A,322.0,4.748e-10,0.021
NGC205,12a152_212,A,326.0,5.063e-10,0.032
NGC205,12a152_212,A,330.0,3.462e-10,0.037
NGC205,12a152_212,A,334.0,1.430e-9,0.032
NGC205,12a152_212,A,338.0,1.262e-10,0.022
NGC205,12a152_212,A,342.0,7.448e-11,0.017
NGC205,12a152_212,A,346.0,4.503e-10,0.030
NGC205,12a152_212,A,350.0,9.399e-10,0.034
NGC205,12a152_212,A,354.0,6.730e-10,0.034
NGC205,12a152_212,A,358.0,5.607e-10,0.036
NGC205,12a152_212,A,362.0,7.361e-11,0.027
NGC205,12a152_212,A,366.0,1.623e-10,0.023
NGC205,12a152_212,A,370.0,1.644e-11,0.013
NGC205,12a152_212,A,374.0,9.330e-11,0.015
NGC205,12a152_212,A,378.0,4.343e-11,0.024
NGC205,12a152_212,A,382.0,3.040e-10,0.012
NGC205,12a152_212,A,386.0,3.806e-11,0.012
NGC205,12a152_212,A,390.0,7.769e-11,0.017
NGC205,12a152_212,A,394.0,3.094e-11,0.011
NGC205,12a152_212,A,398.0,5.397e-11,0.009
NGC205,12a152_212,A,402.0,1.054e-10,0.013
NGC205,12a152_212,A,406.0,1.369e-10,0.015
NGC205,12a152_212,A,410.0,2.468e-11,0.020
NGC205,12a152_212,A,414.0,1.066e-10,0.026
NGC205,12a152_212,A,418.0,6.505e-10,0.030
NGC205,12a152_212,A,422.0,5.269e-10,0.037
NGC205,12a152_212,A,426.0,4.967e-10,0.039
NGC205,12a152_212,A,430.0,5.590e-10,0.035
NGC205,12a152_212,A,434.0,5.154e-10,0.033
NGC205,12a152_212,A,438.0,1.606e-10,0.036
NGC205,12a152_212,A,442.0,4.743e-11,0.030
NGC205,12a152_212,A,446.0,3.683e-11,0.024
NGC205,12a152_212,A,450.0,3.013e-10,0.018
NGC205,12a152_212,A,454.0,1.886e-10,0.019
NGC205,12a152_212,A,458.0,3.990e-11,0.011
NGC205,12a152_212,A,462.0,3.176e-12,0.010
NGC205,12a152_212,A,466.0,2.267e-12,0.006
NGC205,12a152_212,A,470.0,1.152e-11,0.006
NGC205,12a152_212,A,474.0,1.220e-11,0.011
NGC205,12a152_212,A,478.0,1.092e-11,0.008
NGC205,12a152_212,A,482.0,7.048e-11,0.012
NGC205,12a152_212,A,486.0,8.065e-11,0.014
NGC205,12a152_212,A,490.0,8.790e-11,0.016
NGC205,12a152_212,A,494.0,5.390e-10,0.022
NGC205,12a152_212,A,498.0,1.991e-10,0.021
NGC205,12a152_212,A,502.0,4.592e-11,0.017
NGC205,12a152_212,A,506.0,5.655e-11,0.012
NGC205,12a152_212,A,510.0,4.960e-11,0.012
NGC205,12a152_212,A,514.0,1.105e-10,0.018
NGC205,12a152_212,A,518.0,2.391e-10,0.020
NGC205,12a152_212,A,522.0,5.052e-10,0.030
NGC205,12a152_212,A,526.0,6.300e-10,0.035
NGC205,12a152_212,A,530.0,2.265e-10,0.029
NGC205,12a152_212,A,534.0,1.467e-10,0.019
NGC205,12a152_212,A,538.0,1.234e-10,0.024
NGC205,12a152_212,A,542.0,6.168e-10,0.019
NGC205,12a152_212,A,546.0,1.779e-10,0.026
NGC205,12a152_212,A,550.0,3.340e-10,0.027
NGC205,12a152_212,A,554.0,3.526e-10,0.027
NGC205,12a152_212,A,558.0,4.095e-10,0.025
NGC205,12a152_212,A,562.0,1.604e-10,0.027
NGC205,12a152_212,A,566.0,1.569e-11,0.021
NGC205,12a152_212,A,570.0,8.177e-11,0.024
NGC205,12a152_212,A,574.0,8.868e-10,0.029
NGC205,12a152_212,A,578.0,3.399e-10,0.028
NGC205,12a152_212,A,582.0,1.147e-10,0.026
NGC205,12a152_212,A,586.0,1.810e-10,0.021
NGC205,12a152_212,A,590.0,6.220e-10,0.025
NGC205,12a152_212,A,594.0,3.119e-10,0.026
NGC205,12a152_212,A,598.0,4.362e-10,0.020
NGC205,12a152_212,A,602.0,2.723e-10,0.022
NGC205,12a152_212,A,606.0,2.652e-10,0.021
NGC205,12a152_212,A,610.0,5.017e-10,0.021
NGC205,12a152_212,A,614.0,3.222e-10,0.017
NGC205,12a152_212,A,618.0,1.348e-10,0.010
NGC205,12a152_212,A,622.0,2.123e-10,0.010
NGC205,12a152_212,A,626.0,7.256e-11,0.010
NGC205,12a152_212,A,630.0,9.471e-11,0.011
NGC205,12a152_212,A,634.0,2.320e-10,0.013
NGC205,12a152_212,A,638.0,1.297e-10,0.013
NGC205,12a152_212,A,642.0,2.358e-11,0.008
NGC205,12a152_212,A,646.0,3.776e-11,0.006
NGC205,12a152_212,A,650.0,2.591e-10,0.011
NGC205,12a152_212,A,654.0,2.486e-10,0.017
NGC205,12a152_212,A,658.0,4.882e-11,0.014
NGC205,12a152_212,A,662.0,1.057e-10,0.010
NGC205,12a152_212,A,666.0,2.197e-11,0.006
NGC205,12a152_212,A,670.0,1.489e-11,0.004
NGC205,12a152_212,A,674.0,3.823e-11,0.008
NGC205,12a152_212,A,678.0,2.440e-11,0.006
NGC205,12a152_212,A,682.0,3.469e-11,0.005
NGC205,12a152_212,A,686.0,4.631e-12,0.004
NGC205,12a152_212,A,690.0,1.646e-11,0.005
NGC205,12a152_212,A,694.0,5.483e-11,0.006
NGC205,12a152_212,A,698.0,2.363e-11,0.007
NGC205,12a152_212,A,702.0,1.860e-12,0.002
NGC205,12a152_212,A,706.0,7.130e-14,0.001
NGC205,12a152_212,A,714.0,3.559e-12,0.002
NGC205,12a152_212,A,718.0,2.494e-12,0.002
NGC205,12a152_212,A,722.0,8.566e-13,0.001
NGC205,12a152_212,A,726.0,3.799e-12,0.002
NGC205,12a152_212,A,730.0,6.113e-12,0.004
NGC205,12a152_212,A,734.0,8.300e-12,0.004
NGC205,12a152_212,A,738.0,2.753e-12,0.003
NGC205,12a152_212,A,742.0,2.184e-13,0.001
NGC205,12a152_212,A,746.0,1.812e-12,0.001
NGC205,12a152_212,A,750.0,4.386e-12,0.001
NGC205,12a152_212,A,754.0,1.187e-11,0.004
NGC205,12a152_212,A,758.0,4.590e-12,0.004
NGC205,12a152_212,A,762.0,3.230e-11,0.002
NGC205,12a152_212,A,766.0,3.413e-12,0.002
NGC205,12a152_212,A,774.0,1.247e-12,0.002
NGC205,12a152_212,A,778.0,4.808e-12,0.002
NGC205,12a152_212,A,782.0,7.193e-12,0.003
NGC205,12a152_212,A,786.0,3.046e-12,0.001
NGC205,12a152_212,A,790.0,2.265e-11,0.002
NGC205,12a152_212,A,794.0,3.707e-11,0.003
NGC205,12a152_212,A,798.0,4.918e-12,0.003
NGC205,12a152_212,A,802.0,2.528e-11,0.004
NGC205,12a152_212,A,806.0,4.340e-10,0.006
NGC205,12a152_212,A,810.0,2.626e-11,0.003
NGC205,12a152_212,A,814.0,1.666e-13,0.001
NGC205,12a152_212,A,818.0,1.417e-12,0.001
NGC205,12a152_212,A,822.0,1.008e-11,0.002
NGC205,12a152_212,A,826.0,1.236e-12,0.001
NGC205,12a152_212,B,2.0,1.472e-8,1.000
NGC205,12a152_212,B,6.0,1.819e-8,1.000
NGC205,12a152_212,B,10.0,1.491e-8,1.000
NGC205,12a152_212,B,14.0,1.136e-8,1.000
NGC205,12a152_212,B,18.0,9.508e-9,1.000
NGC205,12a152_212,B,22.0,7.846e-9,1.000
NGC205,12a152_212,B,26.0,6.364e-9,1.000
NGC205,12a152_212,B,30.0,4.688e-9,1.000
NGC205,12a152_212,B,34.0,3.483e-9,1.000
NGC205,12a152_212,B,38.0,2.615e-9,1.000
NGC205,12a152_212,B,42.0,1.778e-9,1.000
NGC205,12a152_212,B,46.0,1.357e-9,1.000
NGC205,12a152_212,B,50.0,1.019e-9,1.000
NGC205,12a152_212,B,54.0,7.170e-10,1.000
NGC205,12a152_212,B,58.0,4.782e-10,1.000
NGC205,12a152_212,B,62.0,1.242e-9,0.987
NGC205,12a152_212,B,66.0,5.343e-10,0.970
NGC205,12a152_212,B,70.0,2.177e-10,0.926
NGC205,12a152_212,B,74.0,1.614e-10,0.879
NGC205,12a152_212,B,78.0,1.439e-10,0.831
NGC205,12a152_212,B,82.0,1.983e-10,0.777
NGC205,12a152_212,B,86.0,1.015e-10,0.740
NGC205,12a152_212,B,90.0,8.300e-11,0.659
NGC205,12a152_212,B,94.0,5.721e-11,0.558
NGC205,12a152_212,B,98.0,4.898e-11,0.534
NGC205,12a152_212,B,102.0,5.616e-11,0.490
NGC205,12a152_212,B,106.0,7.854e-11,0.455
NGC205,12a152_212,B,110.0,3.192e-11,0.425
NGC205,12a152_212,B,114.0,6.684e-11,0.375
NGC205,12a152_212,B,118.0,1.028e-11,0.328
NGC205,12a152_212,B,122.0,6.931e-12,0.284
NGC205,12a152_212,B,126.0,4.628e-11,0.257
NGC205,12a152_212,B,130.0,1.461e-10,0.212
NGC205,12a152_212,B,134.0,6.742e-12,0.189
NGC205,12a152_212,B,138.0,7.042e-12,0.136
NGC205,12a152_212,B,142.0,2.159e-10,0.120
NGC205,12a152_212,B,146.0,1.503e-9,0.116
NGC205,12a152_212,B,150.0,1.186e-9,0.096
NGC205,12a152_212,B,154.0,2.325e-10,0.074
NGC205,12a152_212,B,158.0,1.241e-11,0.052
NGC205,12a152_212,B,162.0,2.611e-13,0.024
NGC205,12a152_212,B,166.0,7.947e-12,0.021
NGC205,12a152_212,B,170.0,1.114e-11,0.013
NGC205,12a152_212,B,174.0,4.028e-11,0.016
NGC205,12a152_212,B,178.0,1.092e-10,0.026
NGC205,12a152_212,B,182.0,4.923e-11,0.012
NGC205,12a152_212,B,186.0,2.863e-13,0.007
NGC205,12a152_212,B,190.0,1.041e-11,0.010
NGC205,12a152_212,B,194.0,3.361e-11,0.017
NGC205,12a152_212,B,198.0,3.618e-14,0.004
NGC205,12a152_212,B,202.0,3.898e-14,0.003
NGC205,12a152_212,B,206.0,1.317e-15,0.001
NGC205,12a152_212,B,210.0,2.670e-14,0.004
NGC205,12a152_212,B,214.0,2.558e-13,0.007
NGC205,12a152_212,B,218.0,1.823e-11,0.014
NGC205,12a152_212,B,222.0,1.633e-10,0.013
NGC205,12a152_212,B,226.0,1.122e-10,0.009
NGC205,12a152_212,B,230.0,6.806e-13,0.002
NGC205,12a152_212,B,234.0,2.468e-11,0.015
NGC205,12a152_212,B,238.0,6.936e-11,0.022
NGC205,12a152_212,B,242.0,6.645e-10,0.023
NGC205,12a152_212,B,246.0,3.608e-10,0.020
NGC205,12a152_212,B,250.0,2.907e-11,0.016
NGC205,12a152_212,B,254.0,2.072e-10,0.011
NGC205,12a152_212,B,258.0,5.207e-11,0.010
NGC205,12a152_212,B,262.0,1.084e-10,0.010
NGC205,12a152_212,B,266.0,2.146e-11,0.008
NGC205,12a152_212,B,270.0,1.710e-10,0.026
NGC205,12a152_212,B,274.0,1.069e-10,0.015
NGC205,12a152_212,B,278.0,1.061e-10,0.017
NGC205,12a152_212,B,282.0,4.813e-11,0.013
NGC205,12a152_212,B,286.0,7.633e-11,0.020
NGC205,12a152_212,B,290.0,1.637e-10,0.023
NGC205,12a152_212,B,294.0,1.281e-10,0.016
NGC205,12a152_212,B,298.0,7.477e-11,0.008
NGC205,12a152_212,B,302.0,1.641e-11,0.004
NGC205,12a152_212,B,306.0,5.426e-10,0.011
NGC205,12a152_212,B,310.0,3.454e-10,0.014
NGC205,12a152_212,B,314.0,3.486e-11,0.010
NGC205,12a152_212,B,318.0,1.548e-11,0.012
NGC205,12a152_212,B,322.0,4.687e-10,0.015
NGC205,12a152_212,B,326.0,4.964e-10,0.024
NGC205,12a152_212,B,330.0,3.298e-10,0.027
NGC205,12a152_212,B,334.0,1.417e-9,0.026
NGC205,12a152_212,B,338.0,1.191e-10,0.017
NGC205,12a152_212,B,342.0,7.181e-11,0.010
NGC205,12a152_212,B,346.0,4.392e-10,0.022
NGC205,12a152_212,B,350.0,9.255e-10,0.028
NGC205,12a152_212,B,354.0,6.631e-10,0.026
NGC205,12a152_212,B,358.0,5.471e-10,0.032
NGC205,12a152_212,B,362.0,5.870e-11,0.023
NGC205,12a152_212,B,366.0,1.539e-10,0.016
NGC205,12a152_212,B,370.0,1.170e-11,0.009
NGC205,12a152_212,B,374.0,8.661e-11,0.012
NGC205,12a152_212,B,378.0,2.855e-11,0.016
NGC205,12a152_212,B,382.0,3.015e-10,0.009
NGC205,12a152_212,B,386.0,3.449e-11,0.008
NGC205,12a152_212,B,390.0,6.544e-11,0.014
NGC205,12a152_212,B,394.0,2.708e-11,0.008
NGC205,12a152_212,B,398.0,5.180e-11,0.006
NGC205,12a152_212,B,402.0,1.009e-10,0.010
NGC205,12a152_212,B,406.0,1.350e-10,0.008
NGC205,12a152_212,B,410.0,1.813e-11,0.012
NGC205,12a152_212,B,414.0,9.599e-11,0.019
NGC205,12a152_212,B,418.0,6.370e-10,0.025
NGC205,12a152_212,B,422.0,5.098e-10,0.029
NGC205,12a152_212,B,426.0,4.825e-10,0.029
NGC205,12a152_212,B,430.0,5.458e-10,0.029
NGC205,12a152_212,B,434.0,5.011e-10,0.027
NGC205,12a152_212,B,438.0,1.441e-10,0.029
NGC205,12a152_212,B,442.0,3.799e-11,0.019
NGC205,12a152_212,B,446.0,2.888e-11,0.014
NGC205,12a152_212,B,450.0,2.935e-10,0.014
NGC205,12a152_212,B,454.0,1.831e-10,0.014
NGC205,12a152_212,B,458.0,3.483e-11,0.007
NGC205,12a152_212,B,462.0,1.222e-12,0.007
NGC205,12a152_212,B,466.0,8.290e-13,0.004
NGC205,12a152_212,B,470.0,9.891e-12,0.004
NGC205,12a152_212,B,474.0,7.749e-12,0.007
NGC205,12a152_212,B,478.0,8.401e-12,0.005
NGC205,12a152_212,B,482.0,6.499e-11,0.009
NGC205,12a152_212,B,486.0,7.317e-11,0.010
NGC205,12a152_212,B,490.0,8.379e-11,0.011
NGC205,12a152_212,B,494.0,5.299e-10,0.018
NGC205,12a152_212,B,498.0,1.913e-10,0.016
NGC205,12a152_212,B,502.0,3.831e-11,0.012
NGC205,12a152_212,B,506.0,5.074e-11,0.009
NGC205,12a152_212,B,510.0,4.546e-11,0.009
NGC205,12a152_212,B,514.0,1.064e-10,0.011
NGC205,12a152_212,B,518.0,2.294e-10,0.017
NGC205,12a152_212,B,522.0,4.964e-10,0.022
NGC205,12a152_212,B,526.0,6.174e-10,0.028
NGC205,12a152_212,B,530.0,2.123e-10,0.023
NGC205,12a152_212,B,534.0,1.390e-10,0.015
NGC205,12a152_212,B,538.0,1.146e-10,0.016
NGC205,12a152_212,B,542.0,6.125e-10,0.015
NGC205,12a152_212,B,546.0,1.664e-10,0.019
NGC205,12a152_212,B,550.0,3.233e-10,0.020
NGC205,12a152_212,B,554.0,3.416e-10,0.022
NGC205,12a152_212,B,558.0,4.014e-10,0.019
NGC205,12a152_212,B,562.0,1.476e-10,0.018
NGC205,12a152_212,B,566.0,6.841e-12,0.015
NGC205,12a152_212,B,570.0,7.255e-11,0.018
NGC205,12a152_212,B,574.0,8.753e-10,0.023
NGC205,12a152_212,B,578.0,3.301e-10,0.021
NGC205,12a152_212,B,582.0,1.024e-10,0.019
NGC205,12a152_212,B,586.0,1.730e-10,0.014
NGC205,12a152_212,B,590.0,6.127e-10,0.019
NGC205,12a152_212,B,594.0,3.007e-10,0.020
NGC205,12a152_212,B,598.0,4.275e-10,0.016
NGC205,12a152_212,B,602.0,2.606e-10,0.017
NGC205,12a152_212,B,606.0,2.560e-10,0.015
NGC205,12a152_212,B,610.0,4.950e-10,0.017
NGC205,12a152_212,B,614.0,3.159e-10,0.013
NGC205,12a152_212,B,618.0,1.320e-10,0.007
NGC205,12a152_212,B,622.0,2.083e-10,0.006
NGC205,12a152_212,B,626.0,7.003e-11,0.008
NGC205,12a152_212,B,630.0,8.653e-11,0.010
NGC205,12a152_212,B,634.0,2.270e-10,0.011
NGC205,12a152_212,B,638.0,1.244e-10,0.009
NGC205,12a152_212,B,642.0,2.241e-11,0.005
NGC205,12a152_212,B,646.0,3.569e-11,0.005
NGC205,12a152_212,B,650.0,2.542e-10,0.009
NGC205,12a152_212,B,654.0,2.423e-10,0.013
NGC205,12a152_212,B,658.0,4.261e-11,0.011
NGC205,12a152_212,B,662.0,1.035e-10,0.006
NGC205,12a152_212,B,666.0,1.950e-11,0.005
NGC205,12a152_212,B,670.0,1.171e-11,0.004
NGC205,12a152_212,B,674.0,3.450e-11,0.006
NGC205,12a152_212,B,678.0,2.203e-11,0.004
NGC205,12a152_212,B,682.0,3.201e-11,0.003
NGC205,12a152_212,B,686.0,3.940e-12,0.002
NGC205,12a152_212,B,690.0,1.479e-11,0.004
NGC205,12a152_212,B,694.0,5.242e-11,0.006
NGC205,12a152_212,B,698.0,2.110e-11,0.005
NGC205,12a152_212,B,702.0,7.842e-13,0.002
NGC205,12a152_212,B,706.0,1.342e-14,0.000
NGC205,12a152_212,B,714.0,2.475e-12,0.001
NGC205,12a152_212,B,718.0,1.146e-12,0.002
NGC205,12a152_212,B,722.0,3.814e-13,0.001
NGC205,12a152_212,B,726.0,3.406e-12,0.001
NGC205,12a152_212,B,730.0,4.401e-12,0.003
NGC205,12a152_212,B,734.0,7.138e-12,0.003
NGC205,12a152_212,B,738.0,1.251e-12,0.002
NGC205,12a152_212,B,742.0,5.662e-14,0.001
NGC205,12a152_212,B,746.0,1.084e-12,0.001
NGC205,12a152_212,B,750.0,4.041e-12,0.001
NGC205,12a152_212,B,754.0,9.963e-12,0.004
NGC205,12a152_212,B,758.0,2.634e-12,0.003
NGC205,12a152_212,B,762.0,3.076e-11,0.002
NGC205,12a152_212,B,766.0,3.085e-12,0.002
NGC205,12a152_212,B,774.0,5.454e-13,0.001
NGC205,12a152_212,B,778.0,3.110e-12,0.002
NGC205,12a152_212,B,782.0,6.110e-12,0.002
NGC205,12a152_212,B,786.0,2.961e-12,0.001
NGC205,12a152_212,B,790.0,2.198e-11,0.001
NGC205,12a152_212,B,794.0,3.604e-11,0.003
NGC205,12a152_212,B,798.0,3.658e-12,0.002
NGC205,12a152_212,B,802.0,2.446e-11,0.003
NGC205,12a152_212,B,806.0,4.330e-10,0.004
NGC205,12a152_212,B,810.0,2.493e-11,0.002
NGC205,12a152_212,B,814.0,3.821e-14,0.001
NGC205,12a152_212,B,818.0,8.487e-13,0.001
NGC205,12a152_212,B,822.0,9.593e-12,0.002
NGC205,12a152_212,B,826.0,5.712e-13,0.001
NGC205,18a158_220,A,2.0,1.473e-8,1.000
NGC205,18a158_220,A,6.0,1.774e-8,1.000
NGC205,18a158_220,A,10.0,1.471e-8,1.000
NGC205,18a158_220,A,14.0,1.157e-8,1.000
NGC205,18a158_220,A,18.0,9.809e-9,1.000
NGC205,18a158_220,A,22.0,8.454e-9,1.000
NGC205,18a158_220,A,26.0,7.165e-9,1.000
NGC205,18a158_220,A,30.0,6.094e-9,1.000
NGC205,18a158_220,A,34.0,5.283e-9,1.000
NGC205,18a158_220,A,38.0,4.527e-9,1.000
NGC205,18a158_220,A,42.0,3.761e-9,1.000
NGC205,18a158_220,A,46.0,3.301e-9,1.000
NGC205,18a158_220,A,50.0,2.808e-9,1.000
NGC205,18a158_220,A,54.0,2.441e-9,1.000
NGC205,18a158_220,A,58.0,1.991e-9,1.000
NGC205,18a158_220,A,62.0,2.490e-9,1.000
NGC205,18a158_220,A,66.0,1.732e-9,1.000
NGC205,18a158_220,A,70.0,1.310e-9,1.000
NGC205,18a158_220,A,74.0,1.093e-9,1.000
NGC205,18a158_220,A,78.0,1.015e-9,1.000
NGC205,18a158_220,A,82.0,9.838e-10,1.000
NGC205,18a158_220,A,86.0,7.978e-10,0.995
NGC205,18a158_220,A,90.0,7.054e-10,0.987
NGC205,18a158_220,A,94.0,5.373e-10,0.958
NGC205,18a158_220,A,98.0,5.074e-10,0.935
NGC205,18a158_220,A,102.0,4.281e-10,0.889
NGC205,18a158_220,A,106.0,4.326e-10,0.870
NGC205,18a158_220,A,110.0,3.313e-10,0.844
NGC205,18a158_220,A,114.0,3.096e-10,0.790
NGC205,18a158_220,A,118.0,2.152e-10,0.739
NGC205,18a158_220,A,122.0,1.779e-10,0.691
NGC205,18a158_220,A,126.0,1.758e-10,0.610
NGC205,18a158_220,A,130.0,2.479e-10,0.581
NGC205,18a158_220,A,134.0,1.294e-10,0.530
NGC205,18a158_220,A,138.0,9.668e-11,0.490
NGC205,18a158_220,A,142.0,2.103e-10,0.482
NGC205,18a158_220,A,146.0,1.698e-9,0.445
NGC205,18a158_220,A,150.0,1.365e-9,0.415
NGC205,18a158_220,A,154.0,4.008e-10,0.363
NGC205,18a158_220,A,158.0,7.207e-11,0.349
NGC205,18a158_220,A,162.0,3.278e-11,0.319
NGC205,18a158_220,A,166.0,3.855e-11,0.292
NGC205,18a158_220,A,170.0,4.389e-11,0.279
NGC205,18a158_220,A,174.0,7.939e-11,0.259
NGC205,18a158_220,A,178.0,1.469e-10,0.272
NGC205,18a158_220,A,182.0,6.824e-11,0.235
NGC205,18a158_220,A,186.0,1.570e-11,0.228
NGC205,18a158_220,A,190.0,2.110e-11,0.207
NGC205,18a158_220,A,194.0,6.921e-11,0.198
NGC205,18a158_220,A,198.0,1.292e-11,0.184
NGC205,18a158_220,A,202.0,1.194e-11,0.190
NGC205,18a158_220,A,206.0,1.022e-11,0.167
NGC205,18a158_220,A,210.0,1.113e-11,0.156
NGC205,18a158_220,A,214.0,1.419e-11,0.148
NGC205,18a158_220,A,218.0,3.771e-11,0.150
NGC205,18a158_220,A,222.0,1.553e-10,0.159
NGC205,18a158_220,A,226.0,1.875e-10,0.141
NGC205,18a158_220,A,230.0,6.330e-12,0.130
NGC205,18a158_220,A,234.0,2.855e-11,0.122
NGC205,18a158_220,A,238.0,1.214e-10,0.124
NGC205,18a158_220,A,242.0,6.405e-10,0.116
NGC205,18a158_220,A,246.0,3.713e-10,0.114
NGC205,18a158_220,A,250.0,4.106e-11,0.095
NGC205,18a158_220,A,254.0,1.903e-10,0.068
NGC205,18a158_220,A,258.0,8.592e-11,0.069
NGC205,18a158_220,A,262.0,1.250e-10,0.057
NGC205,18a158_220,A,266.0,2.770e-11,0.055
NGC205,18a158_220,A,270.0,2.571e-10,0.061
NGC205,18a158_220,A,274.0,1.016e-10,0.054
NGC205,18a158_220,A,278.0,1.313e-10,0.043
NGC205,18a158_220,A,282.0,8.319e-11,0.048
NGC205,18a158_220,A,286.0,9.400e-11,0.040
NGC205,18a158_220,A,290.0,1.932e-10,0.040
NGC205,18a158_220,A,294.0,1.382e-10,0.039
NGC205,18a158_220,A,298.0,6.997e-11,0.023
NGC205,18a158_220,A,302.0,3.129e-11,0.014
NGC205,18a158_220,A,306.0,4.434e-10,0.017
NGC205,18a158_220,A,310.0,5.224e-10,0.029
NGC205,18a158_220,A,314.0,2.757e-11,0.022
NGC205,18a158_220,A,318.0,2.389e-11,0.025
NGC205,18a158_220,A,322.0,4.009e-10,0.030
NGC205,18a158_220,A,326.0,5.196e-10,0.040
NGC205,18a158_220,A,330.0,4.280e-10,0.055
NGC205,18a158_220,A,334.0,1.513e-9,0.042
NGC205,18a158_220,A,338.0,8.679e-11,0.031
NGC205,18a158_220,A,342.0,8.612e-11,0.031
NGC205,18a158_220,A,346.0,4.129e-10,0.040
NGC205,18a158_220,A,350.0,9.686e-10,0.042
NGC205,18a158_220,A,354.0,5.203e-10,0.047
NGC205,18a158_220,A,358.0,7.204e-10,0.043
NGC205,18a158_220,A,362.0,8.559e-11,0.035
NGC205,18a158_220,A,366.0,1.598e-10,0.030
NGC205,18a158_220,A,370.0,2.908e-11,0.025
NGC205,18a158_220,A,374.0,9.596e-11,0.023
NGC205,18a158_220,A,378.0,5.929e-11,0.035
NGC205,18a158_220,A,382.0,2.861e-10,0.015
NGC205,18a158_220,A,386.0,4.631e-11,0.021
NGC205,18a158_220,A,390.0,7.349e-11,0.025
NGC205,18a158_220,A,394.0,3.667e-11,0.013
NGC205,18a158_220,A,398.0,4.744e-11,0.012
NGC205,18a158_220,A,402.0,1.168e-10,0.023
NGC205,18a158_220,A,406.0,1.499e-10,0.030
NGC205,18a158_220,A,410.0,2.615e-11,0.031
NGC205,18a158_220,A,414.0,1.144e-10,0.036
NGC205,18a158_220,A,418.0,6.766e-10,0.038
NGC205,18a158_220,A,422.0,4.664e-10,0.049
NGC205,18a158_220,A,426.0,5.802e-10,0.055
NGC205,18a158_220,A,430.0,6.036e-10,0.048
NGC205,18a158_220,A,434.0,4.330e-10,0.041
NGC205,18a158_220,A,438.0,1.705e-10,0.049
NGC205,18a158_220,A,442.0,6.568e-11,0.046
NGC205,18a158_220,A,446.0,3.656e-11,0.037
NGC205,18a158_220,A,450.0,2.133e-10,0.037
NGC205,18a158_220,A,454.0,2.946e-10,0.027
NGC205,18a158_220,A,458.0,5.681e-11,0.022
NGC205,18a158_220,A,462.0,4.727e-12,0.017
NGC205,18a158_220,A,466.0,7.773e-12,0.015
NGC205,18a158_220,A,470.0,1.453e-11,0.010
NGC205,18a158_220,A,474.0,2.031e-11,0.016
NGC205,18a158_220,A,478.0,1.831e-11,0.013
NGC205,18a158_220,A,482.0,6.711e-11,0.018
NGC205,18a158_220,A,486.0,8.713e-11,0.020
NGC205,18a158_220,A,490.0,1.082e-10,0.027
NGC205,18a158_220,A,494.0,5.979e-10,0.027
NGC205,18a158_220,A,498.0,1.707e-10,0.027
NGC205,18a158_220,A,502.0,3.622e-11,0.023
NGC205,18a158_220,A,506.0,8.414e-11,0.024
NGC205,18a158_220,A,510.0,7.095e-11,0.019
NGC205,18a158_220,A,514.0,9.275e-11,0.030
NGC205,18a158_220,A,518.0,2.888e-10,0.029
NGC205,18a158_220,A,522.0,3.821e-10,0.035
NGC205,18a158_220,A,526.0,6.362e-10,0.047
NGC205,18a158_220,A,530.0,2.580e-10,0.040
NGC205,18a158_220,A,534.0,1.200e-10,0.032
NGC205,18a158_220,A,538.0,1.185e-10,0.035
NGC205,18a158_220,A,542.0,6.088e-10,0.030
NGC205,18a158_220,A,546.0,1.821e-10,0.036
NGC205,18a158_220,A,550.0,3.486e-10,0.040
NGC205,18a158_220,A,554.0,3.351e-10,0.038
NGC205,18a158_220,A,558.0,4.784e-10,0.034
NGC205,18a158_220,A,562.0,9.550e-11,0.041
NGC205,18a158_220,A,566.0,3.465e-11,0.033
NGC205,18a158_220,A,570.0,1.282e-10,0.035
NGC205,18a158_220,A,574.0,7.548e-10,0.045
NGC205,18a158_220,A,578.0,4.556e-10,0.038
NGC205,18a158_220,A,582.0,1.377e-10,0.036
NGC205,18a158_220,A,586.0,1.763e-10,0.032
NGC205,18a158_220,A,590.0,6.265e-10,0.037
NGC205,18a158_220,A,594.0,2.366e-10,0.034
NGC205,18a158_220,A,598.0,4.955e-10,0.030
NGC205,18a158_220,A,602.0,1.957e-10,0.031
NGC205,18a158_220,A,606.0,4.344e-10,0.031
NGC205,18a158_220,A,610.0,3.871e-10,0.029
NGC205,18a158_220,A,614.0,3.738e-10,0.024
NGC205,18a158_220,A,618.0,2.629e-10,0.018
NGC205,18a158_220,A,622.0,6.589e-11,0.014
NGC205,18a158_220,A,626.0,7.708e-11,0.016
NGC205,18a158_220,A,630.0,5.715e-11,0.019
NGC205,18a158_220,A,634.0,2.936e-10,0.021
NGC205,18a158_220,A,638.0,7.350e-11,0.020
NGC205,18a158_220,A,642.0,3.252e-11,0.011
NGC205,18a158_220,A,646.0,4.702e-11,0.009
NGC205,18a158_220,A,650.0,2.854e-10,0.015
NGC205,18a158_220,A,654.0,2.151e-10,0.021
NGC205,18a158_220,A,658.0,8.250e-11,0.018
NGC205,18a158_220,A,662.0,6.486e-11,0.012
NGC205,18a158_220,A,666.0,4.616e-11,0.009
NGC205,18a158_220,A,670.0,1.830e-11,0.007
NGC205,18a158_220,A,674.0,4.073e-11,0.010
NGC205,18a158_220,A,678.0,2.612e-11,0.009
NGC205,18a158_220,A,682.0,2.669e-11,0.006
NGC205,18a158_220,A,686.0,1.192e-11,0.006
NGC205,18a158_220,A,690.0,1.887e-11,0.009
NGC205,18a158_220,A,694.0,6.160e-11,0.009
NGC205,18a158_220,A,698.0,1.903e-11,0.008
NGC205,18a158_220,A,702.0,3.440e-12,0.004
NGC205,18a158_220,A,706.0,2.259e-13,0.001
NGC205,18a158_220,A,710.0,4.779e-16,0.001
NGC205,18a158_220,A,714.0,3.352e-12,0.004
NGC205,18a158_220,A,718.0,4.978e-12,0.004
NGC205,18a158_220,A,722.0,7.976e-13,0.002
NGC205,18a158_220,A,726.0,6.042e-12,0.004
NGC205,18a158_220,A,730.0,5.997e-12,0.004
NGC205,18a158_220,A,734.0,7.370e-12,0.006
NGC205,18a158_220,A,738.0,4.411e-12,0.004
NGC205,18a158_220,A,742.0,3.635e-13,0.002
NGC205,18a158_220,A,746.0,3.300e-12,0.002
NGC205,18a158_220,A,750.0,5.524e-12,0.002
NGC205,18a158_220,A,754.0,1.085e-11,0.005
NGC205,18a158_220,A,758.0,1.090e-11,0.006
NGC205,18a158_220,A,762.0,3.840e-11,0.004
NGC205,18a158_220,A,766.0,9.614e-13,0.003
NGC205,18a158_220,A,770.0,8.525e-15,0.000
NGC205,18a158_220,A,774.0,1.952e-12,0.002
NGC205,18a158_220,A,778.0,4.791e-12,0.003
NGC205,18a158_220,A,782.0,7.818e-12,0.004
NGC205,18a158_220,A,786.0,3.589e-12,0.003
NGC205,18a158_220,A,790.0,1.619e-11,0.002
NGC205,18a158_220,A,794.0,4.413e-11,0.004
NGC205,18a158_220,A,798.0,6.612e-12,0.004
NGC205,18a158_220,B,2.0,1.473e-8,1.000
NGC205,18a158_220,B,6.0,1.774e-8,1.000
NGC205,18a158_220,B,10.0,1.471e-8,1.000
NGC205,18a158_220,B,14.0,1.157e-8,1.000
NGC205,18a158_220,B,18.0,9.809e-9,1.000
NGC205,18a158_220,B,22.0,8.454e-9,1.000
NGC205,18a158_220,B,26.0,7.164e-9,1.000
NGC205,18a158_220,B,30.0,6.064e-9,1.000
NGC205,18a158_220,B,34.0,5.142e-9,1.000
NGC205,18a158_220,B,38.0,4.252e-9,1.000
NGC205,18a158_220,B,42.0,3.425e-9,1.000
NGC205,18a158_220,B,46.0,2.857e-9,1.000
NGC205,18a158_220,B,50.0,2.238e-9,1.000
NGC205,18a158_220,B,54.0,1.758e-9,1.000
NGC205,18a158_220,B,58.0,1.270e-9,1.000
NGC205,18a158_220,B,62.0,1.785e-9,1.000
NGC205,18a158_220,B,66.0,1.084e-9,1.000
NGC205,18a158_220,B,70.0,6.717e-10,0.997
NGC205,18a158_220,B,74.0,5.223e-10,0.993
NGC205,18a158_220,B,78.0,4.757e-10,0.995
NGC205,18a158_220,B,82.0,5.026e-10,0.984
NGC205,18a158_220,B,86.0,3.601e-10,0.963
NGC205,18a158_220,B,90.0,3.170e-10,0.930
NGC205,18a158_220,B,94.0,2.301e-10,0.868
NGC205,18a158_220,B,98.0,2.195e-10,0.823
NGC205,18a158_220,B,102.0,1.867e-10,0.789
NGC205,18a158_220,B,106.0,2.210e-10,0.707
NGC205,18a158_220,B,110.0,1.481e-10,0.669
NGC205,18a158_220,B,114.0,1.516e-10,0.631
NGC205,18a158_220,B,118.0,8.590e-11,0.556
NGC205,18a158_220,B,122.0,6.862e-11,0.508
NGC205,18a158_220,B,126.0,8.200e-11,0.474
NGC205,18a158_220,B,130.0,1.689e-10,0.458
NGC205,18a158_220,B,134.0,5.442e-11,0.427
NGC205,18a158_220,B,138.0,3.677e-11,0.380
NGC205,18a158_220,B,142.0,1.492e-10,0.387
NGC205,18a158_220,B,146.0,1.643e-9,0.353
NGC205,18a158_220,B,150.0,1.318e-9,0.319
NGC205,18a158_220,B,154.0,3.615e-10,0.273
NGC205,18a158_220,B,158.0,3.688e-11,0.261
NGC205,18a158_220,B,162.0,8.186e-12,0.222
NGC205,18a158_220,B,166.0,1.621e-11,0.201
NGC205,18a158_220,B,170.0,2.225e-11,0.197
NGC205,18a158_220,B,174.0,5.769e-11,0.189
NGC205,18a158_220,B,178.0,1.254e-10,0.174
NGC205,18a158_220,B,182.0,5.181e-11,0.148
NGC205,18a158_220,B,186.0,3.235e-12,0.131
NGC205,18a158_220,B,190.0,9.517e-12,0.114
NGC205,18a158_220,B,194.0,5.439e-11,0.117
NGC205,18a158_220,B,198.0,2.550e-12,0.104
NGC205,18a158_220,B,202.0,2.241e-12,0.111
NGC205,18a158_220,B,206.0,1.912e-12,0.097
NGC205,18a158_220,B,210.0,2.733e-12,0.082
NGC205,18a158_220,B,214.0,4.411e-12,0.092
NGC205,18a158_220,B,218.0,2.711e-11,0.083
NGC205,18a158_220,B,222.0,1.458e-10,0.083
NGC205,18a158_220,B,226.0,1.799e-10,0.058
NGC205,18a158_220,B,230.0,1.367e-12,0.051
NGC205,18a158_220,B,234.0,1.918e-11,0.044
NGC205,18a158_220,B,238.0,1.115e-10,0.058
NGC205,18a158_220,B,242.0,6.316e-10,0.049
NGC205,18a158_220,B,246.0,3.638e-10,0.044
NGC205,18a158_220,B,250.0,3.362e-11,0.035
NGC205,18a158_220,B,254.0,1.863e-10,0.021
NGC205,18a158_220,B,258.0,8.087e-11,0.022
NGC205,18a158_220,B,262.0,1.191e-10,0.022
NGC205,18a158_220,B,266.0,2.317e-11,0.021
NGC205,18a158_220,B,270.0,2.499e-10,0.036
NGC205,18a158_220,B,274.0,9.323e-11,0.027
NGC205,18a158_220,B,278.0,1.263e-10,0.024
NGC205,18a158_220,B,282.0,7.723e-11,0.025
NGC205,18a158_220,B,286.0,8.761e-11,0.027
NGC205,18a158_220,B,290.0,1.859e-10,0.030
NGC205,18a158_220,B,294.0,1.321e-10,0.026
NGC205,18a158_220,B,298.0,6.769e-11,0.013
NGC205,18a158_220,B,302.0,2.882e-11,0.010
NGC205,18a158_220,B,306.0,4.415e-10,0.009
NGC205,18a158_220,B,310.0,5.180e-10,0.023
NGC205,18a158_220,B,314.0,1.995e-11,0.015
NGC205,18a158_220,B,318.0,1.868e-11,0.018
NGC205,18a158_220,B,322.0,3.962e-10,0.023
NGC205,18a158_220,B,326.0,5.111e-10,0.032
NGC205,18a158_220,B,330.0,4.181e-10,0.041
NGC205,18a158_220,B,334.0,1.506e-9,0.035
NGC205,18a158_220,B,338.0,7.886e-11,0.023
NGC205,18a158_220,B,342.0,8.253e-11,0.019
NGC205,18a158_220,B,346.0,4.041e-10,0.029
NGC205,18a158_220,B,350.0,9.596e-10,0.035
NGC205,18a158_220,B,354.0,5.125e-10,0.033
NGC205,18a158_220,B,358.0,7.127e-10,0.037
NGC205,18a158_220,B,362.0,7.614e-11,0.028
NGC205,18a158_220,B,366.0,1.518e-10,0.024
NGC205,18a158_220,B,370.0,2.487e-11,0.016
NGC205,18a158_220,B,374.0,9.164e-11,0.016
NGC205,18a158_220,B,378.0,5.275e-11,0.025
NGC205,18a158_220,B,382.0,2.848e-10,0.011
NGC205,18a158_220,B,386.0,4.248e-11,0.012
NGC205,18a158_220,B,390.0,6.948e-11,0.018
NGC205,18a158_220,B,394.0,3.352e-11,0.011
NGC205,18a158_220,B,398.0,4.493e-11,0.008
NGC205,18a158_220,B,402.0,1.122e-10,0.015
NGC205,18a158_220,B,406.0,1.464e-10,0.017
NGC205,18a158_220,B,410.0,2.052e-11,0.021
NGC205,18a158_220,B,414.0,1.049e-10,0.028
NGC205,18a158_220,B,418.0,6.697e-10,0.032
NGC205,18a158_220,B,422.0,4.556e-10,0.037
NGC205,18a158_220,B,426.0,5.715e-10,0.042
NGC205,18a158_220,B,430.0,5.970e-10,0.037
NGC205,18a158_220,B,434.0,4.237e-10,0.036
NGC205,18a158_220,B,438.0,1.583e-10,0.039
NGC205,18a158_220,B,442.0,5.492e-11,0.034
NGC205,18a158_220,B,446.0,2.974e-11,0.025
NGC205,18a158_220,B,450.0,2.065e-10,0.022
NGC205,18a158_220,B,454.0,2.906e-10,0.020
NGC205,18a158_220,B,458.0,5.348e-11,0.013
NGC205,18a158_220,B,462.0,2.825e-12,0.011
NGC205,18a158_220,B,466.0,4.119e-12,0.008
NGC205,18a158_220,B,470.0,1.152e-11,0.007
NGC205,18a158_220,B,474.0,1.768e-11,0.010
NGC205,18a158_220,B,478.0,1.601e-11,0.010
NGC205,18a158_220,B,482.0,6.474e-11,0.012
NGC205,18a158_220,B,486.0,8.352e-11,0.013
NGC205,18a158_220,B,490.0,1.027e-10,0.017
NGC205,18a158_220,B,494.0,5.941e-10,0.022
NGC205,18a158_220,B,498.0,1.643e-10,0.023
NGC205,18a158_220,B,502.0,3.034e-11,0.018
NGC205,18a158_220,B,506.0,8.023e-11,0.017
NGC205,18a158_220,B,510.0,6.689e-11,0.013
NGC205,18a158_220,B,514.0,8.828e-11,0.017
NGC205,18a158_220,B,518.0,2.816e-10,0.022
NGC205,18a158_220,B,522.0,3.735e-10,0.029
NGC205,18a158_220,B,526.0,6.287e-10,0.038
NGC205,18a158_220,B,530.0,2.498e-10,0.030
NGC205,18a158_220,B,534.0,1.136e-10,0.024
NGC205,18a158_220,B,538.0,1.127e-10,0.023
NGC205,18a158_220,B,542.0,6.034e-10,0.023
NGC205,18a158_220,B,546.0,1.745e-10,0.027
NGC205,18a158_220,B,550.0,3.422e-10,0.029
NGC205,18a158_220,B,554.0,3.286e-10,0.027
NGC205,18a158_220,B,558.0,4.724e-10,0.027
NGC205,18a158_220,B,562.0,8.816e-11,0.028
NGC205,18a158_220,B,566.0,2.669e-11,0.023
NGC205,18a158_220,B,570.0,1.202e-10,0.028
NGC205,18a158_220,B,574.0,7.469e-10,0.033
NGC205,18a158_220,B,578.0,4.494e-10,0.027
NGC205,18a158_220,B,582.0,1.308e-10,0.027
NGC205,18a158_220,B,586.0,1.684e-10,0.023
NGC205,18a158_220,B,590.0,6.188e-10,0.028
NGC205,18a158_220,B,594.0,2.297e-10,0.027
NGC205,18a158_220,B,598.0,4.901e-10,0.021
NGC205,18a158_220,B,602.0,1.906e-10,0.023
NGC205,18a158_220,B,606.0,4.284e-10,0.022
NGC205,18a158_220,B,610.0,3.813e-10,0.025
NGC205,18a158_220,B,614.0,3.680e-10,0.019
NGC205,18a158_220,B,618.0,2.611e-10,0.011
NGC205,18a158_220,B,622.0,6.413e-11,0.010
NGC205,18a158_220,B,626.0,7.497e-11,0.011
NGC205,18a158_220,B,630.0,5.334e-11,0.013
NGC205,18a158_220,B,634.0,2.905e-10,0.016
NGC205,18a158_220,B,638.0,7.067e-11,0.012
NGC205,18a158_220,B,642.0,2.992e-11,0.008
NGC205,18a158_220,B,646.0,4.516e-11,0.007
NGC205,18a158_220,B,650.0,2.816e-10,0.012
NGC205,18a158_220,B,654.0,2.121e-10,0.016
NGC205,18a158_220,B,658.0,7.801e-11,0.013
NGC205,18a158_220,B,662.0,6.211e-11,0.009
NGC205,18a158_220,B,666.0,4.455e-11,0.006
NGC205,18a158_220,B,670.0,1.715e-11,0.005
NGC205,18a158_220,B,674.0,3.840e-11,0.008
NGC205,18a158_220,B,678.0,2.398e-11,0.006
NGC205,18a158_220,B,682.0,2.522e-11,0.005
NGC205,18a158_220,B,686.0,1.130e-11,0.004
NGC205,18a158_220,B,690.0,1.735e-11,0.005
NGC205,18a158_220,B,694.0,6.005e-11,0.006
NGC205,18a158_220,B,698.0,1.685e-11,0.007
NGC205,18a158_220,B,702.0,2.360e-12,0.003
NGC205,18a158_220,B,706.0,8.441e-14,0.001
NGC205,18a158_220,B,714.0,3.008e-12,0.002
NGC205,18a158_220,B,718.0,3.366e-12,0.003
NGC205,18a158_220,B,722.0,3.938e-13,0.001
NGC205,18a158_220,B,726.0,5.174e-12,0.003
NGC205,18a158_220,B,730.0,4.388e-12,0.004
NGC205,18a158_220,B,734.0,6.014e-12,0.005
NGC205,18a158_220,B,738.0,3.742e-12,0.003
NGC205,18a158_220,B,742.0,1.370e-13,0.001
NGC205,18a158_220,B,746.0,2.559e-12,0.002
NGC205,18a158_220,B,750.0,5.174e-12,0.001
NGC205,18a158_220,B,754.0,9.974e-12,0.004
NGC205,18a158_220,B,758.0,9.869e-12,0.005
NGC205,18a158_220,B,762.0,3.790e-11,0.003
NGC205,18a158_220,B,766.0,4.082e-13,0.002
NGC205,18a158_220,B,770.0,1.290e-17,0.000
NGC205,18a158_220,B,774.0,1.079e-12,0.002
NGC205,18a158_220,B,778.0,3.970e-12,0.002
NGC205,18a158_220,B,782.0,6.863e-12,0.003
NGC205,18a158_220,B,786.0,3.262e-12,0.002
NGC205,18a158_220,B,790.0,1.590e-11,0.002
NGC205,18a158_220,B,794.0,4.352e-11,0.003
NGC205,18a158_220,B,798.0,5.618e-12,0.003
SINT6,18a66_212,A,2.0,4.125e-8,1.000
SINT6,18a66_212,A,10.0,1.793e-8,1.000
SINT6,18a66_212,A,14.0,1.091e-8,1.000
SINT6,18a66_212,A,18.0,7.901e-9,1.000
SINT6,18a66_212,A,22.0,6.634e-9,1.000
SINT6,18a66_212,A,26.0,5.159e-9,1.000
SINT6,18a66_212,A,30.0,3.775e-9,1.000
SINT6,18a66_212,A,34.0,2.608e-9,1.000
SINT6,18a66_212,A,38.0,1.730e-9,1.000
SINT6,18a66_212,A,42.0,1.254e-9,1.000
SINT6,18a66_212,A,46.0,8.894e-10,1.000
SINT6,18a66_212,A,50.0,6.272e-10,1.000
SINT6,18a66_212,A,54.0,4.482e-10,1.000
SINT6,18a66_212,A,58.0,3.319e-10,1.000
SINT6,18a66_212,A,62.0,2.219e-10,1.000
SINT6,18a66_212,A,66.0,1.423e-10,1.000
SINT6,18a66_212,A,70.0,9.480e-11,1.000
SINT6,18a66_212,A,74.0,6.226e-11,1.000
SINT6,18a66_212,A,78.0,3.542e-11,1.000
SINT6,18a66_212,A,82.0,1.871e-11,1.000
SINT6,18a66_212,A,86.0,7.951e-12,1.000
SINT6,18a66_212,A,90.0,2.415e-12,0.861
SINT6,18a66_212,A,94.0,3.753e-13,0.417
SINT6,18a66_212,A,98.0,2.931e-15,0.042
SINT6,18a66_212,B,2.0,4.125e-8,1.000
SINT6,18a66_212,B,10.0,1.793e-8,1.000
SINT6,18a66_212,B,14.0,1.091e-8,1.000
SINT6,18a66_212,B,18.0,7.901e-9,1.000
SINT6,18a66_212,B,22.0,6.634e-9,1.000
SINT6,18a66_212,B,26.0,5.197e-9,1.000
SINT6,18a66_212,B,30.0,3.973e-9,1.000
SINT6,18a66_212,B,34.0,2.883e-9,1.000
SINT6,18a66_212,B,38.0,1.940e-9,1.000
SINT6,18a66_212,B,42.0,1.411e-9,1.000
SINT6,18a66_212,B,46.0,1.008e-9,1.000
SINT6,18a66_212,B,50.0,7.170e-10,1.000
SINT6,18a66_212,B,54.0,5.180e-10,1.000
SINT6,18a66_212,B,58.0,3.883e-10,1.000
SINT6,18a66_212,B,62.0,2.648e-10,1.000
SINT6,18a66_212,B,66.0,1.745e-10,1.000
SINT6,18a66_212,B,70.0,1.200e-10,1.000
SINT6,18a66_212,B,74.0,8.199e-11,1.000
SINT6,18a66_212,B,78.0,4.988e-11,1.000
SINT6,18a66_212,B,82.0,2.907e-11,1.000
SINT6,18a66_212,B,86.0,1.470e-11,1.000
SINT6,18a66_212,B,90.0,6.160e-12,1.000
SINT6,18a66_212,B,94.0,1.811e-12,0.774
SINT6,18a66_212,B,98.0,1.791e-13,0.333
SINT6,18a158_212,A,2.0,4.653e-8,1.000
SINT6,18a158_212,A,6.0,2.471e-8,1.000
SINT6,18a158_212,A,10.0,1.611e-8,1.000
SINT6,18a158_212,A,14.0,1.126e-8,1.000
SINT6,18a158_212,A,18.0,8.237e-9,1.000
SINT6,18a158_212,A,22.0,6.296e-9,1.000
SINT6,18a158_212,A,26.0,5.003e-9,1.000
SINT6,18a158_212,A,30.0,4.105e-9,1.000
SINT6,18a158_212,A,34.0,3.322e-9,1.000
SINT6,18a158_212,A,38.0,2.390e-9,1.000
SINT6,18a158_212,A,42.0,1.668e-9,1.000
SINT6,18a158_212,A,46.0,1.194e-9,1.000
SINT6,18a158_212,A,50.0,8.743e-10,1.000
SINT6,18a158_212,A,54.0,6.407e-10,1.000
SINT6,18a158_212,A,58.0,4.609e-10,1.000
SINT6,18a158_212,A,62.0,3.310e-10,1.000
SINT6,18a158_212,A,66.0,2.386e-10,1.000
SINT6,18a158_212,A,70.0,1.713e-10,1.000
SINT6,18a158_212,A,74.0,1.177e-10,1.000
SINT6,18a158_212,A,78.0,7.769e-11,1.000
SINT6,18a158_212,A,82.0,4.953e-11,1.000
SINT6,18a158_212,A,86.0,2.947e-11,1.000
SINT6,18a158_212,A,90.0,1.589e-11,1.000
SINT6,18a158_212,A,94.0,7.193e-12,1.000
SINT6,18a158_212,A,98.0,2.109e-12,1.000
SINT6,18a158_212,A,102.0,1.527e-13,0.543
SINT6,18a158_212,B,2.0,4.653e-8,1.000
SINT6,18a158_212,B,6.0,2.471e-8,1.000
SINT6,18a158_212,B,10.0,1.611e-8,1.000
SINT6,18a158_212,B,14.0,1.126e-8,1.000
SINT6,18a158_212,B,18.0,8.237e-9,1.000
SINT6,18a158_212,B,22.0,5.978e-9,1.000
SINT6,18a158_212,B,26.0,3.765e-9,1.000
SINT6,18a158_212,B,30.0,2.451e-9,1.000
SINT6,18a158_212,B,34.0,1.622e-9,1.000
SINT6,18a158_212,B,38.0,1.082e-9,1.000
SINT6,18a158_212,B,42.0,7.242e-10,1.000
SINT6,18a158_212,B,46.0,4.887e-10,1.000
SINT6,18a158_212,B,50.0,3.316e-10,1.000
SINT6,18a158_212,B,54.0,2.200e-10,1.000
SINT6,18a158_212,B,58.0,1.378e-10,1.000
SINT6,18a158_212,B,62.0,8.231e-11,1.000
SINT6,18a158_212,B,66.0,4.631e-11,1.000
SINT6,18a158_212,B,70.0,2.343e-11,1.000
SINT6,18a158_212,B,74.0,8.702e-12,1.000
SINT6,18a158_212,B,78.0,1.515e-12,0.897
SINT6,18a158_212,B,82.0,2.293e-14,0.145
SINT6,12a152_212,A,2.0,4.536e-8,1.000
SINT6,12a152_212,A,6.0,2.638e-8,1.000
SINT6,12a152_212,A,10.0,1.641e-8,1.000
SINT6,12a152_212,A,14.0,1.114e-8,1.000
SINT6,12a152_212,A,18.0,8.249e-9,1.000
SINT6,12a152_212,A,22.0,6.400e-9,1.000
SINT6,12a152_212,A,26.0,5.048e-9,1.000
SINT6,12a152_212,A,30.0,3.658e-9,1.000
SINT6,12a152_212,A,34.0,2.443e-9,1.000
SINT6,12a152_212,A,38.0,1.688e-9,1.000
SINT6,12a152_212,A,42.0,1.177e-9,1.000
SINT6,12a152_212,A,46.0,8.225e-10,1.000
SINT6,12a152_212,A,50.0,5.882e-10,1.000
SINT6,12a152_212,A,54.0,4.203e-10,1.000
SINT6,12a152_212,A,58.0,2.926e-10,1.000
SINT6,12a152_212,A,62.0,1.999e-10,1.000
SINT6,12a152_212,A,66.0,1.346e-10,1.000
SINT6,12a152_212,A,70.0,8.782e-11,1.000
SINT6,12a152_212,A,74.0,5.319e-11,1.000
SINT6,12a152_212,A,78.0,2.986e-11,1.000
SINT6,12a152_212,A,82.0,1.527e-11,1.000
SINT6,12a152_212,A,86.0,5.958e-12,1.000
SINT6,12a152_212,A,90.0,1.089e-12,0.894
SINT6,12a152_212,A,94.0,1.571e-14,0.152
SINT6,12a152_212,B,2.0,4.536e-8,1.000
SINT6,12a152_212,B,6.0,2.638e-8,1.000
SINT6,12a152_212,B,10.0,1.641e-8,1.000
SINT6,12a152_212,B,14.0,1.114e-8,1.000
SINT6,12a152_212,B,18.0,7.597e-9,1.000
SINT6,12a152_212,B,22.0,4.459e-9,1.000
SINT6,12a152_212,B,26.0,2.650e-9,1.000
SINT6,12a152_212,B,30.0,1.624e-9,1.000
SINT6,12a152_212,B,34.0,1.044e-9,1.000
SINT6,12a152_212,B,38.0,6.849e-10,1.000
SINT6,12a152_212,B,42.0,4.419e-10,1.000
SINT6,12a152_212,B,46.0,2.770e-10,1.000
SINT6,12a152_212,B,50.0,1.724e-10,1.000
SINT6,12a152_212,B,54.0,1.021e-10,1.000
SINT6,12a152_212,B,58.0,5.360e-11,1.000
SINT6,12a152_212,B,62.0,2.352e-11,1.000
SINT6,12a152_212,B,66.0,7.294e-12,1.000
SINT6,12a152_212,B,70.0,8.447e-13,0.674
SINT6,12a152_212,B,74.0,2.172e-16,0.011
SINT6,18a158_220,A,2.0,4.653e-8,1.000
SINT6,18a158_220,A,6.0,2.471e-8,1.000
SINT6,18a158_220,A,10.0,1.611e-8,1.000
SINT6,18a158_220,A,14.0,1.126e-8,1.000
SINT6,18a158_220,A,18.0,8.237e-9,1.000
SINT6,18a158_220,A,22.0,6.296e-9,1.000
SINT6,18a158_220,A,26.0,5.003e-9,1.000
SINT6,18a158_220,A,30.0,4.105e-9,1.000
SINT6,18a158_220,A,34.0,3.392e-9,1.000
SINT6,18a158_220,A,38.0,2.824e-9,1.000
SINT6,18a158_220,A,42.0,2.371e-9,1.000
SINT6,18a158_220,A,46.0,1.941e-9,1.000
SINT6,18a158_220,A,50.0,1.449e-9,1.000
SINT6,18a158_220,A,54.0,1.072e-9,1.000
SINT6,18a158_220,A,58.0,7.899e-10,1.000
SINT6,18a158_220,A,62.0,5.882e-10,1.000
SINT6,18a158_220,A,66.0,4.445e-10,1.000
SINT6,18a158_220,A,70.0,3.388e-10,1.000
SINT6,18a158_220,A,74.0,2.524e-10,1.000
SINT6,18a158_220,A,78.0,1.855e-10,1.000
SINT6,18a158_220,A,82.0,1.358e-10,1.000
SINT6,18a158_220,A,86.0,9.769e-11,1.000
SINT6,18a158_220,A,90.0,6.896e-11,1.000
SINT6,18a158_220,A,94.0,4.744e-11,1.000
SINT6,18a158_220,A,98.0,3.086e-11,1.000
SINT6,18a158_220,A,102.0,1.833e-11,1.000
SINT6,18a158_220,A,106.0,9.811e-12,1.000
SINT6,18a158_220,A,110.0,4.370e-12,1.000
SINT6,18a158_220,A,114.0,1.247e-12,1.000
SINT6,18a158_220,A,118.0,8.553e-14,0.473
SINT6,18a158_220,B,2.0,4.653e-8,1.000
SINT6,18a158_220,B,6.0,2.471e-8,1.000
SINT6,18a158_220,B,10.0,1.611e-8,1.000
SINT6,18a158_220,B,14.0,1.126e-8,1.000
SINT6,18a158_220,B,18.0,8.237e-9,1.000
SINT6,18a158_220,B,22.0,6.296e-9,1.000
SINT6,18a158_220,B,26.0,5.003e-9,1.000
SINT6,18a158_220,B,30.0,3.966e-9,1.000
SINT6,18a158_220,B,34.0,2.694e-9,1.000
SINT6,18a158_220,B,38.0,1.784e-9,1.000
SINT6,18a158_220,B,42.0,1.214e-9,1.000
SINT6,18a158_220,B,46.0,8.495e-10,1.000
SINT6,18a158_220,B,50.0,6.090e-10,1.000
SINT6,18a158_220,B,54.0,4.367e-10,1.000
SINT6,18a158_220,B,58.0,3.062e-10,1.000
SINT6,18a158_220,B,62.0,2.134e-10,1.000
SINT6,18a158_220,B,66.0,1.483e-10,1.000
SINT6,18a158_220,B,70.0,1.018e-10,1.000
SINT6,18a158_220,B,74.0,6.553e-11,1.000
SINT6,18a158_220,B,78.0,3.934e-11,1.000
SINT6,18a158_220,B,82.0,2.179e-11,1.000
SINT6,18a158_220,B,86.0,1.025e-11,1.000
SINT6,18a158_220,B,90.0,3.505e-12,1.000
SINT6,18a158_220,B,94.0,5.000e-13,0.774
SINT6,18a158_220,B,98.0,1.724e-15,0.061
